GNDVI,NDVI,NDWI,SAVI,crop_type,date_of_image,field_id,gee_gndvi,gee_ndvi,gee_ndwi,gee_rainfall,gee_savi,gee_temp,rainfall,soil_moisture,temperature,yield
0.084800905,0.060189961,-0.084800905,0.09027955681085587,Rice,01-01-2023,Field_1,0.2952136856522589,0.33055075977730375,-0.2952136856522589,1.2611951306462288,0.1761346600034879,19.472947420392757,1.662354196,46.11935326,9.884228735,40.21803063
0.222008568,0.21395714,-0.222008568,0.320895526,Rice,16-01-2023,Field_1,0.4261335943574686,0.41055559901458993,-0.4261335943574686,2.446377247571945,0.1975917295945572,19.4976366860526,8.446302193,37.54252546,13.96707263,30.8703379
0.431204267,0.403306358,-0.431204267,0.604837027,Rice,31-01-2023,Field_1,0.4067322709072505,0.3998118052458195,-0.4067322709072505,3.722453325986862,0.20109151052340524,21.55949218386695,3.862833237,24.92627906,13.59014742,45.33005008
0.444132119,0.418186528,-0.444132119,0.627143696,Rice,15-02-2023,Field_1,0.4261335943574686,0.41055559901458993,-0.4261335943574686,2.314043842256069,0.1975917295945572,19.230341756911514,16.62354196,24.1141571,12.34335542,49.71178105
0.387985002,0.375137647,-0.387985002,0.562590743,Rice,03-02-2023,Field_1,0.4261335943574686,0.41055559901458993,-0.4261335943574686,1.3255436941981316,0.1975917295945572,18.86350352877662,9.496210107,27.42092711,11.00770651,34.54264576
0.414487963,0.450441814,-0.414487963,0.675558913,Rice,17-03-2023,Field_1,0.22202195064115438,0.2139642364229526,-0.22202195064115438,2.578710652887821,0.14282708010959494,19.776502636500766,11.03814476,25.29849811,29.05703078,48.32423291
0.467237584,0.511422904,-0.467237584,0.767016104,Rice,04-01-2023,Field_1,0.4261335943574686,0.41055559901458993,-0.4261335943574686,1.366558998823166,0.1975917295945572,18.522250338963147,17.52762933,21.98207972,14.59747283,53.44668506
0.470818651,0.478374933,-0.470818651,0.717455656,Rice,16-04-2023,Field_1,0.4261335943574686,0.41055559901458993,-0.4261335943574686,2.446377247571945,0.1975917295945572,19.4976366860526,16.57368075,22.13672953,26.89658942,51.58966574
0.455278622,0.499145315,-0.455278622,0.748619438,Rice,05-01-2023,Field_1,0.4261335943574686,0.41055559901458993,-0.4261335943574686,1.4186059534549713,0.1975917295945572,18.320315887814502,16.86155872,22.71814608,11.23455428,52.78942541
0.467180972,0.495261375,-0.467180972,0.742791982,Rice,31-05-2023,Field_1,0.4067322709072505,0.3998118052458195,-0.4067322709072505,3.722453325986862,0.20109151052340524,21.55949218386695,10.38336348,22.15002624,28.76547304,38.43404016
0.368312131,0.440812789,-0.368312131,0.661123118,Rice,13-10-2023,Field_1,0.4261335943574686,0.41055559901458993,-0.4261335943574686,2.105164386332035,0.1975917295945572,18.871031652178146,16.87002572,27.75477796,13.70434524,51.90264653
0.534746658,0.597514171,-0.534746658,0.896115678,Rice,28-10-2023,Field_1,0.4067322709072505,0.3998118052458195,-0.4067322709072505,4.154415637254715,0.20109151052340524,21.61220548720587,17.38086801,17.65553208,29.52973786,55.62711785
0.504987883,0.529307362,-0.504987883,0.793833125,Rice,11-12-2023,Field_1,0.4261335943574686,0.41055559901458993,-0.4261335943574686,1.8667915984988213,0.1975917295945572,18.624678729829384,10.59880157,19.87173275,12.30010937,39.26865558
0.408978993,0.422288701,-0.408978993,0.633314128,Rice,27-11-2023,Field_1,0.4067322709072505,0.3998118052458195,-0.4067322709072505,4.355520397424698,0.20109151052340524,21.534808958144424,16.87002572,25.86733441,27.22968767,50.55682916
0.482503444,0.501731263,-0.482503444,0.752461793,Rice,12-12-2023,Field_1,0.4261335943574686,0.41055559901458993,-0.4261335943574686,1.9859779924154282,0.1975917295945572,18.74009720938551,10.40500137,21.30151768,8.42731778,38.45490555
0.430894417,0.445926395,-0.430894417,0.668751365,Rice,27-12-2023,Field_1,0.4067322709072505,0.3998118052458195,-0.4067322709072505,4.355520397424698,0.20109151052340524,21.534808958144424,16.74302073,24.50682826,14.34964174,51.04716572
0.306950665,0.279167432,-0.306950665,0.418697274,Rice,16-01-2023,Field_2,0.30694548062869453,0.279160740686388,-0.30694548062869453,3.6688887625932693,0.18446135717555032,15.138151241484195,15.38547851,32.53902625,10.48604637,45.79952126
0.389930306,0.352304075,-0.389930306,0.528385528,Rice,31-01-2023,Field_2,0.3906955091342642,0.3533323388957081,-0.3906955091342642,1.8129878044128418,0.2306675741867132,18.17994651794436,15.79471681,27.55478778,7.15824618,47.55221364
0.355413734,0.2974380850791931,-0.355413734,0.446096683,Rice,15-02-2023,Field_2,0.30694548062869453,0.279160740686388,-0.30694548062869453,3.7514829635620117,0.18446135717555032,14.72069820222407,15.70346137,29.87769423,5.360588605,45.92471357
0.359751296,0.304836525,-0.359751296,0.457197543,Rice,03-02-2023,Field_2,0.27905822500820165,0.23974321184203815,-0.27905822500820165,3.9039225578308105,0.16585227992991444,14.183513759431435,15.43910284,29.58064007,10.31998996,45.99774242
0.332646295,0.295018731,-0.332646295,0.442473412,Rice,17-03-2023,Field_2,0.30694548062869453,0.279160740686388,-0.30694548062869453,3.7221549600362778,0.18446135717555032,15.622914931887692,15.61220594,31.06500775,24.80185578,46.13336743
0.3580953776836395,0.324332121,-0.3580953776836395,0.486441933,Rice,04-01-2023,Field_2,0.27905822500820165,0.23974321184203815,-0.27905822500820165,3.9760441184043884,0.16585227992991444,14.060638545808331,15.23119097,29.46609228,10.67081945,46.65500206
0.309416917,0.252393581,-0.309416917,0.378549041,Rice,16-04-2023,Field_2,0.30694548062869453,0.279160740686388,-0.30694548062869453,3.6688887625932693,0.18446135717555032,15.138151241484195,8.583655738,32.68652662,24.46960053,30.98509753
0.374978269,0.344011696,-0.374978269,0.515963778,Rice,05-01-2023,Field_2,0.27905822500820165,0.23974321184203815,-0.27905822500820165,4.017404794692993,0.16585227992991444,14.009862018766853,5.360551336,28.40299316,8.004618748,43.92163656
0.323778439,0.270803683,-0.323778439,0.40616568,Rice,16-05-2023,Field_2,0.30694548062869453,0.279160740686388,-0.30694548062869453,3.6688887625932693,0.18446135717555032,15.138151241484195,8.714423838,31.76514447,11.70462216,31.46500139
0.322623657,0.273582639,-0.322623657,0.410334609,Rice,31-05-2023,Field_2,0.3906955091342642,0.3533323388957081,-0.3906955091342642,1.8129878044128418,0.2306675741867132,18.17994651794436,8.741706391,31.79573154,26.50252718,31.59019371
0.278929406,0.217566921,-0.278929406,0.326318825,Rice,15-06-2023,Field_2,0.30694548062869453,0.279160740686388,-0.30694548062869453,3.7514829635620117,0.18446135717555032,14.72069820222407,8.344698202,34.59903245,26.13669465,30.11918403
0.463494309,0.49578519,-0.463494309,0.743597596,Rice,29-08-2023,Field_2,0.3906955091342642,0.3533323388957081,-0.3906955091342642,2.398654028773308,0.2306675741867132,18.28402235848563,17.43072923,22.33293371,29.83822159,52.85202157
0.463745393,0.503070062,-0.463745393,0.754498653,Rice,28-09-2023,Field_2,0.27937517918883825,0.2792860093622976,-0.27937517918883825,2.398654028773308,0.17724352266231372,18.30880263192313,16.67528474,22.24571278,24.13354742,52.70596387
0.430412376,0.452847953,-0.430412376,0.679185892,Rice,13-10-2023,Field_2,0.30835560603875317,0.27808930648385943,-0.30835560603875317,2.921166718006134,0.18345796386972343,13.927980359395406,10.09078161,24.46075439,26.78854948,37.20298242
0.476415369,0.455247558,-0.476415369,0.682780213,Rice,28-10-2023,Field_2,0.27937517918883825,0.2792860093622976,-0.27937517918883825,2.398654028773308,0.17724352266231372,18.30880263192313,16.86155872,22.08713363,18.24981266,50.76548302
0.257977873,0.247056058,-0.257977873,0.370542166,Rice,11-12-2023,Field_2,0.30835560603875317,0.27808930648385943,-0.30835560603875317,3.519989252090454,0.18345796386972343,13.751190076555588,14.82289345,35.36774049,13.18674182,45.0170693
0.382477812,0.337730048,-0.382477812,0.506526803,Rice,27-11-2023,Field_2,0.27937517918883825,0.2792860093622976,-0.27937517918883825,3.8439645022153854,0.17724352266231372,18.24972246260876,15.44004362,28.0841874,10.67075885,46.90538669
0.372626558,0.360501065,-0.372626558,0.540676456,Rice,12-12-2023,Field_2,0.30835560603875317,0.27808930648385943,-0.30835560603875317,3.220577985048294,0.18345796386972343,13.768841861543251,9.401191559,28.35467794,7.3110801,34.16706882
0.202356223,0.215816487,-0.202356223,0.323684648,Rice,27-12-2023,Field_2,0.27937517918883825,0.2792860093622976,-0.27937517918883825,3.8439645022153854,0.17724352266231372,18.24972246260876,14.9216751,38.52707084,14.29143827,44.7353866
0.562519363,0.571595188,-0.562519363,0.857198033,Rice,31-01-2023,Field_3,0.5625507187227655,0.5716428315261602,-0.5625507187227655,0.0,0.27608651830636144,13.293925312587191,10.84152222,16.50204369,2.422129317,40.13456908
0.575482841,0.580707805,-0.575482841,0.870934313,Rice,15-02-2023,Field_3,0.27087596561044736,0.2873833079210046,-0.27087596561044736,3.084790676832199,0.21521290482881247,11.393177740914496,10.89232421,15.7470058,2.147650438,40.31192486
0.563190616,0.552035182,-0.563190616,0.827936744,Rice,03-02-2023,Field_3,0.11775691074967184,0.15939005883222304,-0.11775691074967184,10.208589345216751,0.10870348680135206,10.8074674424671,10.66465601,16.66753044,4.327139258,39.27908828
0.505945179,0.494979622,-0.505945179,0.742362936,Rice,17-03-2023,Field_3,0.27087596561044736,0.2873833079210046,-0.27087596561044736,0.3911914527416229,0.21521290482881247,11.425503985087062,9.458578999,20.17343393,14.52483839,47.72956942
0.509222173,0.493499523,-0.509222173,0.740142427,Rice,04-01-2023,Field_3,0.11775691074967184,0.15939005883222304,-0.11775691074967184,10.599780797958374,0.10870348680135206,10.85605451493035,16.97445205,20.02121235,-4.031876022,51.78788691
0.487439739,0.43457814,-0.487439739,0.651782045,Rice,16-04-2023,Field_3,0.27087596561044736,0.2873833079210046,-0.27087596561044736,3.084790676832199,0.21521290482881247,11.338253548031787,9.79349586,21.73527529,19.51012847,35.43985734
0.477072122,0.459964401,-0.477072122,0.689855956,Rice,05-01-2023,Field_3,0.11775691074967184,0.15939005883222304,-0.11775691074967184,10.599780797958374,0.10870348680135206,10.860942050388928,16.55392441,22.00542446,-2.719074593,50.76548302
0.43761347,0.388666075,-0.43761347,0.58292577,Rice,16-05-2023,Field_3,0.27087596561044736,0.2873833079210046,-0.27087596561044736,3.084790676832199,0.21521290482881247,11.338253548031787,16.38740676,24.7485165,10.02258994,48.54331946
0.47354799,0.469629868,-0.47354799,0.704355897,Rice,31-05-2023,Field_3,0.5625507187227655,0.5716428315261602,-0.5625507187227655,0.0,0.27608651830636144,13.293925312587191,16.3563611,22.08666981,3.652494779,51.08889649
0.407328473,0.36846311,-0.407328473,0.552631019,Rice,15-06-2023,Field_3,0.27087596561044736,0.2873833079210046,-0.27087596561044736,3.084790676832199,0.21521290482881247,11.393177740914496,16.4109262,26.50133112,19.33520352,48.25120406
0.591058351,0.636849077,-0.591058351,0.955152046,Rice,29-08-2023,Field_3,0.5625507187227655,0.5716428315261602,-0.5625507187227655,0.0,0.27608651830636144,12.982281984601741,11.3570684,14.37828846,22.92156592,42.49235765
0.591058351,0.636849077,-0.591058351,0.955152046,Rice,13-09-2023,Field_3,0.27087596561044736,0.2873833079210046,-0.27087596561044736,4.043345957994461,0.21521290482881247,11.078359358651369,17.87101319,14.37828846,20.48778906,56.54519481
0.395855522,0.440759004,-0.395855522,0.660990988,Rice,28-09-2023,Field_3,0.5625507187227655,0.5716428315261602,-0.5625507187227655,0.0,0.27608651830636144,12.829583649408278,10.06443984,26.34884128,9.582822325,37.26557857
0.551182759,0.552620925,-0.551182759,0.828819983,Rice,13-10-2023,Field_3,0.27087596561044736,0.2873833079210046,-0.27087596561044736,4.043345957994461,0.21521290482881247,11.078359358651369,10.69852401,17.274722,8.70154737,39.50860752
0.465852226,0.434841605,-0.465852226,0.652167819,Rice,28-10-2023,Field_3,0.5625507187227655,0.5716428315261602,-0.5625507187227655,0.0,0.27608651830636144,12.829583649408278,9.846179411,22.83493734,3.707944027,35.81543428
0.446519545,0.404213863,-0.446519545,0.606221769,Rice,11-12-2023,Field_3,-0.011717814000947731,0.0025139637043414117,0.011717814000947731,6.086170464754105,0.0029213441450548273,10.64235567365381,9.618511208,24.13494577,1.29060563,34.81389577
0.414411108,0.397641379,-0.414411108,0.596365833,Rice,27-11-2023,Field_3,0.002376828375177049,0.03327328950629582,-0.002376828375177049,0.0,0.03764321846744443,12.657350113278369,5.259888122,25.84166687,0.271629576,45.38221355
0.474404518,0.469473199,-0.474404518,0.704094713,Rice,12-12-2023,Field_3,-0.08536876368978913,-0.04500387381638184,0.08536876368978913,5.064758211374283,-0.05415548471379503,10.721961048671233,10.13593894,22.0445318,1.663050003,37.18211703
0.467725406,0.464178676,-0.467725406,0.696159946,Rice,27-12-2023,Field_3,0.002376828375177049,0.03327328950629582,-0.002376828375177049,0.0,0.03764321846744443,12.657350113278369,10.1039525,22.43966876,-0.664619247,37.06735741
0.27781772,0.285574164,-0.27781772,0.428297001,Wheat,16-01-2023,Field_4,0.27783246642140996,0.2855939821703828,-0.27783246642140996,5.005673497915268,0.1726409137121752,13.930277125040732,13.93009541,33.96125062,9.828339601,45.69519433
0.354951102,0.361356433,-0.354951102,0.541946139,Wheat,31-01-2023,Field_4,0.3549713143248614,0.36138418706553554,-0.3549713143248614,2.5644326210021973,0.20971138475004145,16.958249391828303,6.628719676,29.24852825,5.982979369,34.4800496
0.387953407,0.368845325,-0.387953407,0.553180797,Wheat,15-02-2023,Field_4,0.27783246642140996,0.2855939821703828,-0.27783246642140996,5.02363121509552,0.1726409137121752,13.54696889604844,6.617430344,27.48680321,5.691287543,34.25053036
0.382637822,0.348017549,-0.382637822,0.521948306,Wheat,03-02-2023,Field_4,0.0913527111969572,0.10113913583304147,-0.0913527111969572,4.337156429886818,0.07830394970009465,13.0744352159046,6.444327247,27.97095166,14.82789047,33.53067456
0.377010291,0.36132531,-0.377010291,0.541908821,Wheat,17-03-2023,Field_4,0.27783246642140996,0.2855939821703828,-0.27783246642140996,4.635731026530266,0.1726409137121752,14.341717247735971,12.58290174,28.12240746,28.98050161,46.3211559
0.367479258,0.363464027,-0.367479258,0.545118851,Wheat,04-01-2023,Field_4,0.0913527111969572,0.10113913583304147,-0.0913527111969572,4.576492100954056,0.07830394970009465,13.028964206150647,6.617430344,28.58726122,11.62770983,34.36528998
0.369898786,0.33876942,-0.369898786,0.508085762,Wheat,16-04-2023,Field_4,0.27783246642140996,0.2855939821703828,-0.27783246642140996,5.005673497915268,0.1726409137121752,13.930277125040732,6.391643696,28.71591248,28.18958034,33.37418417
0.347589415,0.310696603,-0.347589415,0.465985799,Wheat,05-01-2023,Field_4,0.0913527111969572,0.10113913583304147,-0.0913527111969572,4.7029270976781845,0.07830394970009465,12.966311981564502,13.94985174,30.14183059,9.598223578,45.5908674
0.407964077,0.361525528,-0.407964077,0.542220902,Wheat,16-05-2023,Field_4,0.27783246642140996,0.2855939821703828,-0.27783246642140996,5.005673497915268,0.1726409137121752,13.930277125040732,6.505477798,26.53972708,20.727333068847656,33.65586687
0.363415841,0.339417781,-0.363415841,0.509066246,Wheat,31-05-2023,Field_4,0.3549713143248614,0.36138418706553554,-0.3549713143248614,2.5644326210021973,0.20971138475004145,16.958249391828303,6.412340805,29.04033834,15.40347099,33.49937648
0.343466242,0.308113534,-0.343466242,0.462112145,Wheat,15-06-2023,Field_4,0.27783246642140996,0.2855939821703828,-0.27783246642140996,5.02363121509552,0.1726409137121752,13.54696889604844,6.179027936,30.3787584,27.66737007,32.6021649
-0.087387553,-0.054491711,0.087387553,-0.081735954,Wheat,29-08-2023,Field_4,0.3549713143248614,0.36138418706553554,-0.3549713143248614,3.0225865095853806,0.20971138475004145,16.96360522678924,11.62989393,56.083278,31.11896722,44.50586735
0.494842235,0.540294332,-0.494842235,0.81034134,Wheat,28-09-2023,Field_4,0.3549713143248614,0.36138418706553554,-0.3549713143248614,3.0225865095853806,0.20971138475004145,16.885311653500594,7.898769572,20.27760532,13.10162185,39.19562673
0.419774083,0.473218987,-0.419774083,0.709739145,Wheat,13-10-2023,Field_4,0.27783246642140996,0.2855939821703828,-0.27783246642140996,4.547334313392639,0.1726409137121752,12.776746867951942,7.475419607,24.7959453,12.2937533,37.77678052
0.432737849,0.471033862,-0.432737849,0.7064504623413086,Wheat,28-10-2023,Field_4,0.3549713143248614,0.36138418706553554,-0.3549713143248614,3.0225865095853806,0.20971138475004145,16.885311653500594,14.70341468,24.15627516,27.66481088,50.85937725
0.405719765,0.395130616,-0.405719765,0.59261478,Wheat,11-12-2023,Field_4,-0.08566638262712771,-0.035986930736956205,0.08566638262712771,4.797187238931656,-0.04287148883620746,12.73095546904068,13.92821385,26.31112693,6.843965232,47.92779058
0.461276553,0.451315361,-0.461276553,0.676893317,Wheat,27-11-2023,Field_4,0.3549713143248614,0.36138418706553554,-0.3549713143248614,4.344937488436699,0.20971138475004145,16.807688422430203,14.43058914,22.90034679,20.46887335,49.50312719
0.428384689,0.442887424,-0.428384689,0.66422967,Wheat,12-12-2023,Field_4,0.27783246642140996,0.2855939821703828,-0.27783246642140996,4.6722607761621475,0.1726409137121752,12.66695384070988,7.18377852,24.66602259,8.7308595,36.47269392
0.38570617,0.390137609,-0.38570617,0.585112429,Wheat,27-12-2023,Field_4,0.3549713143248614,0.36138418706553554,-0.3549713143248614,4.344937488436699,0.20971138475004145,16.807688422430203,14.79090690612793,27.38410152,5.438815589,48.52245407
0.597563212,0.681930027,-0.597563212,1.022754595,Wheat,16-01-2023,Field_5,0.597547922381721,0.6819098407584117,-0.597547922381721,13.439218163490295,0.4349364145849095,11.72932032630564,8.92233571,13.58571574,0.284146544,43.05572306
0.162288834,0.221669646,-0.162288834,0.332488855,Wheat,31-01-2023,Field_5,0.6562717707173229,0.7288874901306801,-0.6562717707173229,0.0,0.48873922562640265,14.186794081188452,13.56131055,40.51330923,-4.07563896,44.82928083
0.713038811,0.756505157,-0.713038811,1.134633243,Wheat,15-02-2023,Field_5,0.597547922381721,0.6819098407584117,-0.597547922381721,13.439218163490295,0.4349364145849095,11.648949922834163,9.317462344,6.92740058,0.336860282,43.84860771
0.677332916,0.738419022,-0.677332916,1.107502851,Wheat,03-02-2023,Field_5,0.4849132780126045,0.5757036366401096,-0.4849132780126045,17.89306628704071,0.38396211731103913,11.181833839416583,9.240318572,8.935411027,-0.102234748,43.98423272
0.617732385,0.684957023,-0.617732385,1.027327384,Wheat,17-03-2023,Field_5,0.597547922381721,0.6819098407584117,-0.597547922381721,1.378381371498108,0.4349364145849095,11.897387123107933,12.11721678,12.52487532,1.158586148,54.79250243
0.427307098,0.40118289,-0.427307098,0.601705108,Wheat,04-01-2023,Field_5,0.4849132780126045,0.5757036366401096,-0.4849132780126045,19.27144765853882,0.38396211731103913,11.119086974007757,8.771811278,25.14697222,4.379422078,45.3091847
0.384244965,0.251579002,-0.384244965,0.377323216,Wheat,16-04-2023,Field_5,0.597547922381721,0.6819098407584117,-0.597547922381721,13.439218163490295,0.4349364145849095,11.72932032630564,5.577870985,28.87379864,20.22662851,29.77490516
0.324703067,0.224677901,-0.324703067,0.336977743,Wheat,05-01-2023,Field_5,-0.07071365472174858,-0.017674889563189782,0.07071365472174858,19.27144765853882,-0.022082238785667473,11.032183447338298,13.13796058,32.18900573,3.425364608,42.17937687
0.302233119,0.204320853,-0.302233119,0.306447025,Wheat,16-05-2023,Field_5,0.597547922381721,0.6819098407584117,-0.597547922381721,13.439218163490295,0.4349364145849095,11.72932032630564,13.15865769,33.54432348,13.55247049,41.75163646
0.307183824,0.237385391,-0.307183824,0.356039097,Wheat,31-05-2023,Field_5,0.6562717707173229,0.7288874901306801,-0.6562717707173229,0.0,0.48873922562640265,14.186794081188452,12.79833983,32.95383483,3.181951511,42.75317497
0.30606361,0.215685429,-0.30606361,0.323486346,Wheat,15-06-2023,Field_5,0.597547922381721,0.6819098407584117,-0.597547922381721,13.439218163490295,0.4349364145849095,11.648949922834163,12.75412328,33.23265688,22.69539717,41.90812685
0.117409921,0.170041412,-0.117409921,0.255033597,Wheat,30-06-2023,Field_5,0.6562717707173229,0.7288874901306801,-0.6562717707173229,0.0,0.48873922562640265,14.045765359061136,13.38350356,43.33229535,25.48800523,43.44173269
0.137009889,0.09601937979459763,-0.137009889,0.144010435,Wheat,15-07-2023,Field_5,0.597547922381721,0.6819098407584117,-0.597547922381721,13.439218163490295,0.4349364145849095,11.648949922834163,31.47936263,43.087413,23.09288341,51.52706959
0.63531826,0.679668449,-0.63531826,1.019386142,Wheat,14-08-2023,Field_5,0.597547922381721,0.6819098407584117,-0.597547922381721,13.439218163490295,0.4349364145849095,11.402101952689065,15.95935291,11.68087522,25.6153555,56.44086788
0.636246564,0.694155109,-0.636246564,1.041113503,Wheat,29-08-2023,Field_5,0.6562717707173229,0.7288874901306801,-0.6562717707173229,0.0,0.48873922562640265,13.874947302682074,8.941151264,11.48552153,24.43021635,42.92009805
0.247942546,0.381001226,-0.247942546,0.571406896,Wheat,13-09-2023,Field_5,0.597547922381721,0.6819098407584117,-0.597547922381721,13.439218163490295,0.4349364145849095,11.118694877624591,15.00540432,34.51222301,10.61869702,50.44206954
0.508206585,0.577300013,-0.508206585,0.86584424,Wheat,28-09-2023,Field_5,0.6562717707173229,0.7288874901306801,-0.6562717707173229,0.0,0.48873922562640265,13.710204696655296,8.19793688,19.21722882,11.03417784,40.41625179
0.511690534,0.476023792,-0.511690534,0.713940732,Wheat,13-10-2023,Field_5,0.597547922381721,0.6819098407584117,-0.597547922381721,13.439218163490295,0.4349364145849095,11.118694877624591,7.284441733,20.07364447,20.15209097,36.45182854
0.33213754,0.270910992,-0.33213754,0.406312916,Wheat,28-10-2023,Field_5,0.6562717707173229,0.7288874901306801,-0.6562717707173229,0.0,0.48873922562640265,13.710204696655296,5.873275183,31.33719631,11.74745445,31.33980908
0.35905039,0.298126825,-0.35905039,0.447123424,Wheat,11-12-2023,Field_5,0.597547922381721,0.6819098407584117,-0.597547922381721,15.433082461357117,0.4349364145849095,10.71635934738896,6.053904501,29.68495667,0.999856278,31.96577065
0.51397462,0.459149752,-0.51397462,0.688606969,Wheat,27-11-2023,Field_5,0.6562717707173229,0.7288874901306801,-0.6562717707173229,0.0,0.48873922562640265,13.532338487534332,5.677593421,20.12934151,6.496816709,46.19596358
0.628431025,0.685012289,-0.628431025,1.027369921,Wheat,12-12-2023,Field_5,0.597547922381721,0.6819098407584117,-0.597547922381721,14.436150312423706,0.4349364145849095,10.7598377227784,8.878119158,11.97799156,4.650432001,42.69057881
0.1066521480679512,0.102413110435009,-0.1066521480679512,0.153611222,Wheat,27-12-2023,Field_5,0.6562717707173229,0.7288874901306801,-0.6562717707173229,0.0,0.48873922562640265,13.532338487534332,13.17371014,44.57231351,-3.845887962,41.82466531
0.668472678,0.734908925,-0.668472678,1.102235597,Wheat,31-01-2023,Field_6,0.6684260564398709,0.7347767308683787,-0.6684260564398709,0.04039810365065932,0.5134125359729167,14.571466700235987,16.58120697,9.42370171,8.470341122,58.40221412
0.286030856,0.265605956,-0.286030856,0.398381503,Wheat,15-02-2023,Field_6,0.11869478613814081,0.15506575921116825,-0.11869478613814081,0.7381917512975633,0.1447485024322655,11.962083525884736,5.934425734,33.74578476,12.47520171,31.86144372
0.653084563,0.686032556,-0.653084563,1.028925988,Wheat,03-02-2023,Field_6,0.2513891162923169,0.28568456038644613,-0.2513891162923169,1.2905056774616241,0.14466838044214714,11.64214936210999,8.829198717,10.70865431,11.0554771,42.34629995
0.546300492,0.554917003,-0.546300492,0.832280475,Wheat,17-03-2023,Field_6,0.11869478613814081,0.15506575921116825,-0.11869478613814081,0.7497340668924153,0.1447485024322655,12.49235782623299,16.97539282,17.50058232,14.55577761,53.58231006
0.372060929,0.227480445,-0.372060929,0.341175433,Wheat,04-01-2023,Field_6,0.2513891162923169,0.28568456038644613,-0.2513891162923169,1.2905056774616241,0.14466838044214714,11.575961276463147,0.243661424,29.74208431,8.328404701,39.47730944
0.318613507,0.173985529,-0.318613507,0.260953216,Wheat,16-04-2023,Field_6,0.11869478613814081,0.15506575921116825,-0.11869478613814081,0.7439629090949893,0.1447485024322655,12.194722112019917,5.038805363,33.01768012,26.18993827,27.81355892
0.295596825,0.157967618,-0.295596825,0.236925907,Wheat,05-01-2023,Field_6,0.2513891162923169,0.28568456038644613,-0.2513891162923169,1.2905056774616241,0.14466838044214714,11.523208372933595,3.909872122,34.3566014,13.70844953,37.98543437
0.238341573,0.127140041,-0.238341573,0.190691612,Wheat,16-05-2023,Field_6,0.11869478613814081,0.15506575921116825,-0.11869478613814081,0.7439629090949893,0.1447485024322655,12.194722112019917,13.0655207,37.59514297,16.0064954,39.71726137
0.270859973,0.161762248,-0.270859973,0.242620287,Wheat,31-05-2023,Field_6,0.6684260564398709,0.7347767308683787,-0.6684260564398709,0.04039810365065932,0.5134125359729167,14.571466700235987,13.0655207,35.58101908,29.4692398,40.55187679
0.248003755,0.145360145,-0.248003755,0.218019194,Wheat,15-06-2023,Field_6,0.11869478613814081,0.15506575921116825,-0.11869478613814081,0.7381917512975633,0.1447485024322655,11.962083525884736,0.686767721,36.91567009,30.85686925,38.24625169
0.130381322,0.073895019,-0.130381322,0.110821926,Wheat,30-06-2023,Field_6,0.6684260564398709,0.7347767308683787,-0.6684260564398709,0.04616926144808531,0.5134125359729167,14.43196676345093,12.51516575,43.65184992,32.99342308,41.17783836
0.485823919,0.485586486,-0.485823919,0.728291985,Wheat,14-08-2023,Field_6,0.11869478613814081,0.15506575921116825,-0.11869478613814081,0.7324205935001373,0.1447485024322655,11.595583398001565,6.512063241,21.29684428,29.92105643,47.65654057
0.541301291,0.564954122,-0.541301291,0.847332516,Wheat,29-08-2023,Field_6,0.6684260564398709,0.7347767308683787,-0.6684260564398709,0.05194041924551129,0.5134125359729167,14.286934607369517,8.00978134,17.65335555,27.98986495,39.41471328
0.604500114,0.642854146,-0.604500114,0.964153523,Wheat,13-09-2023,Field_6,0.11869478613814081,0.15506575921116825,-0.11869478613814081,0.6563372910022736,0.1447485024322655,11.157484172639442,16.96034038,13.6305643,28.14502278,56.05485825
0.562318058,0.57341012,-0.562318058,0.860014734,Wheat,28-09-2023,Field_6,0.6684260564398709,0.7347767308683787,-0.6684260564398709,0.05771157704293728,0.5134125359729167,14.116105924333795,8.036123116,16.49378752,23.48481218,39.41471328
0.538461337,0.526608222,-0.538461337,0.789817438,Wheat,13-10-2023,Field_6,0.11869478613814081,0.15506575921116825,-0.11869478613814081,0.6563372910022736,0.1447485024322655,11.157484172639442,7.673923701,18.18999784,11.59945622,37.98543437
0.342268786,0.27330322,-0.342268786,0.409906865,Wheat,28-10-2023,Field_6,0.6684260564398709,0.7347767308683787,-0.6684260564398709,0.05771157704293728,0.5134125359729167,14.116105924333795,5.871393628,30.79541909,24.82967037,31.27721292
0.128304464,0.113477656,-0.128304464,0.170198722,Wheat,11-12-2023,Field_6,0.47329318790288355,0.5384639807878224,-0.47329318790288355,0.5162022709846497,0.38747253537912035,10.811638132731161,4.94566837,43.35365088,6.654316716,28.94028974
0.36204393,0.316196223,-0.36204393,0.474231953,Wheat,27-11-2023,Field_6,0.0011872367124196534,0.0018907485671628963,-0.0011872367124196534,0.13379487954080105,0.002316663654349441,13.986254038129516,3.163835406,29.34755299,26.57090094,43.05572306
0.413842014,0.392172325,-0.413842014,0.588175862,Wheat,12-12-2023,Field_6,0.47329318790288355,0.5384639807878224,-0.47329318790288355,0.30028384923934937,0.38747253537912035,10.837445377168251,13.94891096,25.92658203,6.523393427,47.69827134
0.5598772168159485,0.594554525,-0.5598772168159485,0.89171188,Wheat,27-12-2023,Field_6,0.0011872367124196534,0.0018907485671628963,-0.0011872367124196534,0.13379487954080105,0.002316663654349441,13.986254038129516,16.61695652,16.40248324,14.71720516,54.69860819
0.680534545,0.762607218,-0.680534545,1.143760068,Maize,01-01-2023,Field_7,0.5463822542815457,0.631127761195713,-0.5463822542815457,4.06453962624073,0.4109603285110623,15.726592091151645,9.448230444,8.524890844,14.48249821,44.37024235
0.703479054,0.770715253,-0.703479054,1.155932937,Maize,16-01-2023,Field_7,0.7073239464747771,0.7807125920452839,-0.7073239464747771,5.283444285392761,0.5170103714763339,16.34037524632049,9.467045998,7.270437606,14.41205366,43.99466541
0.595254919,0.683767701,-0.595254919,1.025534517,Maize,31-01-2023,Field_7,0.7380432274251396,0.798881168691063,-0.7380432274251396,10.75763676688075,0.5461436704240032,18.604710515340173,8.944914374,13.68481938,10.76787097,43.16004999
0.7415596842765808,0.78682436,-0.7415596842765808,1.180092684,Maize,15-02-2023,Field_7,0.7073239464747771,0.7807125920452839,-0.7073239464747771,5.674897342920303,0.5170103714763339,16.0312857673282,9.521611105,5.161353119,12.33596592,43.87990579
0.667731553,0.668760623,-0.667731553,1.003019137,Maize,03-02-2023,Field_7,0.5463822542815457,0.631127761195713,-0.5463822542815457,4.460623487830162,0.4109603285110623,15.456265340532582,8.6401024,10.13711104,5.979251707,41.44908837
0.575828319,0.552288135,-0.575828319,0.828311108,Maize,17-03-2023,Field_7,0.7073239464747771,0.7807125920452839,-0.7073239464747771,4.891991227865219,0.5170103714763339,16.707166699000766,15.1540472,16.01961073,25.37069921,52.00697346
0.356228754,0.2344665825366974,-0.356228754,0.351653205,Maize,04-01-2023,Field_7,0.68054585685669,0.7626130913455003,-0.68054585685669,4.620720833539963,0.5003066552325625,15.39026907966246,5.491319437,30.47919582,5.986267313,29.55581862
0.305727842,0.188242923,-0.305727842,0.282329509,Maize,16-04-2023,Field_7,0.7073239464747771,0.7807125920452839,-0.7073239464747771,5.283444285392761,0.5170103714763339,16.34037524632049,5.196856016,33.53006951,28.00610409,28.5647128
0.319827656,0.229678587,-0.319827656,0.344472275,Maize,05-01-2023,Field_7,0.7073239464747771,0.7807125920452839,-0.7073239464747771,5.2119650691747665,0.5170103714763339,15.426877457754927,13.23674224,32.38689415,6.819805005,42.50279034
0.285454825,0.19904738664627075,-0.285454825,0.29852457,Maize,16-05-2023,Field_7,0.7073239464747771,0.7807125920452839,-0.7073239464747771,5.283444285392761,0.5170103714763339,16.34037524632049,12.75506406,34.45495368,21.56425448,41.58471338
0.321227035,0.217402694,-0.321227035,0.32605609,Maize,31-05-2023,Field_7,0.7380432274251396,0.798881168691063,-0.7380432274251396,10.75763676688075,0.5461436704240032,18.604710515340173,5.420761109,32.44080792,12.97547015,29.45149169
0.294370098,0.18185479938983917,-0.294370098,0.272742058,Maize,15-06-2023,Field_7,0.7073239464747771,0.7807125920452839,-0.7073239464747771,5.674897342920303,0.5170103714763339,16.0312857673282,5.16675113,34.17528663,34.69150333,28.49168395
0.707907764,0.773158143,-0.707907764,1.159623042,Maize,29-08-2023,Field_7,0.5952522989936526,0.6837619137214858,-0.5952522989936526,10.585019052028656,0.4810797129189454,18.635933630807074,16.21900755,7.019339401,30.22474509,58.08923334
0.707907764,0.773158143,-0.707907764,1.159623042,Maize,13-09-2023,Field_7,0.7073239464747771,0.7807125920452839,-0.7073239464747771,5.968995779752731,0.5170103714763339,15.27547384897872,16.70068574,7.019339401,19.23056862,58.36048335
0.461598503,0.39423399,-0.461598503,0.591264069,Maize,13-10-2023,Field_7,0.7073239464747771,0.7807125920452839,-0.7073239464747771,5.968995779752731,0.5170103714763339,15.27547384897872,6.671054673,23.46687148,11.93705088,34.07317458
0.405149443,0.32414572,-0.405149443,0.486136815,Maize,28-10-2023,Field_7,0.5952522989936526,0.6837619137214858,-0.5952522989936526,10.473851189017296,0.4810797129189454,18.643222972324963,6.178087158,27.06520986,18.25045189,32.25788604
0.475474527,0.371031134,-0.475474527,0.556435399,Maize,11-12-2023,Field_7,0.7073239464747771,0.7807125920452839,-0.7073239464747771,5.6865935027599335,0.5170103714763339,15.021686263311494,13.89622741,22.99526886,8.183966457,45.8829828
0.39820159,0.379447501,-0.39820159,0.569076734,Maize,27-11-2023,Field_7,0.5952522989936526,0.6837619137214858,-0.5952522989936526,10.851491004228592,0.4810797129189454,18.75988917577837,7.871487018,26.85520746,13.19203159,44.93360776
0.574558331,0.669679027,-0.574558331,1.004380151,Maize,12-12-2023,Field_7,0.7073239464747771,0.7807125920452839,-0.7073239464747771,5.827794641256332,0.5170103714763339,15.101454398745602,8.867770603,14.88556346,11.99251511,42.94096344
0.574558331,0.669679027,-0.574558331,1.004380151,Maize,27-12-2023,Field_7,0.5952522989936526,0.6837619137214858,-0.5952522989936526,10.851491004228592,0.4810797129189454,18.75988917577837,8.867770603,14.88556346,11.94041564,42.94096344
0.42268151,0.326479626,-0.42268151,0.489645494,Maize,01-01-2023,Field_8,0.42267529476227894,0.326471303379685,-0.42267529476227894,0.0,0.1964763400146526,24.259097671508812,6.157390048,26.14611053466797,21.4186911,32.07009757
0.458136494,0.320010118,-0.458136494,0.47994592,Maize,16-01-2023,Field_8,0.45143568498273884,0.3263870433724741,-0.45143568498273884,0.0,0.201531647198743,22.71065519423712,12.99119926,24.40169586,23.17752637,43.68168463
0.414264912,0.2788470983505249,-0.414264912,0.418210248,Maize,31-01-2023,Field_8,0.4142603127760959,0.27884213162749827,-0.4142603127760959,0.000722545781172812,0.1724093573199105,24.36445870172406,5.750974082,27.0623633,20.62948484,30.35913596
0.4311988949775696,0.279485097,-0.4311988949775696,0.419172337,Maize,15-02-2023,Field_8,0.45143568498273884,0.3263870433724741,-0.45143568498273884,0.0,0.201531647198743,22.64097466241742,5.717106085,26.19112406,25.0657269,30.11918403
0.431399129,0.27436763048171997,-0.431399129,0.411500597,Maize,03-02-2023,Field_8,0.42267529476227894,0.326471303379685,-0.42267529476227894,0.0,0.1964763400146526,23.885755202883786,5.671007977,26.23316352,17.5463765,29.92096286
0.387156783,0.231650821,-0.387156783,0.347430209,Maize,17-03-2023,Field_8,0.45143568498273884,0.3263870433724741,-0.45143568498273884,0.0,0.201531647198743,22.946314066932302,5.393478556,28.92863251,21.55383881,28.96115513
0.389083678,0.221793112,-0.389083678,0.332648799,Maize,04-01-2023,Field_8,0.42267529476227894,0.326471303379685,-0.42267529476227894,0.0,0.1964763400146526,23.636496525719053,5.300341564,28.93091237,17.76317655,28.55428011
0.392511307,0.213143222,-0.392511307,0.319680212,Maize,16-04-2023,Field_8,0.45143568498273884,0.3263870433724741,-0.45143568498273884,0.0,0.201531647198743,22.71065519423712,5.21567157,28.84422285,23.76538371,28.16827048
0.093085181,0.066829053,-0.093085181,0.100231307,Maize,05-01-2023,Field_8,0.45143568498273884,0.3263870433724741,-0.45143568498273884,0.0,0.201531647198743,23.40989224570143,4.611692287,45.62851775,20.38358033,29.62884747
0.393883743,0.202823854,-0.393883743,0.304203517,Maize,16-05-2023,Field_8,0.45143568498273884,0.3263870433724741,-0.45143568498273884,0.0,0.201531647198743,22.71065519423712,5.119712245,28.87953068,38.09060325,27.75096277
0.37315718,0.187829785,-0.37315718,0.281715014,Maize,31-05-2023,Field_8,0.4142603127760959,0.27884213162749827,-0.4142603127760959,0.000722545781172812,0.1724093573199105,24.36445870172406,10.37019259,30.0910521,30.46293682,28.02221278
0.592059602,0.600550598,-0.592059602,0.900724571,Maize,13-10-2023,Field_8,0.45143568498273884,0.3263870433724741,-0.45143568498273884,0.0,0.201531647198743,22.72201286497568,15.86809747,14.69787199,39.72765406,54.01005047
0.397942506,0.326504803,-0.397942506,0.489708003,Maize,28-10-2023,Field_8,0.4142603127760959,0.27884213162749827,-0.4142603127760959,0.0,0.1724093573199105,23.915805980137463,6.215718266,27.40913453,24.27023032,32.45610721
0.40207886695861816,0.329842604,-0.40207886695861816,0.494685874,Maize,11-12-2023,Field_8,0.45143568498273884,0.3263870433724741,-0.45143568498273884,0.0,0.201531647198743,22.79635027930857,13.27719568,27.16382519,19.07415708,45.10053084
0.449166417,0.338060403,-0.449166417,0.507011967,Maize,27-11-2023,Field_8,0.4142603127760959,0.27884213162749827,-0.4142603127760959,0.0,0.1724093573199105,23.785541380019424,6.198784267,24.67540187,29.39259057,32.10139565
0.418534164,0.317818615,-0.418534164,0.476659077,Maize,12-12-2023,Field_8,0.45143568498273884,0.3263870433724741,-0.45143568498273884,0.0,0.201531647198743,22.774056007748584,6.089654054,26.44634545,15.53484293,31.79884756
0.418179605,0.288806183,-0.418179605,0.433148215,Maize,27-12-2023,Field_8,0.4142603127760959,0.27884213162749827,-0.4142603127760959,0.0,0.1724093573199105,23.785541380019424,5.830940186,26.7607511,20.80115625,30.68254943
0.385259925,0.383495926,-0.385259925,0.575149001,Maize,16-01-2023,Field_9,0.40982188057938357,0.4076238941580589,-0.40982188057938357,2.0822634994983673,0.23942346602504486,14.718153799147842,14.19163161,27.47471941,14.65802682,47.93822328
0.324264212,0.376542965,-0.324264212,0.564732384,Maize,31-01-2023,Field_9,0.4771683964117309,0.524721587965811,-0.4771683964117309,0.054707758128643036,0.32479718394800405,18.307603000459267,6.83569077,30.66043681,12.58819336,35.54418427
0.627633275,0.633705237,-0.627633275,0.950407267,Maize,15-02-2023,Field_9,0.40982188057938357,0.4076238941580589,-0.40982188057938357,2.2839970737695694,0.23942346602504486,14.350929787045516,8.420901195,12.54272064,14.39035038,40.71879988
0.589051664,0.611699534,-0.589051664,0.917413179,Maize,03-02-2023,Field_9,-0.04922399246154795,-0.006974907953572605,0.04922399246154795,2.3153237849473953,-0.008892710048839337,14.591682007199267,14.98282566,14.73760777,8.941489762,53.99961777
0.545733824,0.543902705,-0.545733824,0.815745606,Maize,17-03-2023,Field_9,0.40982188057938357,0.4076238941580589,-0.40982188057938357,1.8805299252271652,0.23942346602504486,15.159007054283563,14.46445714,17.64200652,16.44350385,51.77745421
0.448770759,0.362210366,-0.448770759,0.543229865,Maize,04-01-2023,Field_9,-0.04922399246154795,-0.006974907953572605,0.04922399246154795,2.3813394606113434,-0.008892710048839337,14.422373571850073,6.415163138,24.44896539,8.914717125,33.040338
0.383564838,0.263412022,-0.383564838,0.395067474,Maize,16-04-2023,Field_9,0.40982188057938357,0.4076238941580589,-0.40982188057938357,2.0822634994983673,0.23942346602504486,14.718153799147842,5.686060421,28.78767974,19.76316407,30.24437634
0.388084205,0.321281709,-0.388084205,0.481859569,Maize,05-01-2023,Field_9,0.25571411488610735,0.22413597155699042,-0.25571411488610735,2.3664520978927612,0.15475466689982062,14.324193073454353,13.2555578,27.96588529,13.99049495,44.97533853
0.395098731,0.307265309,-0.395098731,0.460839763,Maize,16-05-2023,Field_9,0.40982188057938357,0.4076238941580589,-0.40982188057938357,2.0822634994983673,0.23942346602504486,14.718153799147842,6.050141391,27.75084067,20.25557495,31.75711679
0.387500077,0.305885982,-0.387500077,0.458772103,Maize,31-05-2023,Field_9,0.4771683964117309,0.524721587965811,-0.4771683964117309,0.054707758128643036,0.32479718394800405,18.307603000459267,6.055786057,28.15294806,21.66282371,31.83014564
0.407479753,0.285185327,-0.407479753,0.427726171,Maize,15-06-2023,Field_9,0.40982188057938357,0.4076238941580589,-0.40982188057938357,2.2839970737695694,0.23942346602504486,14.350929787045516,13.09468481,27.34411163,27.23500446,43.19134807
0.593383751,0.677957346,-0.593383751,1.016812084,Maize,29-08-2023,Field_9,0.3242627957531941,0.37653996480707685,-0.3242627957531941,0.054707758128643036,0.23119620873102478,18.388543610345778,15.70346137,13.83970982,26.90717088,56.88947367
0.584518154,0.682561923,-0.584518154,1.023719757,Maize,28-09-2023,Field_9,0.3242627957531941,0.37653996480707685,-0.3242627957531941,0.7288389131426811,0.23119620873102478,18.380893870762463,16.12587056,14.24539995,24.8127179,57.44240639
0.632071335,0.699194144,-0.632071335,1.048645779,Maize,13-10-2023,Field_9,0.40982188057938357,0.4076238941580589,-0.40982188057938357,1.6128205507993698,0.23942346602504486,13.931287883576886,8.99571637,11.64726395,15.10279495,43.18091537
0.567623835,0.590777535,-0.567623835,0.886045156,Maize,28-10-2023,Field_9,0.3242627957531941,0.37653996480707685,-0.3242627957531941,0.7288389131426811,0.23119620873102478,18.380893870762463,14.83794589,16.04548014,10.87413897,53.44668506
0.487582483,0.465109249,-0.487582483,0.697555671,Maize,11-12-2023,Field_9,0.40982188057938357,0.4076238941580589,-0.40982188057938357,1.9447405487298965,0.23942346602504486,13.895198168073364,7.243988292,21.41617581,10.12380438,36.41009777
0.46147401,0.40752919,-0.46147401,0.611205835,Maize,27-11-2023,Field_9,0.3852563037890578,0.38348982492925965,-0.3852563037890578,1.1293514296412468,0.21881326443974397,18.217263385227795,14.29041327,23.33744642,22.49293702,47.72956942
0.362113607,0.337189696,-0.362113607,0.50571222,Maize,12-12-2023,Field_9,0.40982188057938357,0.4076238941580589,-0.40982188057938357,1.7787805497646332,0.23942346602504486,13.88975541251051,13.23297913,29.12959129,7.031918516,45.98730973
0.369377014,0.368316561,-0.369377014,0.552405914,Maize,27-12-2023,Field_9,0.3852563037890578,0.38348982492925965,-0.3852563037890578,1.1293514296412468,0.21881326443974397,18.217263385227795,13.82755064,28.4407952,5.746996227,47.40615594
0.503379965,0.439753752,-0.503379965,0.659537999,Bajra,01-01-2023,Field_10,0.5031803280449065,0.44055870247537265,-0.5031803280449065,1.420886978507042,0.27743678684318523,12.562227321806404,6.979629759,20.86843979,6.561077004,35.17904002
0.50239175,0.429723908,-0.50239175,0.644498647,Bajra,16-01-2023,Field_10,0.5338094872075557,0.45255234919131293,-0.5338094872075557,0.11185002326965332,0.2833693165526393,13.858110318865101,6.892137432,21.02133591,13.92667068,34.80346308
0.480824532,0.408194911,-0.480824532,0.612199555,Bajra,31-01-2023,Field_10,0.48085353778071427,0.4082364799243065,-0.48085353778071427,0.0,0.2463625319540479,15.346630623227156,13.89340508,22.34252525,14.88110693,47.22880017
0.477070028,0.392601567,-0.477070028,0.588818028,Bajra,15-02-2023,Field_10,0.5338094872075557,0.45255234919131293,-0.5338094872075557,0.16777503490447998,0.2833693165526393,13.668870635259736,6.620252677,22.69349952,12.02035186,33.77062649
0.466429055,0.382015999,-0.466429055,0.57294487,Bajra,03-02-2023,Field_10,0.5338094872075557,0.45255234919131293,-0.5338094872075557,1.4670478701591492,0.2833693165526393,12.899299194699267,6.550635127,23.34498317,13.80872842,33.53067456
0.335257037,0.285649333,-0.335257037,0.42842417,Bajra,17-03-2023,Field_10,0.5024228568321529,0.4297713571708057,-0.5024228568321529,0.05592501163482666,0.27682234467073535,13.903944042750766,4.511969851,31.02738033,29.15834346,42.29413649
0.432258533,0.355368797,-0.432258533,0.53298311,Bajra,04-01-2023,Field_10,0.5338094872075557,0.45255234919131293,-0.5338094872075557,1.4572837501764297,0.2833693165526393,13.119296237400647,6.392584474,25.36202389,5.160529177,33.02990531
0.415726626,0.320659078,-0.415726626,0.48093071579933167,Bajra,16-04-2023,Field_10,0.5338094872075557,0.45255234919131293,-0.5338094872075557,0.11185002326965332,0.2833693165526393,13.858110318865101,6.121640496,26.56070131,12.7636022,31.95533795
0.405389572,0.320632719,-0.405389572,0.480897202,Bajra,05-01-2023,Field_10,0.5338094872075557,0.45255234919131293,-0.5338094872075557,1.3915946185588837,0.2833693165526393,13.296924890790649,6.146100716,27.08882566,5.962621378,32.11182834
0.361198399,0.27558571100234985,-0.361198399,0.413334681,Bajra,16-05-2023,Field_10,0.5338094872075557,0.45255234919131293,-0.5338094872075557,0.11185002326965332,0.2833693165526393,13.858110318865101,5.846933407,29.80547964,18.61739075,31.06855907
0.394072126,0.338486855,-0.394072126,0.50767818,Bajra,31-05-2023,Field_10,0.48085353778071427,0.4082364799243065,-0.48085353778071427,0.0,0.2463625319540479,15.346630623227156,6.331433923,27.48440187,14.8161351,32.97774184
0.38893775,0.327363763,-0.38893775,0.490994802,Bajra,15-06-2023,Field_10,0.5338094872075557,0.45255234919131293,-0.5338094872075557,0.16777503490447998,0.2833693165526393,13.668870635259736,6.244882375,27.86018432,34.58961883,32.63346298
0.499141745,0.502942637,-0.499141745,0.754331429,Bajra,14-08-2023,Field_10,0.5338094872075557,0.45255234919131293,-0.5338094872075557,0.22370004653930664,0.2833693165526393,13.330312983195029,14.33745215,20.43952171,25.50778505,50.84894456
0.471689731,0.450003299,-0.471689731,0.674926047,Bajra,29-08-2023,Field_10,0.48085353778071427,0.4082364799243065,-0.48085353778071427,0.0,0.2463625319540479,15.03342363266728,7.146147411,22.38200434,32.47653256,36.0658189
0.540468636,0.530284591,-0.540468636,0.795312249,Bajra,13-09-2023,Field_10,0.5338094872075557,0.45255234919131293,-0.5338094872075557,0.2796250581741333,0.2833693165526393,13.007157489231702,15.02516065,18.04995011,21.67641781,51.64182921
0.493908472,0.478895431,-0.493908472,0.718252852,Bajra,28-09-2023,Field_10,0.48085353778071427,0.4082364799243065,-0.48085353778071427,0.0,0.2463625319540479,14.967424283708908,7.352177728,20.95234659,22.06702864,36.83783817
0.49497185,0.455768851,-0.49497185,0.683567546,Bajra,13-10-2023,Field_10,0.5338094872075557,0.45255234919131293,-0.5338094872075557,0.2796250581741333,0.2833693165526393,13.007157489231702,7.142384301,21.13423471,12.3835119,35.9301939
0.459241222,0.404769654,-0.459241222,0.607078509,Bajra,28-10-2023,Field_10,0.48085353778071427,0.4082364799243065,-0.48085353778071427,0.0,0.2463625319540479,14.967424283708908,14.18128305,23.47964511,17.57342934,47.59394441
0.483777421,0.440399377,-0.483777421,0.660519224,Bajra,11-12-2023,Field_10,0.5338094872075557,0.45255234919131293,-0.5338094872075557,0.6455859243869781,0.2833693165526393,12.732647014799568,7.031372532,21.86283771,9.443800814,35.51288619
0.005880251061171293,0.055210932,-0.005880251061171293,0.082796429,Bajra,27-11-2023,Field_10,-0.04315082529662024,-0.01977032780867257,0.04315082529662024,0.0,-0.021750764261542467,14.85650492168611,11.96763313,50.20023727416992,11.0786418,42.88879998
0.48470377,0.424612495,-0.48470377,0.636827586,Bajra,12-12-2023,Field_10,0.5338094872075557,0.45255234919131293,-0.5338094872075557,0.4626054912805557,0.2833693165526393,12.805021177019455,6.888374322,21.9767637,7.577559516,34.88692462
0.496051461,0.435597001,-0.496051461,0.653304852,Bajra,27-12-2023,Field_10,-0.04315082529662024,-0.01977032780867257,0.04315082529662024,0.0,-0.021750764261542467,14.85650492168611,6.959873427,21.28511764,14.52522066,35.13730925
0.420595835,0.348853721,-0.420595835,0.523189469,Bajra,01-01-2023,Field_11,0.40482219309192297,0.34513259787828954,-0.40482219309192297,0.14192948583513498,0.1972758775602716,21.205811073666553,6.362479587,26.02410988,9.952262294,32.96730915
0.418297669,0.320017816,-0.418297669,0.479949873,Bajra,16-01-2023,Field_11,0.417792004732062,0.31090931445292314,-0.417792004732062,0.07188625633716583,0.17964208218050098,20.000403613135973,6.109410386,26.43596173,6.819327897,31.8927418
0.421691892,0.307958032,-0.421691892,0.461859286,Bajra,31-01-2023,Field_11,0.3753730126499822,0.276466094007766,-0.3753730126499822,0.0,0.15859946070692862,21.663937868390803,13.06363915,26.38580293,7.639494465,43.82774232
0.4026758074760437,0.281332334,-0.4026758074760437,0.421931826,Bajra,15-02-2023,Field_11,0.4182921935429275,0.32000568935232887,-0.4182921935429275,0.10782938450574875,0.18639286041935238,20.270956293741847,5.8008353,27.62877258,14.5480559,30.64081866
0.335947525,0.238323811,-0.335947525,0.357432757,Bajra,03-02-2023,Field_11,0.40482219309192297,0.34513259787828954,-0.40482219309192297,0.21381574217230082,0.1972758775602716,21.32714401426773,5.573167097,31.47545062,5.945272768,30.02528979
0.393054663,0.269072172,-0.393054663,0.403545476,Bajra,17-03-2023,Field_11,0.417792004732062,0.31090931445292314,-0.417792004732062,0.035943128168582916,0.17964208218050098,19.79480737050386,13.14078292,28.24528139,21.87430552,42.81577113
0.356107502,0.235097281,-0.356107502,0.352595331,Bajra,04-01-2023,Field_11,0.40482219309192297,0.34513259787828954,-0.40482219309192297,0.24975887034088373,0.1972758775602716,21.32626354580833,5.496964103,30.47894621,10.15093566,29.58711669
0.332477618,0.213200007,-0.332477618,0.319757112,Bajra,16-04-2023,Field_11,0.417792004732062,0.31090931445292314,-0.417792004732062,0.07188625633716583,0.17964208218050098,20.000403613135973,5.356788226,31.90922547,10.89918577,29.10721283
0.307059518,0.186362636,-0.307059518,0.279509298,Bajra,05-01-2023,Field_11,0.4205912147425499,0.3488448468634781,-0.4205912147425499,0.24975887034088373,0.19262214022771237,21.300645128885947,5.177099685,33.48127145,13.86017377,28.47081857
0.323380355,0.197557902,-0.323380355,0.296299793,Bajra,16-05-2023,Field_11,0.417792004732062,0.31090931445292314,-0.417792004732062,0.07188625633716583,0.17964208218050098,20.000403613135973,12.58102019,32.53352231,27.37198259,40.84399219
0.334771104,0.205717001,-0.334771104,0.308536633,Bajra,31-05-2023,Field_11,0.3753730126499822,0.276466094007766,-0.3753730126499822,0.0,0.15859946070692862,21.663937868390803,5.284348343,31.86853307,13.42859378,28.78379935
0.294530772,0.177704952,-0.294530772,0.266525543,Bajra,15-06-2023,Field_11,0.4182921935429275,0.32000568935232887,-0.4182921935429275,0.10782938450574875,0.18639286041935238,20.270956293741847,5.129120022,34.20946383,33.99320385,28.33519356
0.473607677,0.517171895,-0.473607677,0.775648226,Bajra,28-09-2023,Field_11,0.417792004732062,0.31090931445292314,-0.417792004732062,0.0,0.17964208218050098,20.848272032964815,3.25226851,21.59808121,27.06479899,49.06495409
0.446087819,0.482573213,-0.446087819,0.723750778,Bajra,13-10-2023,Field_11,0.4182921935429275,0.32000568935232887,-0.4182921935429275,0.17971564084291458,0.18639286041935238,20.692187018621553,7.497057494,23.35671742,12.29878792,37.72461705
0.48534004,0.471378934,-0.48534004,0.706956623,Bajra,28-10-2023,Field_11,0.417792004732062,0.31090931445292314,-0.417792004732062,0.0,0.17964208218050098,20.848272032964815,7.305138843,21.46665321,16.77459935,36.68134778
0.476867678,0.42125248,-0.476867678,0.631783593,Bajra,11-12-2023,Field_11,0.4182921935429275,0.32000568935232887,-0.4182921935429275,0.20773293264210224,0.18639286041935238,20.55003564017153,6.877084989,22.41122419,6.587928567,34.87649193
0.53258958,0.458885941,-0.53258958,0.688214709,Bajra,27-11-2023,Field_11,0.417792004732062,0.31090931445292314,-0.417792004732062,0.0,0.17964208218050098,20.737870016552108,13.71183498,19.18147455,28.36718048,48.28250214
0.452230642,0.423232329,-0.452230642,0.634743576,Bajra,12-12-2023,Field_11,0.4182921935429275,0.32000568935232887,-0.4182921935429275,0.1937242867425084,0.18639286041935238,20.641592280069915,6.952347205,23.64907901,14.31080081,35.3459631
0.423566848,0.3775264024734497,-0.423566848,0.566190708,Bajra,27-12-2023,Field_11,0.417792004732062,0.31090931445292314,-0.417792004732062,0.0,0.17964208218050098,20.737870016552108,6.611785678,25.57956654,12.68602286,34.02101112
0.482152029,0.503528472,-0.482152029,0.755169738,Bajra,16-01-2023,Field_12,0.5290948115606117,0.5459390193983547,-0.5290948115606117,4.778166017805537,0.2856839691804058,13.492649241856213,14.39389881,21.30110779,13.94825115,51.17235803
0.529761134,0.574534762,-0.529761134,0.86164245,Bajra,31-01-2023,Field_12,0.6282465853077518,0.644483058126532,-0.6282465853077518,4.53844977915287,0.3277313320045195,16.016081655593155,8.122674664,18.14480051,12.84425055,39.967646
0.632432267,0.629202597,-0.632432267,0.943628053,Bajra,15-02-2023,Field_12,0.5290948115606117,0.5459390193983547,-0.5290948115606117,5.3251237372557325,0.2856839691804058,13.126518049694312,8.369158422,12.34364801,5.475853826,40.46841525
0.538990294,0.546770345,-0.538990294,0.820025168,Bajra,03-02-2023,Field_12,0.0499539973867268,0.047578270159771244,-0.0499539973867268,5.540219088395436,0.04819217526387214,12.653321702139692,7.852671464,17.95707377,6.794317571,38.75745364
0.570544692,0.554802773,-0.570544692,0.832052557,Bajra,17-03-2023,Field_12,0.5290948115606117,0.5459390193983547,-0.5290948115606117,4.4271616109957295,0.2856839691804058,13.921283839997841,14.61780391,16.26373411,15.51617808,51.89221384
0.414034446,0.391698173,-0.414034446,0.587463863,Bajra,04-01-2023,Field_12,0.036400192330721684,0.022721276139683704,-0.036400192330721684,5.888107051452001,0.025447795032766254,12.596852738516702,3.17042085,25.9215981,5.559848323,34.72000154
0.378680774,0.314092666,-0.378680774,0.471079923,Bajra,16-04-2023,Field_12,0.5290948115606117,0.5459390193983547,-0.5290948115606117,4.778166017805537,0.2856839691804058,13.492649241856213,6.149863827,28.51948637,18.98904676,32.27875143
0.439968985,0.387727659,-0.439968985,0.581509787,Bajra,05-01-2023,Field_12,0.0361909818176384,0.02720908026044473,-0.0361909818176384,5.904604166746139,0.029599442078627122,12.522877039228206,14.18598694,24.63781753,4.575440915,47.24966555
0.449426309,0.380209824,-0.449426309,0.570247136,Bajra,16-05-2023,Field_12,0.5290948115606117,0.5459390193983547,-0.5290948115606117,4.778166017805537,0.2856839691804058,13.492649241856213,6.57415457,24.23166391,11.39380784,33.72889572
0.41597692,0.387034846,-0.41597692,0.580487715,Bajra,31-05-2023,Field_12,0.6282465853077518,0.644483058126532,-0.6282465853077518,4.53844977915287,0.3277313320045195,16.016081655593155,6.714330447,25.87003286,20.70938366,34.51134768
0.404766895,0.376104138,-0.404766895,0.564094625,Bajra,15-06-2023,Field_12,0.5290948115606117,0.5459390193983547,-0.5290948115606117,5.3251237372557325,0.2856839691804058,13.126518049694312,6.642831342,26.55409966,32.06859906,34.26096305
0.664270709,0.725496246,-0.664270709,1.088116732,Bajra,29-08-2023,Field_12,0.6282465853077518,0.644483058126532,-0.6282465853077518,4.742496790364385,0.3277313320045195,16.102945582071982,15.78530903,9.734403103,26.58268642,57.66149294
0.667585989,0.746429419,-0.667585989,1.119502936,Bajra,13-09-2023,Field_12,0.4821683615970534,0.5035466581911445,-0.4821683615970534,5.581536004940668,0.2899775520369801,12.356307647341794,16.42974176,9.351322548,18.45943763,58.77779106
0.663564562,0.734022659,-0.663564562,1.100889761,Bajra,28-09-2023,Field_12,0.6282465853077518,0.644483058126532,-0.6282465853077518,4.742496790364385,0.3277313320045195,16.050472786313037,9.232792351,9.683382861,21.95912835,44.03639618
0.638642043,0.675554205,-0.638642043,1.013198341,Bajra,13-10-2023,Field_12,0.4821683615970534,0.5035466581911445,-0.4821683615970534,5.581536004940668,0.2899775520369801,12.356307647341794,8.768988945,11.55316655,10.25487561,42.16894417
0.572589836,0.598227013,-0.572589836,0.897215973,Bajra,28-10-2023,Field_12,0.6282465853077518,0.644483058126532,-0.6282465853077518,4.742496790364385,0.3277313320045195,16.050472786313037,8.233686433,15.71581385,26.61227475,40.21803063
0.590461107,0.614748367,-0.590461107,0.92197184,Bajra,11-12-2023,Field_12,0.45250972488176283,0.4830933680360161,-0.45250972488176283,5.645560840765635,0.2628344868969642,12.334430403936494,15.42499117,14.63449815,5.052100514,54.34389664
0.469673508,0.492127945,-0.469673508,0.738091096,Bajra,27-11-2023,Field_12,0.6282465853077518,0.644483058126532,-0.6282465853077518,5.588093660150965,0.3277313320045195,16.014295332772406,14.2932356,22.05474778,10.16892947,50.86980994
0.581088701,0.6034249663352966,-0.581088701,0.904994151,Bajra,12-12-2023,Field_12,0.4821683615970534,0.5035466581911445,-0.4821683615970534,5.613548422853152,0.2899775520369801,12.280938448224788,8.260028209,15.22873856,10.62714377,40.28062678
0.520658651,0.537650408,-0.520658651,0.806340332,Bajra,27-12-2023,Field_12,0.6282465853077518,0.644483058126532,-0.6282465853077518,5.588093660150965,0.3277313320045195,16.014295332772406,15.28105219,18.98630835,6.645296239,52.3721177
0.571294732,0.5663906335830688,-0.571294732,0.849443531,Jowar,01-01-2023,Field_13,0.5382901136040804,0.5307075220385844,-0.5382901136040804,1.3545564711093903,0.29575733588830283,21.916824141002905,7.951453123,16.10708846,16.65171122,39.00783826
0.623434253,0.607745582,-0.623434253,0.911464645,Jowar,16-01-2023,Field_13,0.6234572435802154,0.607776613341968,-0.6234572435802154,0.3724057096987963,0.34749384594355087,20.635012290591305,8.198877658,13.02226372,18.27255645,39.79029022
0.615748418,0.600683858,-0.615748418,0.900880629,Jowar,31-01-2023,Field_13,0.6160601536716047,0.6009311949369762,-0.6160601536716047,0.32541130669414997,0.35119215846004925,22.07199567159023,8.153720329,13.48685657,16.9444557,39.63379983
0.573472521,0.526880769,-0.573472521,0.790199508,Jowar,15-02-2023,Field_13,0.6234572435802154,0.607776613341968,-0.6234572435802154,0.37010720558464527,0.34749384594355087,20.494943691435367,7.593957597,16.39939032,18.86766449,37.44293435
0.435173204,0.386529409,-0.435173204,0.579710363,Jowar,03-02-2023,Field_13,0.5713112319596,0.5664142107012757,-0.5713112319596,0.8391736224293709,0.3244797794255695,21.496379970368878,6.664469229,24.89494865,16.18961622,34.18793421
0.467436747,0.381094485,-0.467436747,0.57155517,Jowar,17-03-2023,Field_13,0.6234572435802154,0.607776613341968,-0.6234572435802154,0.3747042138129473,0.34749384594355087,20.80334066663471,13.38162201,23.30293734,28.99725455,46.11250204
0.397915849,0.30404324,-0.397915849,0.456001916,Jowar,04-01-2023,Field_13,0.5713112319596,0.5664142107012757,-0.5713112319596,0.8161861188709736,0.3244797794255695,21.26441458747496,6.015332616,27.63989287,21.57792987,31.59019371
0.346866205,0.256122604,-0.346866205,0.384128226,Jowar,16-04-2023,Field_13,0.6234572435802154,0.607776613341968,-0.6234572435802154,0.3724057096987963,0.34749384594355087,20.635012290591305,5.70675753,30.73611825,23.93468204,30.53649174
0.379369782,0.258710448,-0.379369782,0.388009147,Jowar,05-01-2023,Field_13,0.5713112319596,0.5664142107012757,-0.5713112319596,0.7630904186517,0.3244797794255695,21.095119412740075,5.653133201,29.04991425,20.44505811,30.12961672
0.332608141,0.229538279,-0.332608141,0.344258142,Jowar,16-05-2023,Field_13,0.6234572435802154,0.607776613341968,-0.6234572435802154,0.3724057096987963,0.34749384594355087,20.635012290591305,5.502608769,31.73569969,35.70642373,29.73317439
0.307956986,0.19623866,-0.307956986,0.294313433,Jowar,31-05-2023,Field_13,0.6160601536716047,0.6009311949369762,-0.6160601536716047,0.32541130669414997,0.35119215846004925,22.07199567159023,5.262710455,33.33458023,34.59810853,28.83596281
0.305755584,0.192551597,-0.305755584,0.288780032,Jowar,15-06-2023,Field_13,0.6234572435802154,0.607776613341968,-0.6234572435802154,0.37010720558464527,0.34749384594355087,20.494943691435367,5.235427902,33.48464896,42.03176011,28.73163589
0.356307209,0.362769404,-0.356307209,0.544084314,Jowar,28-09-2023,Field_13,0.6160601536716047,0.6009311949369762,-0.6160601536716047,0.4432621393352747,0.35119215846004925,21.823857970464815,31.69668228,29.16484901,37.78684419,57.29634869
0.495781685,0.423365288,-0.495781685,0.634946472,Jowar,13-10-2023,Field_13,0.6234572435802154,0.607776613341968,-0.6234572435802154,0.39349243231117725,0.34749384594355087,20.411721756344832,6.851683991,21.42381453,39.20470642,34.66783807
0.47269244,0.378480447,-0.47269244,0.567623513,Jowar,28-10-2023,Field_13,0.6160601536716047,0.6009311949369762,-0.6160601536716047,0.4432621393352747,0.35119215846004925,21.823857970464815,6.50453702,23.06125551,31.09460172,33.29072263
0.537035842,0.462701401,-0.537035842,0.693926383,Jowar,11-12-2023,Field_13,0.5923060652330996,0.577611988367167,-0.5923060652330996,0.47584700025618076,0.33675065880895416,20.43856800624303,14.05427806,18.9154622,18.8705507,48.54331946
0.511525363,0.467937157,-0.511525363,0.701792525,Jowar,27-11-2023,Field_13,0.6128219829945447,0.6074069361026028,-0.6128219829945447,0.4566608974710107,0.347259428935358,21.867845835004516,14.13142184,20.16466662,36.72573166,49.19014641
0.599572656,0.639214627,-0.599572656,0.958677091,Jowar,12-12-2023,Field_13,0.5923060652330996,0.577611988367167,-0.5923060652330996,0.434669716283679,0.33675065880895416,20.420749646141473,8.536616853,13.91935175,15.15702595,41.37605952
0.637919762,0.671619641,-0.637919762,1.00727588,Jowar,27-12-2023,Field_13,0.6128219829945447,0.6074069361026028,-0.6128219829945447,0.4566608974710107,0.347259428935358,21.867845835004516,8.736061725,11.63023262,15.29934065,42.02288648
0.536932584,0.573126633,-0.536932584,0.859538427,Jowar,01-01-2023,Field_14,0.5531944108816587,0.5999197718026058,-0.5531944108816587,0.0,0.30695063301207287,20.25366844903857,8.092569778,17.79297599,15.5247279,39.80072292
0.559796214,0.587493486,-0.559796214,0.881068808,Jowar,16-01-2023,Field_14,0.5597420836800202,0.5874258543958786,-0.5597420836800202,0.0,0.30117240877762524,19.16968607221338,8.167831994,16.47873223,15.98493079,39.99894408
0.534917705,0.553098325,-0.534917705,0.829478708,Jowar,31-01-2023,Field_14,0.5348655803639979,0.5530332756898501,-0.5348655803639979,0.04862518236041069,0.2753665053758048,21.07557058788484,14.59804758,18.10041111,18.76333525,52.3721177
0.517413466,0.508276615,-0.517413466,0.762258148,Jowar,15-02-2023,Field_14,0.5597420836800202,0.5874258543958786,-0.5597420836800202,0.0,0.30117240877762524,19.146188808622867,7.559148822,19.45201255,19.17070176,37.60985743
0.555546934,0.504559449,-0.555546934,0.75666929,Jowar,03-02-2023,Field_14,0.5531944108816587,0.5999197718026058,-0.5531944108816587,0.0,0.30695063301207287,19.93204310280936,7.435906943,17.54271392,20.12364947,36.86913625
0.491151859,0.448766102,-0.491151859,0.67299291,Jowar,17-03-2023,Field_14,0.5597420836800202,0.5874258543958786,-0.5597420836800202,0.0,0.30117240877762524,19.335166140965157,14.50773292,21.40081835,33.049129486083984,48.98149255
0.256603927,0.285805692,-0.256603927,0.428606164,Jowar,04-01-2023,Field_14,0.5531944108816587,0.5999197718026058,-0.5531944108816587,0.0,0.30695063301207287,19.674646404811313,6.184672602,35.04215503,19.15581611,33.10293416
0.487944881,0.4920331835746765,-0.487944881,0.737918813,Jowar,16-04-2023,Field_14,0.5597420836800202,0.5874258543958786,-0.5597420836800202,0.0,0.30117240877762524,19.16968607221338,7.482945828,21.12269943,29.94406359,37.44293435
0.07334695756435394,0.115039883,-0.07334695756435394,0.172538552,Jowar,05-01-2023,Field_14,0.5531944108816587,0.5999197718026058,-0.5531944108816587,0.0,0.30695063301207287,19.44858272189191,15.2509473,46.14406644,17.84080685,43.46259808
0.478411325,0.540012024,-0.478411325,0.809905145,Jowar,16-05-2023,Field_14,0.5597420836800202,0.5874258543958786,-0.5597420836800202,0.0,0.30117240877762524,19.16968607221338,7.934519124,21.11952257,23.20584232,39.43557867
0.574030582,0.650946868,-0.574030582,0.976291611,Jowar,31-05-2023,Field_14,0.5348655803639979,0.5530332756898501,-0.5348655803639979,0.04862518236041069,0.2753665053758048,21.07557058788484,17.0356026,15.10382182,33.74453503,46.4567809
0.534013883,0.592800168,-0.534013883,0.889089066,Jowar,14-08-2023,Field_14,0.5597420836800202,0.5874258543958786,-0.5597420836800202,0.0,0.30117240877762524,19.107337025233733,2.862786542,17.74109429,37.41302639,51.03673303
0.622663142,0.702098914,-0.622663142,1.052988824,Jowar,13-10-2023,Field_14,0.5597420836800202,0.5874258543958786,-0.5597420836800202,0.0,0.30117240877762524,19.1017619814192,9.043696033,12.09802132,39.03281312,43.44173269
0.570406049,0.641990714,-0.570406049,0.962836607,Jowar,28-10-2023,Field_14,0.5348655803639979,0.5530332756898501,-0.5348655803639979,0.0,0.2753665053758048,20.69396353222072,15.99886557,15.38037437,38.39194607,56.02356017
0.538811155,0.590438611,-0.538811155,0.885512002,Jowar,11-12-2023,Field_14,0.5368769525736995,0.5730578022564972,-0.5368769525736995,0.0,0.31265994400379615,19.180284663609086,14.99223343,17.52024289,16.61562116,53.9683197
0.538811155,0.590438611,-0.538811155,0.885512002,Jowar,27-11-2023,Field_14,0.5348655803639979,0.5530332756898501,-0.5348655803639979,0.0,0.2753665053758048,20.583270872206924,15.1371132,17.52024289,35.38840191,54.05178124
0.564916801,0.647569313,-0.564916801,0.971227727,Jowar,01-01-2023,Field_15,0.6284518580667852,0.7063138386746662,-0.6284518580667852,3.4530950412154198,0.4600353737790016,16.134109297252905,8.692785951,15.60370587,8.708406984,42.24197302
0.671231442,0.736234998,-0.671231442,1.104212967,Jowar,16-01-2023,Field_15,0.6233649216079308,0.7013599434903197,-0.6233649216079308,4.739493101835251,0.4548909041000592,16.687851297287693,9.234673906,9.269284135,13.88113993,43.99466541
0.519839242,0.613262414932251,-0.519839242,0.919785252,Jowar,31-01-2023,Field_15,0.6945659677356357,0.7671744116370761,-0.6945659677356357,8.434194295667112,0.49612660962050986,18.826384389968098,8.491459523,18.25593524,6.902334145,41.61601146
0.719711744,0.77495036,-0.719711744,1.162265387,Jowar,15-02-2023,Field_15,0.6233649216079308,0.7013599434903197,-0.6233649216079308,5.084742784500122,0.4548909041000592,16.359410767328143,9.467045998,6.398272897,14.5673042,43.84860771
0.638514905,0.640666946,-0.638514905,0.960872372,Jowar,03-02-2023,Field_15,0.6284518580667852,0.7063138386746662,-0.6284518580667852,3.8628373444080353,0.4600353737790016,15.832573236737971,8.457591526,11.91595799,5.552405317,40.82312681
0.396409291,0.334488658,-0.396409291,0.501656842,Jowar,17-03-2023,Field_15,0.6233649216079308,0.7013599434903197,-0.6233649216079308,4.39424341917038,0.4548909041000592,17.059438369387692,3.145019852,27.40588912,18.92926495,43.22264614
0.347422199,0.238184666,-0.347422199,0.357228534,Jowar,04-01-2023,Field_15,0.6284518580667852,0.7063138386746662,-0.6284518580667852,4.022579193115234,0.4600353737790016,15.747917656671461,5.544943766,30.89092466,11.53131002,29.83750132
0.288078405,0.176887371,-0.288078405,0.265294408,Jowar,16-04-2023,Field_15,0.6233649216079308,0.7013599434903197,-0.6233649216079308,4.739493101835251,0.4548909041000592,16.687851297287693,5.136646244,34.5472997,20.69662094116211,28.39778972
0.271078309,0.167190411,-0.271078309,0.250744863,Jowar,05-01-2023,Field_15,0.6233649216079308,0.7013599434903197,-0.6233649216079308,4.209420919418335,0.4548909041000592,15.775498644510947,5.090548136,35.51443276,5.268948061,28.29346279
0.081430889,0.052987715,-0.081430889,0.079468977,Jowar,16-05-2023,Field_15,0.6233649216079308,0.7013599434903197,-0.6233649216079308,4.739493101835251,0.4548909041000592,16.687851297287693,11.25264207,46.36499667,22.10898786,41.31346337
0.275631136,0.154546265,-0.275631136,0.231772997,Jowar,31-05-2023,Field_15,0.6945659677356357,0.7671744116370761,-0.6945659677356357,8.434194295667112,0.49612660962050986,18.826384389968098,4.96636548,35.41107856,22.86914947,27.73009738
0.264971081,0.129995657,-0.264971081,0.194955879,Jowar,15-06-2023,Field_15,0.6233649216079308,0.7013599434903197,-0.6233649216079308,5.084742784500122,0.4548909041000592,16.359410767328143,4.772565274,36.20615987,28.69767763,26.95807812
0.613310911,0.679253457,-0.613310911,1.018744056,Jowar,29-08-2023,Field_15,0.5156231511359647,0.6076479809409622,-0.5156231511359647,8.390678510069847,0.41479904799690753,18.86562926882783,15.48896406,12.80890492,32.34271556,56.50346404
0.613310911,0.679253457,-0.613310911,1.018744056,Jowar,13-09-2023,Field_15,0.6233649216079308,0.7013599434903197,-0.6233649216079308,5.3377929627895355,0.4548909041000592,15.61871231624059,16.10987734,12.80890492,12.70457521,56.8477429
0.444700386,0.486139686,-0.444700386,0.729099893,Jowar,28-09-2023,Field_15,0.5156231511359647,0.6076479809409622,-0.5156231511359647,8.355746034532785,0.41479904799690753,18.88653235662548,7.532807046,23.39114186,16.28119646,37.89154014
0.029760992154479027,0.051613514,-0.029760992154479027,0.077412915,Jowar,13-10-2023,Field_15,0.6233649216079308,0.7013599434903197,-0.6233649216079308,5.3377929627895355,0.4548909041000592,15.61871231624059,4.624863175,49.01752197,14.21132917,30.67211674
0.298852934,0.245035471,-0.298852934,0.367535258,Jowar,28-10-2023,Field_15,0.5156231511359647,0.6076479809409622,-0.5156231511359647,8.355746034532785,0.41479904799690753,18.88653235662548,5.720869196,33.30111722,25.26438177,30.85990521
0.276569292,0.198790977,-0.276569292,0.298150545,Jowar,11-12-2023,Field_15,0.6233649216079308,0.7013599434903197,-0.6233649216079308,5.0846143662929535,0.4548909041000592,15.357181985037698,11.95540302,34.91130655,13.47037337,41.2717326
0.3369985520839691,0.295759724,-0.3369985520839691,0.443561224,Jowar,27-11-2023,Field_15,0.5156231511359647,0.6076479809409622,-0.5156231511359647,8.758262746036053,0.41479904799690753,19.035018221537257,13.33928701,30.83519491,23.59411625,44.83971352
0.507357331,0.604242378,-0.507357331,0.906213256,Jowar,12-12-2023,Field_15,0.6233649216079308,0.7013599434903197,-0.6233649216079308,5.2112036645412445,0.4548909041000592,15.442425845918194,8.440657527,18.98543649,10.85074293,41.46995376
0.594883009,0.686148724,-0.594883009,1.029084467,Jowar,27-12-2023,Field_15,0.5156231511359647,0.6076479809409622,-0.5156231511359647,8.758262746036053,0.41479904799690753,19.035018221537257,8.966552262,13.67949361,12.46881267,43.25394422
0.425029445,0.455337474,-0.425029445,0.682902806,Soybean,01-01-2023,Field_16,0.5207838781609414,0.5355870540909767,-0.5207838781609414,3.1728443801403046,0.3135307592917476,16.198079953874924,7.303257287,24.71020521,14.20326407,37.00476125
0.547864586,0.5701731443405151,-0.547864586,0.855134327,Soybean,16-01-2023,Field_16,0.5191129118836574,0.5401049562698497,-0.5191129118836574,4.083797633647919,0.32014008658415083,16.787728064400824,15.02421987,17.26490382,14.93465957,53.06067543
0.154518263,0.19904090464115143,-0.154518263,0.29852773,Soybean,31-01-2023,Field_16,0.5899556908634287,0.6388219477935413,-0.5899556908634287,6.474319849163294,0.40047281128007356,18.848758134387822,12.91687783,41.14121308,10.1536148,43.7234154
0.603558145,0.62452727,-0.603558145,0.936665262,Soybean,15-02-2023,Field_16,0.5191129118836574,0.5401049562698497,-0.5191129118836574,4.3979910016059875,0.32014008658415083,16.464687692551365,8.395500197,13.86583543,7.40510073,40.73966526
0.577340526,0.559982112,-0.577340526,0.839865078,Soybean,03-02-2023,Field_16,0.5207838781609414,0.5355870540909767,-0.5207838781609414,3.527802973985672,0.3135307592917476,15.899804914565323,7.879954018,15.86381318,8.235337883,38.6635594
0.409560909,0.403484961,-0.409560909,0.605131264,Soybean,17-03-2023,Field_16,0.5191129118836574,0.5401049562698497,-0.5191129118836574,3.76960426568985,0.32014008658415083,17.15787354423884,14.26313071,26.02965944,18.90883069,48.37639637
0.3524721562862396,0.294317878,-0.3524721562862396,0.441420029,Soybean,04-01-2023,Field_16,0.5207838781609414,0.5355870540909767,-0.5207838781609414,3.6660899817943573,0.3135307592917476,15.819067210242906,6.035088947,30.05977015,9.640557062,31.92403987
0.312124356,0.240340884,-0.312124356,0.360469161,Soybean,16-04-2023,Field_16,0.5191129118836574,0.5401049562698497,-0.5191129118836574,4.083797633647919,0.32014008658415083,16.787728064400824,5.647488535,32.67136562,25.86887061,30.47389558
0.355169732,0.308013191,-0.355169732,0.461956816,Soybean,05-01-2023,Field_16,0.5191129118836574,0.5401049562698497,-0.5191129118836574,3.808824300765991,0.32014008658415083,15.836481484912724,6.150804605,29.78215184,6.339653604,32.41437643
0.093046485,0.112723317,-0.093046485,0.169036623,Soybean,16-05-2023,Field_16,0.5191129118836574,0.5401049562698497,-0.5191129118836574,4.083797633647919,0.32014008658415083,16.787728064400824,5.021871364,45.16178136,14.94824139,29.49322246
0.34164717,0.275169115,-0.34164717,0.41270288,Soybean,31-05-2023,Field_16,0.5899556908634287,0.6388219477935413,-0.5899556908634287,6.474319849163294,0.40047281128007356,18.848758134387822,5.889268404,30.80810536,22.02950264,31.36067446
0.335461237,0.249729038,-0.335461237,0.374544994,Soybean,15-06-2023,Field_16,0.5191129118836574,0.5401049562698497,-0.5191129118836574,4.3979910016059875,0.32014008658415083,16.464687692551365,5.676652644,31.38380247,34.73535142,30.47389558
0.340176565,0.363019392,-0.340176565,0.544462863,Soybean,29-08-2023,Field_16,0.15451189290835318,0.19903395989688574,-0.15451189290835318,6.393416985869408,0.14399795749784128,18.91443414233987,14.18128305,29.98599708,28.39730252,47.85476173
0.340176565,0.363019392,-0.340176565,0.544462863,Soybean,13-09-2023,Field_16,0.5191129118836574,0.5401049562698497,-0.5191129118836574,4.6539362370967865,0.32014008658415083,15.706876146225738,13.3524579,29.98599708,17.70351051,47.39572325
0.404039387,0.429655497,-0.404039387,0.644391202,Soybean,28-09-2023,Field_16,0.41686227968825396,0.46612411442561363,-0.41686227968825396,6.3545914478600025,0.2998379779097635,18.95106104896189,7.123568747,26.04433608,19.09323323,36.34750161
0.250992873,0.26671269,-0.250992873,0.400021051,Soybean,13-10-2023,Field_16,0.5191129118836574,0.5401049562698497,-0.5191129118836574,4.6539362370967865,0.32014008658415083,15.706876146225738,6.026621948,35.52367438,21.75770122,32.44567451
0.471736137,0.438597975,-0.471736137,0.65779604,Soybean,28-10-2023,Field_16,0.41686227968825396,0.46612411442561363,-0.41686227968825396,6.3545914478600025,0.2998379779097635,18.95106104896189,7.043602642,22.49611578,12.83832067,35.62764581
0.44597305,0.392895962,-0.44597305,0.589247891,Soybean,11-12-2023,Field_16,0.5191129118836574,0.5401049562698497,-0.5191129118836574,4.465652316808701,0.32014008658415083,15.446682775588272,13.40984534,24.27844049,12.12602481,46.91581938
0.381170094,0.340308131,-0.381170094,0.510385399,Soybean,27-11-2023,Field_16,0.41686227968825396,0.46612411442561363,-0.41686227968825396,6.688207410275936,0.2998379779097635,19.10714433760876,13.75981464,28.12463554,26.26150303,46.10206935
0.388168156,0.381195275,-0.388168156,0.571696236,Soybean,12-12-2023,Field_16,0.5191129118836574,0.5401049562698497,-0.5191129118836574,4.5597942769527435,0.32014008658415083,15.530665243239639,6.727501335,27.34970871,13.8137048,34.72000154
0.350043285,0.343639594,-0.350043285,0.515384036,Soybean,27-12-2023,Field_16,0.41686227968825396,0.46612411442561363,-0.41686227968825396,6.688207410275936,0.2998379779097635,19.10714433760876,6.481017577,29.68008264,8.303676986,33.86452073
0.54378437,0.523175327,-0.54378437,0.784631186,Soybean,01-01-2023,Field_17,0.5324299634065915,0.5130229326034844,-0.5324299634065915,1.1546270810067654,0.292464679976802,22.80268839881529,7.630647927,17.95324024,23.76094249,37.76634783
0.5684075951576233,0.538829136,-0.5684075951576233,0.808107606,Soybean,16-01-2023,Field_17,0.5683817004062998,0.5387855150144215,-0.5683817004062998,0.05184805020689964,0.3081269983287579,21.514680026826397,7.712495587,16.53600013,22.93764102,37.98543437
0.55962984,0.532134226,-0.55962984,0.798070951,Soybean,31-01-2023,Field_17,0.5599108522747589,0.5323839762690987,-0.5599108522747589,0.0,0.30867957109289884,22.961475535801526,7.672982924,17.05260517,20.58563878,37.86024206
0.540538201,0.48134955,-0.540538201,0.721908317,Soybean,15-02-2023,Field_17,0.5683817004062998,0.5387855150144215,-0.5683817004062998,0.07777207531034946,0.3081269983287579,21.37757599240257,7.263744624,18.54616521,19.55819966,36.20144391
0.417879718,0.369898257,-0.417879718,0.5547645688056946,Soybean,03-02-2023,Field_17,0.5437653143962891,0.5231407987799124,-0.5437653143962891,0.9789034351706505,0.29936024052457205,22.363660476321286,6.556279793,25.94788147,21.8324675,33.82278996
0.502108327,0.427285071,-0.502108327,0.640824967,Soybean,17-03-2023,Field_17,0.5683817004062998,0.5387855150144215,-0.5683817004062998,0.02592402510344982,0.3081269983287579,21.675719061351913,13.83131375,21.06071627,39.07088837,47.60437711
0.412268809,0.337500354,-0.412268809,0.506176208,Soybean,04-01-2023,Field_17,0.5437653143962891,0.5231407987799124,-0.5437653143962891,0.8941188361495733,0.29936024052457205,22.122173609052425,6.280631927,26.56527472,21.9341582,32.65432837
0.39971634,0.364309736,-0.39971634,0.546381422,Soybean,16-04-2023,Field_17,0.5683817004062998,0.5387855150144215,-0.5683817004062998,0.05184805020689964,0.3081269983287579,21.514680026826397,6.54969435,26.93245781,36.99784875,33.88538612
0.413155367,0.375447481,-0.413155367,0.56308412,Soybean,05-01-2023,Field_17,0.5437653143962891,0.5231407987799124,-0.5437653143962891,0.7834102120250463,0.29936024052457205,21.940636525835316,13.34493168,26.13245398,18.08420565,46.72803091
0.397486685,0.340978008,-0.397486685,0.511390243,Soybean,16-05-2023,Field_17,0.5683817004062998,0.5387855150144215,-0.5683817004062998,0.05184805020689964,0.3081269983287579,21.514680026826397,6.346486366,27.28459773,36.06626469,33.01947262
0.366353004,0.297836803,-0.366353004,0.446688632,Soybean,31-05-2023,Field_17,0.5599108522747589,0.5323839762690987,-0.5599108522747589,0.0,0.30867957109289884,22.961475535801526,6.03414817,29.31501528,25.52064542,31.84057833
0.331804094,0.269383689,-0.331804094,0.404010332,Soybean,15-06-2023,Field_17,0.5683817004062998,0.5387855150144215,-0.5683817004062998,0.07777207531034946,0.3081269983287579,21.37757599240257,5.861045073,31.36982167,44.16787947,31.28764562
0.522985517,0.527746855,-0.522985517,0.791492249,Soybean,28-09-2023,Field_17,0.5599108522747589,0.5323839762690987,-0.5599108522747589,0.0,0.30867957109289884,22.65825505937852,27.02948411,18.96863215,22.6500643,58.47524297
0.516412371,0.517507383,-0.516412371,0.776136271,Soybean,13-10-2023,Field_17,0.5683817004062998,0.5387855150144215,-0.5683817004062998,0.1296201255172491,0.3081269983287579,21.267568343026312,7.643818815,19.40886016,30.05076415,37.97500168
0.490700256,0.471140551,-0.490700256,0.706601027,Soybean,28-10-2023,Field_17,0.5599108522747589,0.5323839762690987,-0.5599108522747589,0.0,0.30867957109289884,22.65825505937852,2.643585338,21.19537173,35.6738552,36.58745354
0.542521393,0.504331559,-0.542521393,0.756371846,Soybean,11-12-2023,Field_17,0.5481910458923345,0.5203316399110032,-0.5481910458923345,0.25828581117093563,0.3017498443178059,21.21792300996333,7.465071052,18.21018239,16.79629313,37.05692472
0.5069471001625061,0.484460418,-0.5069471001625061,0.726578992,Soybean,27-11-2023,Field_17,0.5835191198075206,0.5545368230340721,-0.5835191198075206,0.0,0.3155454506013772,22.690750875927108,14.67048746,20.22970277,27.33083667,50.20211761
0.578980567,0.597094505,-0.578980567,0.89549334,Soybean,12-12-2023,Field_17,0.5481910458923345,0.5203316399110032,-0.5481910458923345,0.19395296834409237,0.3017498443178059,21.240358788626565,8.208285435,15.40104132,22.960116,40.07197293
0.60311807,0.606353017,-0.60311807,0.909381032,Soybean,27-12-2023,Field_17,0.5835191198075206,0.5545368230340721,-0.5835191198075206,0.0,0.3155454506013772,22.690750875927108,8.234627211,14.07391892,24.91033938,40.05110754
0.434883681,0.379427198,-0.434883681,0.569064421,Soybean,01-01-2023,Field_18,0.40811627630621633,0.3648140596029571,-0.40811627630621633,0.08370202677906491,0.2341035672422464,13.774414589291553,6.601437123,24.98226696,8.133497173,33.92711689
0.414800223,0.365405181,-0.414800223,0.548036914,Soybean,16-01-2023,Field_18,0.41588464011908427,0.3644096167277688,-0.41588464011908427,0.0,0.23734698012679073,14.691658728463324,6.523352574,26.15102117,8.229367599,33.69759765
0.445866467,0.398322775,-0.445866467,0.597403674,Soybean,31-01-2023,Field_18,0.40811968363902484,0.3760977453081875,-0.40811968363902484,0.0,0.24691967017530278,15.655317379179507,14.18880928,24.22845975,6.948433415,47.56264634
0.443479789,0.389114115,-0.443479789,0.58359913,Soybean,15-02-2023,Field_18,0.41588464011908427,0.3644096167277688,-0.41588464011908427,0.0,0.23734698012679073,14.705677740914496,6.66823234,24.44438084,13.16554676,34.16706882
0.418554287,0.380764682,-0.418554287,0.571072716,Soybean,03-02-2023,Field_18,0.40811627630621633,0.3648140596029571,-0.40811627630621633,0.08346212787728291,0.2341035672422464,14.280710792541583,6.652239119,25.80245762,6.376518155,34.22966498
0.387439284,0.333788452,-0.387439284,0.500614208,Soybean,17-03-2023,Field_18,0.41588464011908427,0.3644096167277688,-0.41588464011908427,0.0,0.23734698012679073,14.636575181143655,6.305092147,27.87108798,12.57355046,32.90471299
0.366325186,0.310478394,-0.366325186,0.465656828,Soybean,04-01-2023,Field_18,0.40811627630621633,0.3648140596029571,-0.40811627630621633,0.08322222897550091,0.2341035672422464,14.547454952058388,6.147041494,29.18732881,14.08968636,32.33091489
0.33339688181877136,0.269651519,-0.33339688181877136,0.404428625,Soybean,16-04-2023,Field_18,0.41588464011908427,0.3644096167277688,-0.41588464011908427,0.0,0.23734698012679073,14.691658728463324,5.859163517,31.28575175,25.72365982,31.27721292
0.349594962,0.284011811,-0.349594962,0.425961569,Soybean,05-01-2023,Field_18,0.4113647500141051,0.36665933928581285,-0.4113647500141051,0.08298233007371891,0.24032288044526443,14.752776127769891,5.949478177,30.31194702,14.5785823,31.56932832
0.352480807,0.303575856,-0.352480807,0.455312446,Soybean,16-05-2023,Field_18,0.41588464011908427,0.3644096167277688,-0.41588464011908427,0.0,0.23734698012679073,14.691658728463324,13.02506726,29.96477805,29.87272717,44.7249539
0.409439837,0.400926037,-0.409439837,0.601322416,Soybean,31-05-2023,Field_18,0.40811968363902484,0.3760977453081875,-0.40811968363902484,0.0,0.24691967017530278,15.655317379179507,6.853565547,26.06197588,15.01188668,35.14774194
0.412734473,0.402528799,-0.412734473,0.603725964,Soybean,15-06-2023,Field_18,0.41588464011908427,0.3644096167277688,-0.41588464011908427,0.0,0.23734698012679073,14.705677740914496,6.860150991,25.87736856,30.03004273,35.15817463
0.405072961,0.387764837,-0.405072961,0.581575036,Soybean,29-08-2023,Field_18,0.41985999443717953,0.3705819909343891,-0.41985999443717953,0.0,0.24707089930960419,15.213140197027315,6.746316889,26.41938131,25.8500948,34.70956884
0.405072961,0.387764837,-0.405072961,0.581575036,Soybean,13-09-2023,Field_18,0.4113647500141051,0.36665933928581285,-0.4113647500141051,0.0,0.24032288044526443,14.308572342282275,13.70430876,26.41938131,16.84277286,47.52091556
0.412504132,0.421788403,-0.412504132,0.632597942,Soybean,28-09-2023,Field_18,0.41985999443717953,0.3705819909343891,-0.41985999443717953,0.0,0.24707089930960419,15.077531705583908,7.033254087,25.69243488,22.18313169,35.90932851
0.391858017,0.362393914,-0.391858017,0.543514408,Soybean,13-10-2023,Field_18,0.4113647500141051,0.36665933928581285,-0.4113647500141051,0.0,0.24032288044526443,14.308572342282275,6.550635127,27.35330416,14.22904401,33.93754958
0.382979761,0.33273635,-0.382979761,0.499034987,Soybean,28-10-2023,Field_18,0.41985999443717953,0.3705819909343891,-0.41985999443717953,0.0,0.24707089930960419,15.077531705583908,13.3355239,28.10955568,16.52197329,45.53870394
0.417554117,0.334358118,-0.417554117,0.501471849,Soybean,11-12-2023,Field_18,0.4113647500141051,0.36665933928581285,-0.4113647500141051,0.03290505334734917,0.24032288044526443,13.970056333996013,6.240178486,26.32747507,13.32254069,32.45610721
0.34007985,0.290954745,-0.34007985,0.436373651,Soybean,27-11-2023,Field_18,0.41985999443717953,0.3705819909343891,-0.41985999443717953,0.0,0.24707089930960419,14.93664117540635,12.68732807,30.72692292,10.86115971,44.24505004
0.378634528,0.337692112,-0.378634528,0.506464875,Soybean,12-12-2023,Field_18,0.4113647500141051,0.36665933928581285,-0.4113647500141051,0.016452526673674583,0.24032288044526443,14.08348099844801,6.360598032,28.28082974,6.843589879,33.19682839
0.434397188,0.384626382,-0.434397188,0.576857706,Soybean,27-12-2023,Field_18,0.41985999443717953,0.3705819909343891,-0.41985999443717953,0.0,0.24707089930960419,14.93664117540635,6.649416786,24.95401079,11.54087501,34.13577074
0.471454454,0.533212685,-0.471454454,0.799697156,Sugarcane,16-01-2023,Field_19,0.4714712573941432,0.5332362075873222,-0.4714712573941432,3.3581838458776474,0.31993793996845676,13.931596646990101,17.93216375,21.54421161,7.189186839,54.44822356
0.596786625,0.672346236,-0.596786625,1.008376975,Sugarcane,31-01-2023,Field_19,0.5968053653324904,0.6723723218684498,-0.5968053653324904,2.5836973190307617,0.42328348861663084,16.975798452468155,11.6609396,13.72324974,8.032900094,43.94250194
0.630249159,0.686961492,-0.630249159,1.030303631,Sugarcane,15-02-2023,Field_19,0.4714712573941432,0.5332362075873222,-0.4714712573941432,3.3894190937280655,0.31993793996845676,13.539737683250735,11.71362315,11.86524273,6.660678564,44.01553079
0.643095215,0.687717717,-0.643095215,1.031430312,Sugarcane,03-02-2023,Field_19,0.3007513974262834,0.3263235626890583,-0.3007513974262834,3.195255622267723,0.20670803514802252,13.005703817095082,11.6901037,11.20154372,9.597576946,43.82774232
0.506728342,0.512306026,-0.506728342,0.768332446,Sugarcane,17-03-2023,Field_19,0.4714712573941432,0.5332362075873222,-0.4714712573941432,3.0961379632353783,0.31993793996845676,14.348529933747784,6.370946586,19.9564898,23.99281168,48.35553099
0.438654828,0.402042184,-0.438654828,0.602969261,Sugarcane,04-01-2023,Field_19,0.3007513974262834,0.3263235626890583,-0.3007513974262834,3.377574771642685,0.20670803514802252,12.957396125793537,9.61757043,24.55873167,7.523405646,34.85562654
0.402217875,0.337390625,-0.402217875,0.506023604,Sugarcane,16-04-2023,Field_19,0.4714712573941432,0.5332362075873222,-0.4714712573941432,3.3581838458776474,0.31993793996845676,13.931596646990101,9.125543693,27.07964001,20.63347994,32.81081876
0.390059923,0.329244466,-0.390059923,0.49380998,Sugarcane,16-05-2023,Field_19,0.4714712573941432,0.5332362075873222,-0.4714712573941432,3.3581838458776474,0.31993793996845676,13.931596646990101,9.081327141,27.78367384,20.58598118,32.68562645
0.364329758,0.33428481221199036,-0.364329758,0.501373953,Sugarcane,31-05-2023,Field_19,0.5968053653324904,0.6723723218684498,-0.5968053653324904,2.5836973190307617,0.42328348861663084,16.975798452468155,9.186694243,29.04609226,20.05731284,33.28028993
0.355110535,0.316283987,-0.355110535,0.474376477,Sugarcane,15-06-2023,Field_19,0.4714712573941432,0.5332362075873222,-0.4714712573941432,3.3894190937280655,0.31993793996845676,13.539737683250735,9.047459144,29.70070612,33.94551898,32.73778991
0.467530719,0.556254586,-0.467530719,0.834286291,Sugarcane,29-08-2023,Field_19,0.5968053653324904,0.6723723218684498,-0.5968053653324904,2.912614770233631,0.42328348861663084,16.946306119646408,17.02149093,21.50925064,27.93406047,54.88639666
0.636672711,0.704673949,-0.636672711,1.056869434,Sugarcane,28-09-2023,Field_19,0.5968053653324904,0.6723723218684498,-0.5968053653324904,2.912614770233631,0.42328348861663084,16.86878565833689,11.85662136,11.35633299,10.33662164,44.67279044
0.303341143,0.360647288,-0.303341143,0.540916148,Sugarcane,13-10-2023,Field_19,0.4714712573941432,0.5332362075873222,-0.4714712573941432,3.704132005572319,0.31993793996845676,12.7203096934727,9.565827657,31.89120069,23.65177745,35.3459631
0.512626541,0.504507038,-0.512626541,0.756660561,Sugarcane,28-10-2023,Field_19,0.5968053653324904,0.6723723218684498,-0.5968053653324904,2.912614770233631,0.42328348861663084,16.86878565833689,16.33566399,19.73495203,16.45642767,51.80875229
0.431015917,0.374658862,-0.431015917,0.561914546,Sugarcane,11-12-2023,Field_19,-0.08169244638650808,-0.031348422598943736,0.08169244638650808,3.611943766474724,-0.03994154574872624,12.645151665097217,15.49084561,25.22847029,11.35918768,47.60437711
0.477840649,0.397246356,-0.477840649,0.595771678,Sugarcane,27-11-2023,Field_19,0.5968053653324904,0.6723723218684498,-0.5968053653324904,3.2201004400849342,0.42328348861663084,16.80102687109087,15.86809747,22.60671161,16.73036218,47.94865597
0.40726353,0.400757046,-0.40726353,0.6010388135910034,Sugarcane,12-12-2023,Field_19,0.4714712573941432,0.5332362075873222,-0.4714712573941432,3.6580378860235214,0.31993793996845676,12.591462071736657,9.679661758,26.17483352,12.58417131,35.32509772
0.30873595,0.298872384,-0.30873595,0.448242414,Sugarcane,27-12-2023,Field_19,0.5968053653324904,0.6723723218684498,-0.5968053653324904,3.2201004400849342,0.42328348861663084,16.80102687109087,15.53412139,32.24661762,9.553768277,46.61327129
0.473376985,0.338493761,-0.473376985,0.507662047,Sugarcane,01-01-2023,Field_20,0.48659240660152914,0.35284286345952265,-0.48659240660152914,1.382988952100277,0.20999719511673817,22.180118179321312,8.967493039,23.43467862,21.46224182,31.7362514
0.478634283,0.319277978,-0.478634283,0.47884498,Sugarcane,16-01-2023,Field_20,0.4786571331447293,0.31933122129163627,-0.4786571331447293,0.08320051431655884,0.1936281607013415,20.993968763805526,8.784041388,23.3624664,21.61680104,30.91206868
0.460407554,0.311744749,-0.460407554,0.467543519,Sugarcane,31-01-2023,Field_20,0.4606502388592809,0.3118685061630596,-0.4606502388592809,0.0,0.1837969817704388,22.269581004551412,8.759581168,24.37013874,23.45188785,30.91206868
0.427753021,0.268519962,-0.427753021,0.402720313,Sugarcane,15-02-2023,Field_20,0.4786571331447293,0.31933122129163627,-0.4786571331447293,0.12480077147483826,0.1936281607013415,20.87445448012579,8.450065304,26.47907123,20.03522988,29.75403978
0.330864918,0.217007447,-0.330864918,0.325460485,Sugarcane,03-02-2023,Field_20,0.47339362310195965,0.3385361522530896,-0.47339362310195965,1.180954448878765,0.20131009217807994,21.765887968880804,8.216752434,31.95269211,22.63606074,29.2845686
0.379852335,0.211255761,-0.379852335,0.316828019,Sugarcane,17-03-2023,Field_20,0.4786571331447293,0.31933122129163627,-0.4786571331447293,0.04160025715827942,0.1936281607013415,21.113974734714986,15.01951599,29.50992168,23.52184195,41.83509801
0.325869701,0.177423306,-0.325869701,0.266096197,Sugarcane,04-01-2023,Field_20,0.47339362310195965,0.3385361522530896,-0.47339362310195965,1.10015519708395,0.20131009217807994,21.58041393643333,7.875250129,32.61203753,16.90445177,27.83442431
0.314255649,0.185128716,-0.314255649,0.277650647,Sugarcane,16-04-2023,Field_20,0.4786571331447293,0.31933122129163627,-0.4786571331447293,0.08320051431655884,0.1936281607013415,20.993968763805526,7.971209455,33.1264074,34.76552057,28.31432818
0.13706418871879578,0.099929151,-0.13706418871879578,0.149875972,Sugarcane,05-01-2023,Field_20,0.47339362310195965,0.3385361522530896,-0.47339362310195965,0.9777556881308556,0.20131009217807994,21.40870060693652,7.626884816,43.04471018,20.81584788,28.83596281
0.318488173,0.183188672,-0.318488173,0.274743814,Sugarcane,16-05-2023,Field_20,0.4786571331447293,0.31933122129163627,-0.4786571331447293,0.08320051431655884,0.1936281607013415,20.993968763805526,14.28570938,32.93008965,29.88855474,41.30303067
0.298766905,0.160500836,-0.298766905,0.240716652,Sugarcane,31-05-2023,Field_20,0.4606502388592809,0.3118685061630596,-0.4606502388592809,0.0,0.1837969817704388,22.269581004551412,7.787757803,34.16885182,35.78852744,27.60490507
0.282689708,0.146080204,-0.282689708,0.219088703,Sugarcane,15-06-2023,Field_20,0.4786571331447293,0.31933122129163627,-0.4786571331447293,0.12480077147483826,0.1936281607013415,20.87445448012579,7.696502366,35.13709986,41.4120547,27.29192428
0.528638928,0.50825021,-0.528638928,0.762252292,Sugarcane,28-09-2023,Field_20,0.4606502388592809,0.3118685061630596,-0.4606502388592809,0.0,0.1837969817704388,21.907702836536203,40.25117391,18.87906103,24.96419038,64.96437788
0.52149666,0.47971789,-0.52149666,0.719461783,Sugarcane,13-10-2023,Field_20,0.4786571331447293,0.31933122129163627,-0.4786571331447293,0.2080012857913971,0.1936281607013415,20.76397598811559,10.11712339,19.53517345,39.04695451,36.82740548
0.461846146,0.396825644,-0.461846146,0.595149591,Sugarcane,28-10-2023,Field_20,0.4606502388592809,0.3118685061630596,-0.4606502388592809,0.0,0.1837969817704388,21.907702836536203,2.340654918,23.42775749,24.07983275,34.16706882
0.526034741,0.406041385,-0.526034741,0.608967092,Sugarcane,11-12-2023,Field_20,0.4689095329231078,0.32139527745007157,-0.4689095329231078,0.3690236359834671,0.19798190102300914,20.680389295305588,9.447289666,20.0558881,15.82933363,33.54110725
0.520162134,0.392385116,-0.520162134,0.588489294,Sugarcane,27-11-2023,Field_20,0.45133049181495916,0.30618903304902695,-0.45133049181495916,0.0,0.18055805947821052,21.931357274736683,15.79471681,20.49523885,37.23729041,47.06187708
0.517085155,0.449563717,-0.517085155,0.6742351651191711,Sugarcane,12-12-2023,Field_20,0.4689095329231078,0.32139527745007157,-0.4689095329231078,0.2885124608874321,0.19798190102300914,20.704475929623584,9.857468744,20.06840494,22.51296334,35.59634773
0.533653239,0.43840731,-0.533653239,0.657501421,Sugarcane,27-12-2023,Field_20,0.45133049181495916,0.30618903304902695,-0.45133049181495916,0.0,0.18055805947821052,21.931357274736683,9.719174422,19.33630518,17.41447003,34.82432846
0.438325131,0.363643837,-0.438325131,0.5453870892524719,Sugarcane,01-01-2023,Field_21,0.43832777484171165,0.3636560196524891,-0.43832777484171165,0.0,0.226320927708896,23.86084618341357,9.275127347,24.96772495,19.0458298,33.25942455
0.461163674,0.360579818,-0.461163674,0.540791391,Sugarcane,16-01-2023,Field_21,0.45113838847595567,0.3632573556054584,-0.45113838847595567,0.0,0.22841889056694187,22.35695355733236,16.24629011,23.83278154,22.94869407,47.00971362
0.41222475,0.309996086,-0.41222475,0.464927798,Sugarcane,31-01-2023,Field_21,0.4122301889047978,0.31001229747185055,-0.4122301889047978,0.0,0.19423809692382948,24.34154436020623,15.73638859,26.8484222,22.75030962,45.53870394
0.419870851,0.296281712,-0.419870851,0.444365514,Sugarcane,15-02-2023,Field_21,0.45113838847595567,0.3632573556054584,-0.45113838847595567,0.0,0.22841889056694187,22.29426009768531,8.716305393,26.59804206,19.28232663,30.94336675
0.408326123,0.273436571,-0.408326123,0.410105438,Sugarcane,03-02-2023,Field_21,0.43832777484171165,0.3636560196524891,-0.43832777484171165,0.0,0.226320927708896,23.532692981901675,8.539439186,27.42088084,24.52984635,30.24437634
0.326580756,0.200465328,-0.326580756,0.300665269,Sugarcane,17-03-2023,Field_21,0.45113838847595567,0.3632573556054584,-0.45113838847595567,0.0,0.22841889056694187,22.581655166262635,8.07939889,32.34040269,25.41476394,28.7107705
0.382047021,0.23610089,-0.382047021,0.354112188,Sugarcane,04-01-2023,Field_21,0.43832777484171165,0.3636560196524891,-0.43832777484171165,0.0,0.226320927708896,23.288561257861886,3.926806121,29.14411128,21.4132853,29.22197245
0.389618117,0.23389849066734314,-0.389618117,0.350808263,Sugarcane,16-04-2023,Field_21,0.45113838847595567,0.3632573556054584,-0.45113838847595567,0.0,0.22841889056694187,22.35695355733236,8.229923322,28.77999086,29.23901369,29.01331859
0.369513944,0.231093152,-0.369513944,0.346603279,Sugarcane,05-01-2023,Field_21,0.45113838847595567,0.3632573556054584,-0.45113838847595567,0.0,0.22841889056694187,23.06141056787402,8.252501987,29.83524837,25.04088391,29.22197245
0.397071376,0.253283924,-0.397071376,0.379884012,Sugarcane,16-05-2023,Field_21,0.45113838847595567,0.3632573556054584,-0.45113838847595567,0.0,0.22841889056694187,22.35695355733236,8.38609242,28.20141388,35.75845344,29.64971285
0.391960582,0.240378601,-0.391960582,0.360525378,Sugarcane,31-05-2023,Field_21,0.4122301889047978,0.31001229747185055,-0.4122301889047978,0.0,0.19423809692382948,24.34154436020623,9.515025661,28.5941938,28.1530432,29.2845686
0.474829631,0.416765484,-0.474829631,0.625067446,Sugarcane,13-10-2023,Field_21,0.45113838847595567,0.3632573556054584,-0.45113838847595567,0.0,0.22841889056694187,22.37423454466324,16.60660797,22.56112094,32.88779527,49.15884833
0.408156853,0.316637512,-0.408156853,0.474898536,Sugarcane,28-10-2023,Field_21,0.4122301889047978,0.31001229747185055,-0.4122301889047978,0.0,0.19423809692382948,23.836762546357704,8.92609882,26.98831877,35.45159399,31.91360718
0.402692298,0.309541415,-0.402692298,0.464243331,Sugarcane,11-12-2023,Field_21,0.45113838847595567,0.3632573556054584,-0.45113838847595567,0.0,0.22841889056694187,22.407538895379957,15.02986454,27.33983437,19.19531253,45.27788662
0.405103692,0.309959638,-0.405103692,0.464874028,Sugarcane,27-11-2023,Field_21,0.4122301889047978,0.31001229747185055,-0.4122301889047978,0.0,0.19423809692382948,23.682287334260536,8.873415269,27.21242677,39.04941626,31.70495333
0.405671385,0.318919589,-0.405671385,0.47831445932388306,Sugarcane,12-12-2023,Field_21,0.45113838847595567,0.3632573556054584,-0.45113838847595567,0.0,0.22841889056694187,22.398166638328917,8.952440596,27.09193104,17.4063703,32.03879949
0.420373025,0.316434607,-0.420373025,0.4745887815952301,Sugarcane,27-12-2023,Field_21,0.4122301889047978,0.31001229747185055,-0.4122301889047978,0.0,0.19423809692382948,23.682287334260536,8.895053156,26.36657986,22.3654261,31.71538602
0.576748248,0.565630221,-0.576748248,0.84831061,Cotton,01-01-2023,Field_22,0.5767352571126141,0.5656060016533407,-0.5767352571126141,2.334628202021122,0.3320255969802902,23.04416672842848,7.932637569,15.83637407,20.18681704,38.89307864
0.557375033,0.530036598,-0.557375033,0.79493951,Cotton,16-01-2023,Field_22,0.5738552242492156,0.5534238478992495,-0.5738552242492156,1.9277302995324135,0.3403550862912469,21.622514615740045,14.37790559,17.18916829,18.11118001,51.00543495
0.593419448,0.537120263,-0.593419448,0.805564718,Cotton,31-01-2023,Field_22,0.5520749427747292,0.49199851151277085,-0.5520749427747292,0.9239507247693837,0.30758237333003347,23.195792407081285,7.638174149,15.27623834,20.08320107,37.52639589
0.518697738,0.427619809,-0.518697738,0.641339736,Cotton,15-02-2023,Field_22,0.5738552242492156,0.5534238478992495,-0.5738552242492156,1.7256377339363098,0.3403550862912469,21.36732208615257,6.83569077,20.21016981,22.60181626,34.46961691
0.425362037,0.325129948,-0.425362037,0.487630929,Cotton,03-02-2023,Field_22,0.5767352571126141,0.5656060016533407,-0.5767352571126141,2.0399279221892357,0.3320255969802902,22.4395475205921,6.138574494,26.02301468,21.03066124,31.97620334
0.425619274,0.307065301,-0.425619274,0.460531804,Cotton,17-03-2023,Field_22,0.5738552242492156,0.5534238478992495,-0.5738552242492156,2.129822865128517,0.3403550862912469,21.9091407503401,13.19722958,26.19437098,26.82373681,43.80687694
0.368404917,0.245323566,-0.368404917,0.367934291,Cotton,04-01-2023,Field_22,0.5767352571126141,0.5656060016533407,-0.5767352571126141,1.9202546626329422,0.3320255969802902,22.103171330406553,5.559996209,29.74654669,16.3123781,29.78533786
0.401201511,0.232799698,-0.401201511,0.349143665,Cotton,16-04-2023,Field_22,0.5738552242492156,0.5534238478992495,-0.5738552242492156,1.9277302995324135,0.3403550862912469,21.622514615740045,5.370899891,28.19971394,23.52972744,28.79423204
0.391265825,0.221249086,-0.391265825,0.331821105,Cotton,05-01-2023,Field_22,0.5767352571126141,0.5656060016533407,-0.5767352571126141,1.7967685833573341,0.3320255969802902,21.878072584243057,12.39192387,28.82503847,16.63988235,40.58317487
0.367652513,0.187764009,-0.367652513,0.281589613,Cotton,16-05-2023,Field_22,0.5738552242492156,0.5534238478992495,-0.5738552242492156,1.9277302995324135,0.3403550862912469,21.622514615740045,5.047272362,30.37281625,20.95644644,27.57360699
0.371291417,0.170391995,-0.371291417,0.255537665,Cotton,31-05-2023,Field_22,0.5520749427747292,0.49199851151277085,-0.5520749427747292,0.9239507247693837,0.30758237333003347,23.195792407081285,4.882636265,30.36441611,30.94539802,26.85375119
0.255738588,0.104372942,-0.255738588,0.156532387,Cotton,15-06-2023,Field_22,0.5738552242492156,0.5534238478992495,-0.5738552242492156,1.7256377339363098,0.3403550862912469,21.36732208615257,4.564653402,36.93929285,38.8053603,26.96851081
0.653125866,0.721871018409729,-0.653125866,1.082669339,Cotton,28-09-2023,Field_22,0.5656621052931404,0.5373982272696542,-0.5656621052931404,1.8212836193852127,0.33427314327635965,23.310157031104723,10.08419617,10.34053168,28.30900432,54.53168511
0.636431628,0.655925131,-0.636431628,0.983758739,Cotton,13-10-2023,Field_22,0.5738552242492156,0.5534238478992495,-0.5738552242492156,1.4970770627260208,0.3403550862912469,21.18273528871083,8.598708181,11.86650927,29.06293296,41.43865568
0.575979383,0.548996417,-0.575979383,0.823376549,Cotton,28-10-2023,Field_22,0.5656621052931404,0.5373982272696542,-0.5656621052931404,1.8212836193852127,0.33427314327635965,23.310157031104723,7.785876248,16.04551463,28.09715642,38.25668439
0.592279291,0.540572524,-0.592279291,0.810742634,Cotton,11-12-2023,Field_22,0.5738552242492156,0.5534238478992495,-0.5738552242492156,1.4566580057144165,0.3403550862912469,21.11222174508231,14.7617429,15.29920224,23.55099548,51.0784638
0.617397311,0.564626201,-0.617397311,0.846817894,Cotton,27-11-2023,Field_22,0.5656621052931404,0.5373982272696542,-0.5656621052931404,1.9473502533510327,0.33427314327635965,23.407571002415295,15.3224464,13.77090919,20.83046349,51.92351191
0.576204646,0.603039437,-0.576204646,0.904415618,Cotton,12-12-2023,Field_22,0.5738552242492156,0.5534238478992495,-0.5738552242492156,1.4768675342202187,0.3403550862912469,21.111696679251565,8.26755443,15.48207715,16.52534805,40.34322294
0.599074414,0.615764941,-0.599074414,0.923507027,Cotton,27-12-2023,Field_22,0.5656621052931404,0.5373982272696542,-0.5656621052931404,1.9473502533510327,0.33427314327635965,23.407571002415295,5.09713358,14.18428286,23.57544563,40.47884795
0.444266812,0.384810338,-0.444266812,0.577116142,Cotton,01-01-2023,Field_23,0.4428858625324452,0.38591732785234834,-0.4428858625324452,0.05144714191555977,0.21777106132178675,21.00631911868146,6.627778899,24.44814592,5.73800047,33.97928035
0.465944497,0.390231672,-0.465944497,0.585250212,Cotton,16-01-2023,Field_23,0.46740487830367494,0.38903145363437214,-0.46740487830367494,0.05144714191555977,0.22254452147420098,19.79499415443064,6.624956566,23.2858212,11.70963392,33.85408804
0.494702529,0.414219373,-0.494702529,0.621222441,Cotton,31-01-2023,Field_23,0.46740747324673326,0.39286889568409655,-0.46740747324673326,0.0,0.22614297125152136,21.436817332676526,14.24901905,21.57232699,5.533169338,47.44788672
0.483962067,0.406712299,-0.483962067,0.609968648,Cotton,15-02-2023,Field_23,0.4659469818135767,0.39023795959907215,-0.4659469818135767,0.07717071287333965,0.22253266238983624,20.06711049761094,6.730323668,22.19745074,12.29883337,34.20879959
0.416403742,0.356681076,-0.416403742,0.534939819,Cotton,03-02-2023,Field_23,0.4428858625324452,0.38591732785234834,-0.4428858625324452,0.10289428383111954,0.21777106132178675,21.124582862854027,6.441504914,26.15823665,5.515439761,33.3324534
0.463696775,0.382845491,-0.463696775,0.574174002,Cotton,17-03-2023,Field_23,0.46740487830367494,0.38903145363437214,-0.46740487830367494,0.025723570957779884,0.22254452147420098,19.59144985562284,13.32799768,23.47603381,16.36321086,46.20639628
0.418475515,0.319081944,-0.418475515,0.47855301,Cotton,04-01-2023,Field_23,0.4428858625324452,0.38591732785234834,-0.4428858625324452,0.12861785478889942,0.21777106132178675,21.126945976983905,6.100943386,26.43643807,7.235692072,31.85101103
0.389137759,0.272996576,-0.389137759,0.409441142,Cotton,16-04-2023,Field_23,0.46740487830367494,0.38903145363437214,-0.46740487830367494,0.05144714191555977,0.22254452147420098,19.79499415443064,5.758500304,28.4052162,24.88447114,30.52605904
0.327150344,0.221096798,-0.327150344,0.331594159,Cotton,05-01-2023,Field_23,0.4442609001069298,0.38480539571281797,-0.4442609001069298,0.12861785478889942,0.21437531108678085,21.099304680597186,5.440517441,32.10061044,7.327138057,29.49322246
0.336673316,0.210639752,-0.336673316,0.315917773,Cotton,16-05-2023,Field_23,0.46740487830367494,0.38903145363437214,-0.46740487830367494,0.05144714191555977,0.22254452147420098,19.79499415443064,12.07111867,31.72112237,20.17004148,40.85442489
0.346892801,0.216955724,-0.346892801,0.325392014,Cotton,31-05-2023,Field_23,0.46740747324673326,0.39286889568409655,-0.46740747324673326,0.0,0.22614297125152136,21.436817332676526,5.356788226,31.13476655,10.2088425,29.02375128
0.147526404,0.103368602,-0.147526404,0.155013056,Cotton,15-06-2023,Field_23,0.4659469818135767,0.39023795959907215,-0.4659469818135767,0.07717071287333965,0.22253266238983624,20.06711049761094,12.05982934,42.47533713,31.03928365,40.57274218
0.448658765,0.475664935,-0.448658765,0.713378193,Cotton,28-09-2023,Field_23,0.46740487830367494,0.38903145363437214,-0.46740487830367494,0.0,0.22254452147420098,20.623906798589815,14.64226413,23.29598706,14.99271092,50.75505032
0.34657387,0.401219367,-0.34657387,0.601729151,Cotton,13-10-2023,Field_23,0.4659469818135767,0.39023795959907215,-0.4659469818135767,0.12861785478889942,0.22253266238983624,20.48656829652333,7.004089979,29.26919118,16.0388477,36.14928045
0.46273387,0.431782344,-0.46273387,0.647562546,Cotton,28-10-2023,Field_23,0.46740487830367494,0.38903145363437214,-0.46740487830367494,0.0,0.22254452147420098,20.623906798589815,7.004089979,23.02541807,13.79485969,35.50245349
0.469187746,0.407540662,-0.469187746,0.6112134456634521,Cotton,11-12-2023,Field_23,0.4659469818135767,0.39023795959907215,-0.4659469818135767,0.12861785478889942,0.22253266238983624,20.3406443641299,6.772658664,22.94343219,11.7633842,34.46961691
0.513613224,0.443547745,-0.513613224,0.665204707,Cotton,27-11-2023,Field_23,0.46740487830367494,0.38903145363437214,-0.46740487830367494,0.0,0.22254452147420098,20.51831202734087,14.14271117,20.30713732,23.85920826,48.21990598
0.4547221064567566,0.44449363,-0.4547221064567566,0.666627978,Cotton,12-12-2023,Field_23,0.4659469818135767,0.39023795959907215,-0.4659469818135767,0.12861785478889942,0.22253266238983624,20.43224750700449,7.136739634,23.30471528,14.66731643,36.12841506
0.490244987,0.478100637,-0.490244987,0.717032922,Cotton,27-12-2023,Field_23,0.46740487830367494,0.38903145363437214,-0.46740487830367494,0.0,0.22254452147420098,20.51831202734087,7.353118506,21.14753728,7.115610857,36.86913625
0.370556306,0.367600897,-0.370556306,0.551327498,Cotton,01-01-2023,Field_24,0.4377142389250018,0.4301594491980389,-0.4377142389250018,0.248503178358078,0.26953205623842624,24.552275684901645,6.64753523,28.3878844,24.26072359,34.46961691
0.445935251,0.405819371,-0.445935251,0.608646088,Cotton,16-01-2023,Field_24,0.4459334504574989,0.4058211291551286,-0.4459334504574989,0.0,0.26065474045576725,22.828348414103232,13.90657597,24.14838554,22.34670993,47.69827134
0.435280477,0.390798477,-0.435280477,0.58611815,Cotton,31-01-2023,Field_24,0.43528369514975246,0.3908095422815536,-0.43528369514975246,0.0,0.25208697386878587,24.338050824119932,13.89058274,24.84587135,16.4428934,47.27053094
0.450768713,0.382053239,-0.450768713,0.573009781,Cotton,15-02-2023,Field_24,0.4590277386210083,0.42908213785084315,-0.4590277386210083,0.0,0.2722900328025667,22.66163360959007,6.588266235,24.14428837,23.86338948,33.77062649
0.483128975,0.3991173207759857,-0.483128975,0.598608104,Cotton,03-02-2023,Field_24,0.4590277386210083,0.42908213785084315,-0.4590277386210083,0.207085981965065,0.2722900328025667,24.035390154520655,6.664469229,22.31755865,22.43256267,33.92711689
0.439706933,0.386033927,-0.439706933,0.578979696,Cotton,17-03-2023,Field_24,0.42486447041965975,0.37849564660076274,-0.42486447041965975,0.0,0.2431867927331767,23.04353435153058,13.508626937866211,24.66849694,23.95343041,46.81149246
0.457280898,0.369777203,-0.457280898,0.554602925,Cotton,04-01-2023,Field_24,0.4590277386210083,0.42908213785084315,-0.4590277386210083,0.165668785572052,0.2722900328025667,23.844545028323182,6.463142801,23.93712135,20.63228952,33.19682839
0.426904793,0.316928292,-0.426904793,0.475345373,Cotton,16-04-2023,Field_24,0.4459334504574989,0.4058211291551286,-0.4459334504574989,0.0,0.26065474045576725,22.828348414103232,6.062371501,26.02799729,34.57774511,31.63192448
0.395184619,0.293830862,-0.395184619,0.440704635,Cotton,05-01-2023,Field_24,0.4590277386210083,0.42908213785084315,-0.4590277386210083,0.124251589179039,0.2722900328025667,23.607529894510833,12.76917573,27.88365914,23.74398529,43.53562693
0.409535857,0.334903484,-0.409535857,0.502305762,Cotton,16-05-2023,Field_24,0.4459334504574989,0.4058211291551286,-0.4459334504574989,0.0,0.26065474045576725,22.828348414103232,6.263697929,26.73135272,21.35169434,32.6021649
0.3846532702445984,0.276980473,-0.3846532702445984,0.41542925,Cotton,31-05-2023,Field_24,0.43528369514975246,0.3908095422815536,-0.43528369514975246,0.0,0.25208697386878587,24.338050824119932,5.804598411,28.59352676,28.63505288,30.75557828
0.383608027,0.285212077,-0.383608027,0.427773562,Cotton,15-06-2023,Field_24,0.4590277386210083,0.42908213785084315,-0.4590277386210083,0.0,0.2722900328025667,22.66163360959007,5.879860627,28.56283309,38.19664287,31.08942445
0.391669097,0.328499772,-0.391669097,0.492682624,Cotton,29-08-2023,Field_24,0.43528369514975246,0.3908095422815536,-0.43528369514975246,0.0,0.25208697386878587,24.145164471580927,13.06740226,27.70910785,40.63164229,45.09009815
0.544071854,0.559383271,-0.544071854,0.838971638,Cotton,28-09-2023,Field_24,0.43528369514975246,0.3908095422815536,-0.43528369514975246,0.0,0.25208697386878587,24.001941117786203,9.483979997,17.56877287,28.30981436,49.6387522
0.551218977,0.603149852,-0.551218977,0.904619374,Cotton,13-10-2023,Field_24,0.4590277386210083,0.42908213785084315,-0.4590277386210083,0.0,0.2722900328025667,22.712264678591737,8.327764203,16.75682696,33.9383638,40.73966526
0.608306512,0.66031202,-0.608306512,0.990354331,Cotton,28-10-2023,Field_24,0.43528369514975246,0.3908095422815536,-0.43528369514975246,0.0,0.25208697386878587,24.001941117786203,8.704075283,13.25789788,21.43467626,42.05418455
0.506864233,0.522891387,-0.506864233,0.78424239,Cotton,12-12-2023,Field_24,0.4590277386210083,0.42908213785084315,-0.4590277386210083,0.0,0.2722900328025667,22.785606184459937,7.714377142,19.84144365,19.81100958,38.32971323
0.432861308,0.374764604,-0.432861308,0.562073362,Cotton,27-12-2023,Field_24,0.43528369514975246,0.3908095422815536,-0.43528369514975246,0.0,0.25208697386878587,23.888237390064035,6.564746793,25.1331566,22.09836321,33.77062649
0.535196919,0.575673001,-0.535196919,0.863360793,Tea,01-01-2023,Field_25,0.5352216113453983,0.5757054730716163,-0.5352216113453983,4.45157428085804,0.32093764213377163,17.016212626865922,14.96024699,17.85560088,14.0498349,53.43625237
0.305440922,0.327036389,-0.305440922,0.4904874861240387,Tea,16-01-2023,Field_25,0.3054515432766639,0.3270525587786245,-0.3054515432766639,2.893621787428856,0.20755733471422894,17.112435095650824,13.26966946,32.12724071,5.075615022,46.49851167
0.375610499,0.368510233,-0.375610499,0.552674191,Tea,31-01-2023,Field_25,0.4086899576431995,0.39681478792361324,-0.4086899576431995,2.4461707025766373,0.2223877544716406,20.43629417419436,6.64377212,28.12050825,10.03198564,34.42788614
0.488632576,0.429244462,-0.488632576,0.643747285,Tea,15-02-2023,Field_25,0.5403656203886241,0.5564995305621577,-0.5403656203886241,2.889830633997917,0.3077176950476598,17.14323005676266,13.85953708,21.72883598,5.86991056,47.9069252
0.41071003675460815,0.392170325,-0.41071003675460815,0.588152082,Tea,03-02-2023,Field_25,0.5403656203886241,0.5564995305621577,-0.5403656203886241,4.576854392886162,0.3077176950476598,17.138376808166527,14.26877538,26.08653476,14.1953518,47.91735789
0.169976385,0.200090982,-0.169976385,0.300084356,Tea,17-03-2023,Field_25,0.4890904319691245,0.4777421939950733,-0.4890904319691245,2.8974129408597946,0.2631141729864083,17.126298023405525,12.80680683,40.3411295,25.65826116,43.46259808
0.385720555,0.399818614,-0.385720555,0.59961965,Tea,04-01-2023,Field_25,0.5403656203886241,0.5564995305621577,-0.5403656203886241,3.130997821688652,0.3077176950476598,17.32805972326372,8.065287225,27.28449607,9.086359843,45.91428088
0.242931839,0.277241723,-0.242931839,0.41580602526664734,Tea,16-04-2023,Field_25,0.3054515432766639,0.3270525587786245,-0.3054515432766639,2.893621787428856,0.20755733471422894,17.112435095650824,13.46911434,35.82777431,21.34347796,45.66389625
0.284240205,0.407679294,-0.284240205,0.611412741,Tea,29-08-2023,Field_25,0.4890904319691245,0.4777421939950733,-0.4890904319691245,2.9072126410901546,0.2631141729864083,20.140450232369574,14.21515105,32.38624613,34.2326672,50.47336762
0.284240205,0.407679294,-0.284240205,0.611412741,Tea,13-09-2023,Field_25,0.5403656203886241,0.5564995305621577,-0.5403656203886241,2.9106895327568054,0.3077176950476598,17.232063320704924,18.23603494,32.38624613,16.53713963,52.69553118
0.505335943,0.619213699,-0.505335943,0.928658718,Tea,28-09-2023,Field_25,0.4890904319691245,0.4777421939950733,-0.4890904319691245,3.107343412935734,0.2631141729864083,19.886741620018427,8.578951849,18.93575715,25.33534763,42.07504994
0.559010677,0.67097871,-0.559010677,1.006307484,Tea,13-10-2023,Field_25,0.5403656203886241,0.5564995305621577,-0.5403656203886241,2.9106895327568054,0.3077176950476598,17.232063320704924,8.915750266,15.66622112,26.89962201,43.23307884
0.559281514,0.671024519,-0.559281514,1.006374617,Tea,28-10-2023,Field_25,0.4890904319691245,0.4777421939950733,-0.4890904319691245,3.107343412935734,0.2631141729864083,19.886741620018427,8.915750266,15.65192317,16.22979882,43.23307884
0.561211188,0.650180063,-0.561211188,0.975109412,Tea,11-12-2023,Field_25,0.5403656203886241,0.5564995305621577,-0.5403656203886241,2.8831411004066467,0.3077176950476598,17.454146503266884,8.724772393,15.7662674,11.44377226,42.39846341
0.310629656,0.350425621,-0.310629656,0.52559667,Tea,27-11-2023,Field_25,0.4890904319691245,0.4777421939950733,-0.4890904319691245,3.2790329791605473,0.2631141729864083,19.60049441201346,6.634364343,31.62340996,28.89787353,34.75129961
0.537473535,0.591243684,-0.537473535,0.886713653,Tea,12-12-2023,Field_25,0.5403656203886241,0.5564995305621577,-0.5403656203886241,2.896915316581726,0.3077176950476598,17.3229480743409,15.61314671,17.58032553,10.88729247,54.36476202
0.512339311,0.542413205,-0.512339311,0.813478019,Tea,27-12-2023,Field_25,0.4890904319691245,0.4777421939950733,-0.4890904319691245,3.2790329791605473,0.2631141729864083,19.60049441201346,7.876190907,19.36248836,14.76494895,38.99740557
0.655985593,0.712078713,-0.655985593,1.067928336,Tea,01-01-2023,Field_26,0.6748856696189086,0.7238024184187658,-0.6748856696189086,2.3515747617930174,0.43332028983120197,8.395339766002905,15.67147493,10.29450891,10.05202865600586,57.21288715
0.073686672,0.118817745,-0.073686672,0.178216005,Tea,16-01-2023,Field_26,0.6431615110323422,0.70511863426674,-0.6431615110323422,1.1866118256002665,0.43166104944308825,8.759308933076397,5.122534578,46.08813644,5.877095297,29.77490516
0.680947177,0.688290623,-0.680947177,1.032259781,Tea,31-01-2023,Field_26,0.6609497885648277,0.6861745045115433,-0.6609497885648277,0.474850807338953,0.4026195202306564,11.668559101649691,8.78310061,9.262806106,9.139039335,41.9915884
0.597079847,0.61065313,-0.597079847,0.91583114,Tea,15-02-2023,Field_26,0.6431615110323422,0.70511863426674,-0.6431615110323422,1.3919719811528921,0.43166104944308825,8.816285069783532,15.75896726,14.33834045,11.76625737,54.26043509
0.019815610721707344,0.031551867,-0.019815610721707344,0.047324744,Tea,03-02-2023,Field_26,0.6431615110323422,0.70511863426674,-0.6431615110323422,2.8576455544680357,0.43166104944308825,8.40209518614273,11.75501737,49.73026372,5.333284851,42.62798266
-0.027011086,0.0023512099869549274,0.027011086,0.0035266070626676083,Tea,17-03-2023,Field_26,0.22800318029503733,0.23977723850995308,-0.22800318029503733,0.9812516700476408,0.11136639080897187,8.691582389104951,11.29874018,52.41966212,10.16721204,43.19134807
0.587570484,0.639289077,-0.587570484,0.95880745,Tea,04-01-2023,Field_26,0.6431615110323422,0.70511863426674,-0.6431615110323422,2.742798013612628,0.43166104944308825,8.481409100123813,15.99792479,14.5314748,10.92033265,55.64798323
0.420464484,0.465018302,-0.420464484,0.697443546,Tea,16-04-2023,Field_26,0.6431615110323422,0.70511863426674,-0.6431615110323422,1.1866118256002665,0.43166104944308825,8.759308933076397,14.23772972,24.84444297,17.09887807,50.56726185
0.384990721,0.430100597,-0.384990721,0.645084135,Tea,05-01-2023,Field_26,0.6431615110323422,0.70511863426674,-0.6431615110323422,2.724298518151045,0.43166104944308825,8.633141408647816,13.97525274,27.01249849,6.621800289,49.6283195
0.587227772,0.670910746,-0.587227772,1.00625009,Tea,16-05-2023,Field_26,0.6431615110323422,0.70511863426674,-0.6431615110323422,1.1866118256002665,0.43166104944308825,8.759308933076397,16.04308212,14.22602704,22.81399919,56.89990636
0.132731092,0.154258243,-0.132731092,0.231362846,Tea,31-05-2023,Field_26,0.6609497885648277,0.6861745045115433,-0.6609497885648277,0.474850807338953,0.4026195202306564,11.668559101649691,5.300341564,42.7111209,28.55628936,29.96269363
0.721294356,0.815756172,-0.721294356,1.223459621,Tea,13-10-2023,Field_26,0.6431615110323422,0.70511863426674,-0.6431615110323422,1.7563787270337343,0.43166104944308825,8.93664153871083,9.827363857,5.900713181,23.02277418,44.04682887
0.697106024,0.798946436,-0.697106024,1.198251193,Tea,28-10-2023,Field_26,0.6609497885648277,0.6861745045115433,-0.6609497885648277,0.4767524152994156,0.4026195202306564,11.495674841744574,9.734226865,7.307550852,17.04103785,44.1511558
0.686353645,0.775187595,-0.686353645,1.162602913,Tea,11-12-2023,Field_26,0.6431615110323422,0.70511863426674,-0.6431615110323422,1.9866343457251787,0.43166104944308825,9.01367031279068,9.547012103,8.099260358,12.27974618,44.28678081
0.679370976,0.764450829,-0.679370976,1.146477460861206,Tea,27-11-2023,Field_26,0.6609497885648277,0.6861745045115433,-0.6609497885648277,0.5707412213087082,0.4026195202306564,11.22684299832298,9.467986776,8.565479209,18.4167719,44.39110773
0.691344824,0.767385785,-0.691344824,1.15090573,Tea,12-12-2023,Field_26,0.6431615110323422,0.70511863426674,-0.6431615110323422,1.7721524853259325,0.43166104944308825,8.967746716453917,9.46610522,7.924067895,7.542526273,44.19288657
0.746485705,0.788905297,-0.746485705,1.183159852,Tea,27-12-2023,Field_26,0.6609497885648277,0.6861745045115433,-0.6609497885648277,0.5707412213087082,0.4026195202306564,11.22684299832298,9.528196549,4.888557434082031,8.234016006,43.87990579
0.587380192,0.663035102,-0.587380192,0.994411984,Tea,01-01-2023,Field_27,0.5872809710563686,0.6629252836729485,-0.5872809710563686,47.188999354839325,0.4189328177403142,19.391107995169477,8.777455944,14.29867676,18.58694995,42.48192496
0.637929608,0.709961791,-0.637929608,1.064767216,Tea,16-01-2023,Field_27,0.6379078442223315,0.7099400760834048,-0.6379078442223315,30.728671610355377,0.4133598168705194,19.342839904058565,16.15409389,11.23814626,24.02019179,57.68235832
0.707630711,0.788439118,-0.707630711,1.182456447,Tea,31-01-2023,Field_27,0.7076271573443147,0.7884402419061821,-0.7076271573443147,27.153441682457924,0.44304827017797593,20.272696703956285,16.21524444,6.877424259,19.25213818,58.04750257
0.636507549,0.69771816,-0.636507549,1.046418724,Tea,15-02-2023,Field_27,0.6379078442223315,0.7099400760834048,-0.6379078442223315,23.848783493041992,0.4133598168705194,19.363398397536514,8.972196928,11.43580551,20.69595999,43.05572306
0.64894334,0.694927544,-0.64894334,1.042232933,Tea,03-02-2023,Field_27,0.5872809710563686,0.6629252836729485,-0.5872809710563686,28.728735506534576,0.4189328177403142,19.328085699535563,8.917631821,10.82927986,20.45501032,42.75317497
0.614544762,0.644347635,-0.614544762,0.966379244,Tea,17-03-2023,Field_27,0.6379078442223315,0.7099400760834048,-0.6379078442223315,30.009651757776737,0.4133598168705194,19.43054374513173,15.31868329,13.10238784,32.57864525,55.04288705
0.541575682,0.610942856,-0.541575682,0.916311881,Tea,04-01-2023,Field_27,0.5872809710563686,0.6629252836729485,-0.5872809710563686,26.64649724960327,0.4189328177403142,19.273784937177425,4.304998757,17.1696668,15.26746041,41.18827105
0.643018678,0.704248963,-0.643018678,1.056243689,Tea,16-04-2023,Field_27,0.6379078442223315,0.7099400760834048,-0.6379078442223315,30.728671610355377,0.4133598168705194,19.342839904058565,9.015472702,11.03662054,20.44579574,43.20178076
0.699679275,0.797674134,-0.699679275,1.196383135,Tea,14-08-2023,Field_27,0.6379078442223315,0.7099400760834048,-0.6379078442223315,24.66138595342636,0.4133598168705194,19.320332281930177,16.88507817,7.189143259,43.43127692,58.51697374
0.607287471,0.682530338,-0.607287471,1.023678188,Tea,28-09-2023,Field_27,0.7076271573443147,0.7884402419061821,-0.7076271573443147,27.49102234095335,0.44304827017797593,19.908022544497555,5.230724014,13.08302171,31.58957963,53.35279082
0.607287471,0.682530338,-0.607287471,1.023678188,Tea,13-10-2023,Field_27,0.6379078442223315,0.7099400760834048,-0.6379078442223315,28.59368133544922,0.4133598168705194,19.35393599555607,15.84834114,13.08302171,36.27466798,56.93120444
0.624231026,0.724755724,-0.624231026,1.086952178,Tea,27-12-2023,Field_27,0.7076271573443147,0.7884402419061821,-0.7076271573443147,26.829158954322338,0.44304827017797593,19.84044976915635,9.243140905,11.78656718,17.99835809,44.28678081
0.438259264,0.411379231,-0.438259264,0.616981532,Coffee,01-01-2023,Field_28,0.4810861924507306,0.4568024547065808,-0.4810861924507306,0.0,0.26977840399259967,20.516026614961163,6.878966545,24.48357284,15.63872037,35.10601117
0.484363555,0.417810277,-0.484363555,0.62662225,Coffee,16-01-2023,Field_28,0.48432298880069447,0.417765175394704,-0.48432298880069447,0.0,0.2545630650500761,19.507384872436546,14.23020349,22.06360675,17.63329105,47.74000211
0.467619482,0.385863079,-0.467619482,0.578709268,Coffee,31-01-2023,Field_28,0.4675860058616331,0.3858250110732007,-0.4675860058616331,1.3378338515758514,0.23684713173066554,21.443810217721136,13.52650177,23.244905471801758,15.64807399,46.37331936
0.458842863,0.353712374,-0.458842863,0.530496592,Coffee,15-02-2023,Field_28,0.48432298880069447,0.417765175394704,-0.48432298880069447,0.0,0.2545630650500761,19.469024095081238,6.315440702,24.02142864,17.15864672,32.55000144
0.453680034,0.329816953,-0.453680034,0.49465851,Coffee,03-02-2023,Field_28,0.4810861924507306,0.4568024547065808,-0.4810861924507306,0.0,0.26977840399259967,20.204817935398694,6.114114274,24.52910617,24.27863928,31.71538602
0.456696089,0.335995801,-0.456696089,0.503924142,Coffee,17-03-2023,Field_28,0.48432298880069447,0.417765175394704,-0.48432298880069447,0.0,0.2545630650500761,19.703591782706155,3.606941703,24.31198946,38.75657195,42.33586726
0.4443531632423401,0.319642847,-0.4443531632423401,0.479403709,Coffee,04-01-2023,Field_28,0.4810861924507306,0.4568024547065808,-0.4810861924507306,0.0,0.26977840399259967,19.93984706515363,6.045437502,25.10928401,22.51200478,31.46500139
0.434581393,0.311591756,-0.434581393,0.46733015,Coffee,16-04-2023,Field_28,0.48432298880069447,0.417765175394704,-0.48432298880069447,0.0,0.2545630650500761,19.507384872436546,5.996517062,25.69049793,20.67317508,31.308511
0.445472719,0.336924355,-0.445472719,0.505320351,Coffee,05-01-2023,Field_28,0.4810861924507306,0.4568024547065808,-0.4810861924507306,0.0,0.26977840399259967,19.7088017509098,13.69396021,24.87562058,20.92602439,44.92317507
0.511074232,0.433242913,-0.511074232,0.649779423,Coffee,16-05-2023,Field_28,0.48432298880069447,0.417765175394704,-0.48432298880069447,0.0,0.2545630650500761,19.507384872436546,6.903426765,20.54203129,26.67116945,34.80346308
0.515736523,0.477380008,-0.515736523,0.715981611,Coffee,31-05-2023,Field_28,0.4675860058616331,0.3858250110732007,-0.4675860058616331,1.3378338515758514,0.23684713173066554,21.443810217721136,5.678534199,19.8531877,26.96374283,36.44139584
0.209378665,0.21546697,-0.209378665,0.323158828,Coffee,14-08-2023,Field_28,0.48432298880069447,0.417765175394704,-0.48432298880069447,0.0,0.2545630650500761,19.433840233939065,2.056540053,38.17204383,41.86971705,41.5534153
0.591027262,0.649962377,-0.591027262,0.974817865,Coffee,13-10-2023,Field_28,0.48432298880069447,0.417765175394704,-0.48432298880069447,0.0,0.2545630650500761,19.43361884525848,8.65233251,14.24595151,37.66877298,41.91855955
0.569141634,0.600588073,-0.569141634,0.900768808,Coffee,28-10-2023,Field_28,0.4675860058616331,0.3858250110732007,-0.4675860058616331,1.2723079919815063,0.23684713173066554,21.038184374854666,15.33655807,15.86778087,30.21649057,54.08307932
0.534517334,0.555783527,-0.534517334,0.833561503,Coffee,11-12-2023,Field_28,0.4382293725224331,0.4113501576162375,-0.4382293725224331,0.0,0.2585650100871885,19.504985881987125,14.89909644,18.09343218,19.57610618,52.64336771
0.534517334,0.555783527,-0.534517334,0.833561503,Coffee,27-11-2023,Field_28,0.4675860058616331,0.3858250110732007,-0.4675860058616331,1.2723079919815063,0.23684713173066554,20.915150987534275,15.16815886,18.09343218,39.75335564,52.79985811
0.181408353,0.349008738,-0.181408353,0.523409729,Coffee,01-01-2023,Field_29,0.1122843552215714,0.28203765162123146,-0.1122843552215714,7.441929817199707,0.1815395017503666,26.553287124633812,6.92600543,38.23648493,23.04219954,36.71264586
0.146115316,0.314909631,-0.146115316,0.472701376,Coffee,16-01-2023,Field_29,0.16180039682351102,0.32662173484373425,-0.16180039682351102,1.904451161623001,0.181622603347389,26.037658309936603,13.29507046,40.38695155,15.66932141,48.54331946
0.154897299,0.321774463,-0.154897299,0.482563733,Coffee,31-01-2023,Field_29,0.15486650255174947,0.3217463847394927,-0.15486650255174947,39.27443638071418,0.16620827979343272,26.561323238554507,14.25654527,39.86839546,18.01510522,49.2005791
0.007030896842479706,0.140386551,-0.007030896842479706,0.210526896,Coffee,15-02-2023,Field_29,0.15697640356157241,0.32454329768521656,-0.15697640356157241,1.7276372909545898,0.17515435242675012,26.081508981613922,5.471563105,49.27159211,24.19153616,31.39197254
0.133631326,0.296139789,-0.133631326,0.444122513,Coffee,03-02-2023,Field_29,0.15697640356157241,0.32454329768521656,-0.15697640356157241,0.0,0.17515435242675012,26.544557053702306,13.9432663,41.21613268,18.22826392,48.36596368
0.357124485,0.43530099,-0.357124485,0.652784498,Coffee,17-03-2023,Field_29,0.16180039682351102,0.32662173484373425,-0.16180039682351102,1.904451161623001,0.181622603347389,26.0429298128401,7.284441733,28.38235936,20.53818364,37.29687665
0.212185862,0.267907086,-0.212185862,0.401772552,Coffee,04-01-2023,Field_29,0.15697640356157241,0.32454329768521656,-0.15697640356157241,0.0,0.17515435242675012,26.486640684945257,6.129166717,37.49313178,19.26399932,33.10293416
0.07556626200675964,0.195516067,-0.07556626200675964,0.293221854,Coffee,16-04-2023,Field_29,0.16180039682351102,0.32662173484373425,-0.16180039682351102,1.904451161623001,0.181622603347389,26.037658309936603,5.802716855,45.20884613,29.16464131,32.44567451
0.265550317,0.353183156,-0.265550317,0.529668244,Coffee,05-01-2023,Field_29,0.15697640356157241,0.32454329768521656,-0.15697640356157241,0.0,0.17515435242675012,26.376910009838355,23.58435617,33.89719569,16.84600863,53.85356008
0.104211462,0.244041572,-0.104211462,0.366050018,Coffee,16-05-2023,Field_29,0.16180039682351102,0.32662173484373425,-0.16180039682351102,1.904451161623001,0.181622603347389,26.037658309936603,12.79175439,43.25051202,36.90271619,46.1750982
0.104211462,0.244041572,-0.104211462,0.366050018,Coffee,31-05-2023,Field_29,0.15486650255174947,0.3217463847394927,-0.15486650255174947,39.27443638071418,0.16620827979343272,26.561323238554507,37.64804201,43.25051202,23.6169936,59.96711804
0.208961532,0.386831866,-0.208961532,0.580132565,Coffee,30-06-2023,Field_29,0.15486650255174947,0.3217463847394927,-0.15486650255174947,39.27443638071418,0.16620827979343272,26.555385662260505,14.01100229,36.44321636,39.93994227,50.72375224
0.222808402,0.371125544,-0.222808402,0.556572472,Coffee,30-07-2023,Field_29,0.15486650255174947,0.3217463847394927,-0.15486650255174947,39.27443638071418,0.16620827979343272,26.555385662260505,7.026668644,35.89654132,42.90159501,36.92129971
0.237425446,0.387856125831604,-0.237425446,0.581654106,Coffee,14-08-2023,Field_29,0.15697640356157241,0.32454329768521656,-0.15697640356157241,1.7276372909545898,0.17515435242675012,26.130861718314065,7.367230171,34.97926383,40.79886051,47.77130019
0.183706231,0.33926626,-0.183706231,0.508805786,Coffee,13-10-2023,Field_29,0.15697640356157241,0.32454329768521656,-0.15697640356157241,1.7276372909545898,0.17515435242675012,26.221559460957906,20.77237162,38.21864395,22.19349447,53.03981004
0.043426865,0.15574738383293152,-0.043426865,0.23447857797145844,Coffee,11-12-2023,Field_29,0.15697640356157241,0.32454329768521656,-0.15697640356157241,1.7276372909545898,0.17515435242675012,26.216783687046643,12.90652927,47.25617672,17.91007432,43.78601155
0.048066062,0.199281968,-0.048066062,0.300141629,Coffee,27-11-2023,Field_29,0.15486650255174947,0.3217463847394927,-0.15486650255174947,38.78279944881797,0.16620827979343272,26.330277243114722,5.901498514,46.57466577,26.48550266,33.01947262
0.138103576,0.339452536,-0.138103576,0.509091231,Coffee,12-12-2023,Field_29,0.15697640356157241,0.32454329768521656,-0.15697640356157241,1.7276372909545898,0.17515435242675012,26.222513271513435,6.942939428,40.54541239,24.47617871,37.02562664
-0.034696565,0.247341107,0.034696565,0.370900201,Coffee,27-12-2023,Field_29,0.15486650255174947,0.3217463847394927,-0.15486650255174947,38.78279944881797,0.16620827979343272,26.330277243114722,6.525234129,50.3100653,24.22530853,36.17014583
0.71109801,0.811952383,-0.71109801,1.217712636,Coffee,01-01-2023,Field_30,0.7104610058397538,0.8143814211086806,-0.7104610058397538,35.10512179136276,0.44472949713761906,22.422927656627905,9.81795608,6.460230826,16.63823428,44.04682887
0.713314373,0.805000896,-0.713314373,1.207289655,Coffee,16-01-2023,Field_30,0.7133138445157886,0.805001266184446,-0.7133138445157886,16.698077097535133,0.4409652885139646,22.010593577793713,16.41563009,6.418048295,22.33456553,58.13096411
0.738808628,0.825377759,-0.738808628,1.237841108,Coffee,31-01-2023,Field_30,0.7280393583673049,0.8191697184592343,-0.7280393583673049,13.625855505466461,0.4403958057428099,23.116998926798487,17.31030969,4.908093844,16.85101061,58.63173336
0.660983252,0.727531854,-0.660983252,1.091104534,Coffee,15-02-2023,Field_30,0.7133138445157886,0.805001266184446,-0.7133138445157886,15.088331297039986,0.4409652885139646,22.039086641584163,9.181049577,9.881485596,16.90160143,43.81730963
0.645484541,0.689332568,-0.645484541,1.033807025,Coffee,03-02-2023,Field_30,0.7104610058397538,0.8143814211086806,-0.7104610058397538,14.393296539783478,0.44472949713761906,22.42797409239273,8.876237602,11.06304206,17.55583122,42.58625188
0.572555488,0.587935433,-0.572555488,0.88173489,Coffee,17-03-2023,Field_30,0.7133138445157886,0.805001266184446,-0.7133138445157886,16.118064368143678,0.4409652885139646,22.100762076605008,15.66488949,15.82267442,34.80812279,53.71793507
0.5673248767852783,0.608172607,-0.5673248767852783,0.912099231,Coffee,04-01-2023,Field_30,0.7104610058397538,0.8143814211086806,-0.7104610058397538,12.523710489273071,0.44472949713761906,22.329960532415555,8.334349647,15.88309138,17.59128914,40.67706911
0.563779056,0.577329707,-0.563779056,0.865838348,Coffee,16-04-2023,Field_30,0.7133138445157886,0.805001266184446,-0.7133138445157886,16.698077097535133,0.4409652885139646,22.010593577793713,8.06716878,16.37915235,24.77838451,39.5399056
0.520039332,0.537638611,-0.520039332,0.806318533,Coffee,05-01-2023,Field_30,0.7104610058397538,0.8143814211086806,-0.7104610058397538,11.41387927532196,0.44472949713761906,22.247649174644835,14.90662266,19.01805396,17.15452929,52.17389654
0.711038769,0.828003192,-0.711038769,1.241842861,Coffee,16-05-2023,Field_30,0.7133138445157886,0.805001266184446,-0.7133138445157886,16.698077097535133,0.4409652885139646,22.010593577793713,2.567382344,6.299331042,24.42025656,43.81730963
0.5391728281974792,0.641458606,-0.5391728281974792,0.962081971,Coffee,31-05-2023,Field_30,0.7280393583673049,0.8191697184592343,-0.7280393583673049,13.625855505466461,0.4403958057428099,23.116998926798487,10.19991183,16.98071492,24.55295288,53.27976197
0.5391728281974792,0.641458606,-0.5391728281974792,0.962081971,Coffee,15-06-2023,Field_30,0.7133138445157886,0.805001266184446,-0.7133138445157886,15.088331297039986,0.4409652885139646,22.039086641584163,15.93583347,16.98071492,44.46871901,56.46173327
0.58308432,0.650060113,-0.58308432,0.974929922,Coffee,14-08-2023,Field_30,0.7133138445157886,0.805001266184446,-0.7133138445157886,15.685036912560463,0.4409652885139646,22.02510232471286,15.38265618,14.65055467,40.38810075,55.79404093
0.685682673,0.783839408,-0.685682673,1.175588248,Coffee,28-09-2023,Field_30,0.7280393583673049,0.8191697184592343,-0.7280393583673049,12.342700669541955,0.4403958057428099,22.78642888750352,5.322920228,8.045163263,32.73650799,54.62557934
0.685682673,0.783839408,-0.685682673,1.175588248,Coffee,13-10-2023,Field_30,0.7133138445157886,0.805001266184446,-0.7133138445157886,17.17333835363388,0.4409652885139646,22.108435158502516,16.82769073,8.045163263,33.29966356,58.74649298
0.667714958,0.779646962,-0.667714958,1.169271696,Coffee,27-12-2023,Field_30,0.7280393583673049,0.8191697184592343,-0.7280393583673049,12.080059731379151,0.4403958057428099,22.729319281805147,9.630741318,9.005490235,17.4844331,44.61019428
0.16823583,0.124879871,-0.16823583,0.187282467,Barley,16-01-2023,Field_31,0.16823906716637163,0.12488479758533491,-0.16823906716637163,0.0,0.06384472072956644,12.444815117972269,4.95413537,41.19813147,6.964812799,28.27259741
0.227112654,0.184829896,-0.227112654,0.277191988,Barley,31-01-2023,Field_31,0.22703045360920227,0.18472289090526417,-0.22703045360920227,0.0,0.09770723158782194,15.02006347292945,12.80774761,37.57936139,6.179612484,41.9811557
0.185983266,0.145961259,-0.185983266,0.218902997,Barley,15-02-2023,Field_31,0.16823906716637163,0.12488479758533491,-0.16823906716637163,0.0,0.06384472072956644,12.167109335036514,5.100896691,40.07656822,8.654107764,28.80466474
0.245363011,0.177957654,-0.245363011,0.266883534,Barley,03-02-2023,Field_31,0.015810524931520086,-0.004606131206053565,-0.015810524931520086,1.7109207063913345,-0.004089106670995913,11.86822358085999,5.246717235,36.71760375,8.845940703,29.10721283
0.153609027,0.131958813,-0.153609027,0.197909482,Barley,17-03-2023,Field_31,0.16823906716637163,0.12488479758533491,-0.16823906716637163,0.0,0.06384472072956644,12.784216317676453,11.77853681,41.87274357,23.81418753,40.52057872
0.296597581,0.225762179,-0.296597581,0.338584425,Barley,04-01-2023,Field_31,0.015810524931520086,-0.004606131206053565,-0.015810524931520086,1.6768429279327393,-0.004089106670995913,11.852090136210165,12.85760883,33.61312108,13.37998123,42.50279034
0.220126182,0.178347546,-0.220126182,0.26748185,Barley,16-04-2023,Field_31,0.16823906716637163,0.12488479758533491,-0.16823906716637163,0.0,0.06384472072956644,12.444815117972269,5.309749341,38.00232466,22.56378154,29.52452054
0.205192858,0.181550927,-0.205192858,0.272286339,Barley,05-01-2023,Field_31,0.015810524931520086,-0.004606131206053565,-0.015810524931520086,1.642765149474144,-0.004089106670995913,11.792774500165706,5.770730414,38.73216969,9.240509045,40.31192486
0.222186982,0.181369758,-0.222186982,0.272018207,Barley,16-05-2023,Field_31,0.16823906716637163,0.12488479758533491,-0.16823906716637163,0.0,0.06384472072956644,12.444815117972269,12.18213044,37.86622569,24.74968158,41.57428069
0.242596882,0.199972966,-0.242596882,0.299919135,Barley,31-05-2023,Field_31,0.22703045360920227,0.18472289090526417,-0.22703045360920227,0.0,0.09770723158782194,15.02006347292945,5.449925218,36.63401479,25.3830847,30.0044244
0.20465826988220215,0.164329391,-0.20465826988220215,0.246461649,Barley,15-06-2023,Field_31,0.16823906716637163,0.12488479758533491,-0.16823906716637163,0.0,0.06384472072956644,12.167109335036514,5.220375459,38.93534946,29.03603727,29.22197245
0.093627261,0.099200065,-0.093627261,0.14878104627132416,Barley,30-06-2023,Field_31,0.22703045360920227,0.18472289090526417,-0.22703045360920227,0.0,0.09770723158782194,14.924212392171228,10.06443984,45.2702357,28.0049812,40.32235755
0.256061881,0.208217743,-0.256061881,0.312282476,Barley,14-08-2023,Field_31,0.16823906716637163,0.12488479758533491,-0.16823906716637163,0.0,0.06384472072956644,11.809456398373584,12.76259028,35.86223023,25.76162675,42.40889611
0.22311435639858246,0.187848532,-0.22311435639858246,0.281732622,Barley,29-08-2023,Field_31,0.22703045360920227,0.18472289090526417,-0.22703045360920227,0.0,0.09770723158782194,14.82092247009274,5.38783389,37.7527028,30.37391546,29.83750132
0.240501309,0.211675229,-0.240501309,0.317460982,Barley,13-09-2023,Field_31,0.16823906716637163,0.12488479758533491,-0.16823906716637163,0.0,0.06384472072956644,11.343246123904294,13.0316527,36.62151018,19.65961986,42.93053075
0.233809376,0.208734616,-0.233809376,0.313056395,Barley,28-09-2023,Field_31,0.22703045360920227,0.18472289090526417,-0.22703045360920227,0.0,0.09770723158782194,14.65950482686361,5.548706876,36.99326163,17.70546092,30.48432827
0.254987197,0.210879211,-0.254987197,0.316267827,Barley,13-10-2023,Field_31,0.16823906716637163,0.12488479758533491,-0.16823906716637163,0.0,0.06384472072956644,11.343246123904294,5.51860199,35.88992706,15.18810613,30.23394365
0.159561215,0.130944474,-0.159561215,0.196386126,Barley,28-10-2023,Field_31,0.22703045360920227,0.18472289090526417,-0.22703045360920227,0.0,0.09770723158782194,14.65950482686361,5.028456808,41.57915814,12.96637169,28.63774165
0.105225747,0.115826326,-0.105225747,0.173715644,Barley,11-12-2023,Field_31,0.10793952444683766,0.09074440314380684,-0.10793952444683766,0.6162127256393433,0.05410261486457221,11.05327922276092,5.020930587,44.50816439,10.69708929,29.2845686
0.136977336,0.120380898,-0.136977336,0.180543593,Barley,27-11-2023,Field_31,-0.034778401501436906,-0.023060814623465,0.034778401501436906,0.0,-0.02758928969108683,14.549817793709906,11.62989393,42.84027421,10.73408719,40.44754987
0.28029491,0.217148082,-0.28029491,0.325652106,Barley,12-12-2023,Field_31,0.10793952444683766,0.09074440314380684,-0.10793952444683766,0.30810636281967163,0.05410261486457221,11.029886318388435,5.514838879,34.53358144,5.974133908,30.07745325
0.226053164,0.179936639,-0.226053164,0.269849431,Barley,27-12-2023,Field_31,-0.034778401501436906,-0.023060814623465,0.034778401501436906,0.0,-0.02758928969108683,14.549817793709906,12.11533522,37.68343783,11.62018614,41.42822299
0.473682165145874,0.383682267,-0.473682165145874,0.575436562,Barley,01-01-2023,Field_32,0.46533942816619683,0.3736077351914847,-0.46533942816619683,0.9126914590597153,0.22871661809789606,12.610526475452275,6.548753572,22.95759002,10.22562515,33.4785111
0.4615197479724884,0.358814573,-0.4615197479724884,0.538142734,Barley,16-01-2023,Field_32,0.4988814859204645,0.3772643214413463,-0.4988814859204645,0.0,0.2257929703684701,13.92792872474314,6.354953366,23.832627,14.22015347,32.70649183
0.439085841,0.339846165,-0.439085841,0.509687244,Barley,31-01-2023,Field_32,0.439099662602097,0.33987580319659144,-0.439099662602097,0.0,0.199093917988642,15.366545522780655,13.59611932,25.17192238,12.71051685,45.07966546
0.419579703,0.313571193,-0.419579703,0.470288402,Barley,15-02-2023,Field_32,0.4988814859204645,0.3772643214413463,-0.4988814859204645,0.0,0.2257929703684701,13.746443412417477,6.049200613,26.43633403,5.736275446,31.62149178
0.43435902,0.329032839,-0.43435902,0.493477447,Barley,03-02-2023,Field_32,0.4988814859204645,0.3772643214413463,-0.4988814859204645,0.8672985062003136,0.2257929703684701,12.95892182304749,6.15268616,25.52372969,6.843054856,31.98663603
0.325987802,0.26325198,-0.325987802,0.394827438,Barley,17-03-2023,Field_32,0.4615298463553707,0.3588372870251508,-0.4615298463553707,0.0,0.22209824148113141,13.9702979769026,4.511969851,31.72944935,17.84607776,41.57428069
0.402026545,0.310715999,-0.402026545,0.466005755,Barley,04-01-2023,Field_32,0.4988814859204645,0.3772643214413463,-0.4988814859204645,0.8219055533409119,0.2257929703684701,13.17746564774285,6.065193834,27.36183472,12.84701121,31.78841487
0.381766859,0.260529027,-0.381766859,0.390742723,Barley,16-04-2023,Field_32,0.4988814859204645,0.3772643214413463,-0.4988814859204645,0.0,0.2257929703684701,13.92792872474314,5.664422534,28.9089361,11.55072403,30.1609148
0.360892193,0.254736439,-0.360892193,0.3820589482784271,Barley,05-01-2023,Field_32,0.4988814859204645,0.3772643214413463,-0.4988814859204645,0.7765126004815102,0.2257929703684701,13.372399221147816,5.6616002,30.03404672,13.14894633,30.26524172
0.329600443,0.228784512,-0.329600443,0.343137157,Barley,16-05-2023,Field_32,0.4988814859204645,0.3772643214413463,-0.4988814859204645,0.0,0.2257929703684701,13.92792872474314,5.502608769,31.89698402,21.40036158,29.75403978
0.374477645,0.301469402,-0.374477645,0.452154573,Barley,31-05-2023,Field_32,0.439099662602097,0.33987580319659144,-0.439099662602097,0.0,0.199093917988642,15.366545522780655,6.047319058,28.86303634,13.91232046,31.86144372
0.366061762,0.28626054525375366,-0.366061762,0.429343119,Barley,15-06-2023,Field_32,0.4988814859204645,0.3772643214413463,-0.4988814859204645,0.0,0.2257929703684701,13.746443412417477,5.930662623,29.44811417,28.53153334,31.40240524
0.456689615,0.446213705,-0.456689615,0.669248917,Barley,14-08-2023,Field_32,0.4988814859204645,0.3772643214413463,-0.4988814859204645,0.0,0.2257929703684701,13.402096139817047,14.62721168,23.18667847,28.9282963,49.48226181
0.467585523,0.437665371,-0.467585523,0.656414874,Barley,29-08-2023,Field_32,0.439099662602097,0.33987580319659144,-0.439099662602097,0.0,0.199093917988642,15.051152892339758,7.045484198,22.71758881,31.63423818,35.65894389
0.515469628,0.471215419,-0.515469628,0.706708711,Barley,13-09-2023,Field_32,0.4988814859204645,0.3772643214413463,-0.4988814859204645,0.0,0.2257929703684701,13.082469059172126,14.23961127,19.92977475,24.5338994,49.31533872
0.474825245,0.445655491,-0.474825245,0.6683902144432068,Barley,28-09-2023,Field_32,0.439099662602097,0.33987580319659144,-0.439099662602097,0.0,0.199093917988642,14.98913536071774,7.100049304,22.26629491,10.34438565,35.85716505
0.460187793,0.395862742,-0.460187793,0.593712356,Barley,13-10-2023,Field_32,0.4988814859204645,0.3772643214413463,-0.4988814859204645,0.0,0.2257929703684701,13.082469059172126,6.688929449,23.52227422,29.49295286,34.15663613
0.4232211410999298,0.345750418,-0.4232211410999298,0.518555155,Barley,28-10-2023,Field_32,0.439099662602097,0.33987580319659144,-0.439099662602097,0.0,0.199093917988642,14.98913536071774,13.24426846,25.92174399,21.88226595,45.36134816
0.40117107,0.339927302,-0.40117107,0.509826975,Barley,11-12-2023,Field_32,0.4988814859204645,0.3772643214413463,-0.4988814859204645,0.256133496761322,0.2257929703684701,12.806185658772847,6.327670812,27.10718768,8.368623471,32.92557838
-0.028689449,0.011540126986801624,0.028689449,0.01730789616703987,Barley,27-11-2023,Field_32,-0.025523540143290585,0.0065017945779079255,0.025523540143290585,0.0,0.006206473506973641,14.873170425778312,11.18302452,52.41152142,20.69522896,43.12875191
0.441761532,0.346068168,-0.441761532,0.519022281,Barley,12-12-2023,Field_32,0.4988814859204645,0.3772643214413463,-0.4988814859204645,0.128066748380661,0.2257929703684701,12.87880396161762,6.287217371,24.9717454,7.146956313,32.52913606
0.44764404,0.341707663,-0.44764404,0.512484393,Barley,27-12-2023,Field_32,-0.025523540143290585,0.0065017945779079255,0.025523540143290585,0.0,0.006206473506973641,14.873170425778312,6.23453382,24.71589208,13.75085579,32.26831874
0.613432875,0.652243885,-0.613432875,0.9782059788703918,Barley,01-01-2023,Field_33,0.45560703391791857,0.49779293566515653,-0.45560703391791857,4.2514432072639465,0.29431840277924937,15.630034473964145,8.620346068,13.07852224,9.233004766,41.65774223
0.652333936,0.670005458,-0.652333936,1.004858197,Barley,16-01-2023,Field_33,0.6396841428259749,0.6700673547585484,-0.6396841428259749,5.188494473695755,0.3894342210171336,16.2589252835229,16.16067934,10.91066734,7.530888186,55.90880055
0.492366972,0.55098668,-0.492366972,0.826369339,Barley,31-01-2023,Field_33,0.679035636364129,0.6898250897614661,-0.679035636364129,8.877426862716675,0.4368604470534436,18.575744974045563,7.999432786,20.29480345,9.228320039,39.64423252
0.680250079,0.66788141,-0.680250079,1.001683767,Barley,15-02-2023,Field_33,0.6396841428259749,0.6700673547585484,-0.6396841428259749,5.598924905061722,0.3894342210171336,15.939326131911514,8.602471292,9.506839707,10.33798275,41.21956913
0.639196047,0.590656793,-0.639196047,0.885866791,Barley,03-02-2023,Field_33,0.45560703391791857,0.49779293566515653,-0.45560703391791857,4.664500579237938,0.29431840277924937,15.349936285473063,8.008840563,12.39192331,11.71261392,38.88264595
0.600971496,0.543689515,-0.600971496,0.815404449,Barley,17-03-2023,Field_33,0.6396841428259749,0.6700673547585484,-0.6396841428259749,4.778064042329788,0.3894342210171336,16.637790071396637,15.02610143,14.82350682,19.24313918,51.21408881
0.377036814,0.253046101,-0.377036814,0.379509349,Barley,04-01-2023,Field_33,0.6134415374132193,0.6522849124840957,-0.6134415374132193,4.833828330039978,0.376441234983587,15.287497502281553,5.607975871,29.22689506,12.12259309,29.95226094
0.316401766,0.193934174,-0.316401766,0.290860097,Barley,16-04-2023,Field_33,0.6396841428259749,0.6700673547585484,-0.6396841428259749,5.188494473695755,0.3894342210171336,16.2589252835229,5.222257014,32.92688827,19.1403143,28.61687627
0.351338888,0.260882826,-0.351338888,0.391262426,Barley,05-01-2023,Field_33,0.6396841428259749,0.6700673547585484,-0.6396841428259749,4.998872265219688,0.3894342210171336,15.317589650835316,5.738743972,30.45910794,13.97669863,30.65125136
0.325022509,0.238698446,-0.325022509,0.357989153,Barley,16-05-2023,Field_33,0.6396841428259749,0.6700673547585484,-0.6396841428259749,5.188494473695755,0.3894342210171336,16.2589252835229,5.602331205,32.02950359,29.48489697,30.21307826
0.380591732,0.276480786,-0.380591732,0.414655443,Barley,31-05-2023,Field_33,0.679035636364129,0.6898250897614661,-0.679035636364129,8.877426862716675,0.4368604470534436,18.575744974045563,5.809302299,28.80602992,11.95846984,30.79730906
0.355086017,0.234273196,-0.355086017,0.351355452,Barley,15-06-2023,Field_33,0.6396841428259749,0.6700673547585484,-0.6396841428259749,5.598924905061722,0.3894342210171336,15.939326131911514,5.492260214,30.53952398,25.36075577,29.56625131
0.71146937,0.79917069,-0.71146937,1.198618609,Barley,29-08-2023,Field_33,0.4923867258510208,0.551022357886475,-0.4923867258510208,8.71847665309906,0.3598724262491134,18.637357784452888,16.94528794,6.571805389,27.88863419,58.4335122
0.71146937,0.79917069,-0.71146937,1.198618609,Barley,13-09-2023,Field_33,0.6396841428259749,0.6700673547585484,-0.6396841428259749,5.952405661344528,0.3894342210171336,15.163500495184053,16.2970921,6.571805389,26.13321899,58.06836795
0.612993659,0.65059295,-0.612993659,0.975765975,Barley,13-10-2023,Field_33,0.6396841428259749,0.6700673547585484,-0.6396841428259749,5.952405661344528,0.3894342210171336,15.163500495184053,8.606234402,13.11781134,14.9748755,41.60557876
0.562099212,0.540058136,-0.562099212,0.809976246,Barley,28-10-2023,Field_33,0.4923867258510208,0.551022357886475,-0.4923867258510208,8.640458539128304,0.3598724262491134,18.651971344720778,7.737896585,16.84558237,22.85783312,38.13149207
0.520293511,0.455368433,-0.520293511,0.68294903,Barley,11-12-2023,Field_33,0.6396841428259749,0.6700673547585484,-0.6396841428259749,5.744551628828049,0.3894342210171336,14.915299079531735,14.59334369,19.84528943,10.89284389,48.82500216
0.397081046,0.367160525,-0.397081046,0.550657339,Barley,27-11-2023,Field_33,0.4923867258510208,0.551022357886475,-0.4923867258510208,9.029820531606674,0.3598724262491134,18.760830861046202,9.239377795,27.0379127,28.06585639,44.47456928
0.490196885,0.528929591,-0.490196885,0.793250124,Barley,12-12-2023,Field_33,0.6396841428259749,0.6700673547585484,-0.6396841428259749,5.8484786450862885,0.3894342210171336,14.99034135001051,7.807514135,20.63088388,7.083086957,38.83048249
0.490196885,0.528929591,-0.490196885,0.793250124,Barley,27-12-2023,Field_33,0.4923867258510208,0.551022357886475,-0.4923867258510208,9.029820531606674,0.3598724262491134,18.760830861046202,7.807514135,20.63088388,6.822004669,38.83048249
0.604864376,0.60054513,-0.604864376,0.900658925,Groundnut,01-01-2023,Field_34,0.5265829941290725,0.5481666422578816,-0.5265829941290725,0.029712647665292025,0.31570361084759296,21.429589207967126,8.178180549,14.04406013,8.707579224,39.80072292
0.577229969,0.564809901,-0.577229969,0.847070503,Groundnut,16-01-2023,Field_34,0.5141892657615831,0.5205265306911436,-0.5141892657615831,0.009680057875812054,0.2957048610326078,20.26005298069549,7.92417057,15.82015313,6.967994364,38.85134787
0.550400365,0.529384505,-0.550400365,0.793936939,Groundnut,31-01-2023,Field_34,0.4777750160512434,0.4742697922347818,-0.4777750160512434,0.0,0.2726846791600418,21.87281179882234,14.9216751,17.55198511,9.56818749,51.39144458
0.548661637,0.50900086,-0.548661637,0.763367505,Groundnut,15-02-2023,Field_34,0.5386824704925505,0.5415340592220728,-0.5386824704925505,0.01452008681371808,0.3087979639710212,20.526786604381698,7.492353605,17.84894773,9.61013298,37.14038626
0.546112315,0.474690864,-0.546112315,0.711917212,Groundnut,03-02-2023,Field_34,0.5265829941290725,0.5481666422578816,-0.5265829941290725,0.031020835507661104,0.31570361084759296,21.576039568583155,7.191304741,18.32953093,14.76505238,35.85716505
0.523380503,0.472486092,-0.523380503,0.708614417,Groundnut,17-03-2023,Field_34,0.5141892657615831,0.5205265306911436,-0.5141892657615831,0.004840028937906027,0.2957048610326078,20.05965925852462,3.773459356,19.51283366,26.50706539,46.56110783
0.492131276,0.434837475,-0.492131276,0.652149347,Groundnut,04-01-2023,Field_34,0.5265829941290725,0.5481666422578816,-0.5265829941290725,0.03586086444556713,0.31570361084759296,21.582117107936313,6.96269576,21.49305636,14.71474115,35.16860733
0.485390985,0.411226658,-0.485390985,0.61674347,Groundnut,16-04-2023,Field_34,0.5141892657615831,0.5205265306911436,-0.5141892657615831,0.009680057875812054,0.2957048610326078,20.26005298069549,6.767013998,22.07837936,23.98707325,34.35485729
0.440882889,0.373017956,-0.440882889,0.559445893,Groundnut,05-01-2023,Field_34,0.5368169761350696,0.5548644638493045,-0.5368169761350696,0.03586086444556713,0.3123559013612281,21.563305564153836,13.47381822,24.74137794,13.73386023,46.26899243
0.433256375,0.35895279,-0.433256375,0.538353136,Groundnut,16-05-2023,Field_34,0.5141892657615831,0.5205265306911436,-0.5141892657615831,0.009680057875812054,0.2957048610326078,20.26005298069549,13.19064414,25.27446685,10.34912556,45.68476164
0.436949675,0.356693164,-0.436949675,0.53495987,Groundnut,31-05-2023,Field_34,0.4777750160512434,0.4742697922347818,-0.4777750160512434,0.0,0.2726846791600418,21.87281179882234,6.393525251,25.10894807,19.36434516,33.00903992
0.302343602,0.25456851720809937,-0.302343602,0.381793944,Groundnut,15-06-2023,Field_34,0.5386824704925505,0.5415340592220728,-0.5386824704925505,0.01452008681371808,0.3087979639710212,20.526786604381698,12.66757173,33.02550864,25.56044728,43.42086731
0.610146866,0.683771524,-0.610146866,1.02551923,Groundnut,28-09-2023,Field_34,0.5141892657615831,0.5205265306911436,-0.5141892657615831,0.0,0.2957048610326078,21.08376310439337,15.86621592,12.92433241,22.46110587,56.94163714
0.56715529,0.637394283,-0.56715529,0.955962979,Groundnut,13-10-2023,Field_34,0.5386824704925505,0.5415340592220728,-0.5386824704925505,0.024200144689530134,0.3087979639710212,20.950452922639386,8.595885848,15.59331512,26.1040554,41.81423262
0.640293242,0.662306237,-0.640293242,0.993308483,Groundnut,28-10-2023,Field_34,0.5141892657615831,0.5205265306911436,-0.5141892657615831,0.0,0.2957048610326078,21.08376310439337,8.646687843,11.60414895,16.10838248,41.62644415
0.632899719,0.622340486,-0.632899719,0.933374662,Groundnut,11-12-2023,Field_34,0.5386824704925505,0.5415340592220728,-0.5386824704925505,0.028864432591944933,0.3087979639710212,20.824699656168605,8.307067094,12.38985978,13.66911424,40.19716524
0.535958659,0.581497318,-0.535958659,0.872128569,Groundnut,27-11-2023,Field_34,0.5141892657615831,0.5205265306911436,-0.5141892657615831,0.0,0.2957048610326078,20.96887355077837,15.43345817,17.75722013,10.07816775,53.91615623
0.616793296,0.65712276,-0.616793296,0.985531475,Groundnut,12-12-2023,Field_34,0.5386824704925505,0.5415340592220728,-0.5386824704925505,0.026532288640737534,0.3087979639710212,20.908286848522323,8.65609562,12.8570971,14.71691491,41.79336723
0.625670761,0.653216445,-0.625670761,0.979653247,Groundnut,27-12-2023,Field_34,0.5141892657615831,0.5205265306911436,-0.5141892657615831,0.0,0.2957048610326078,20.96887355077837,8.599648958,12.44366964,8.295581396,41.50125184
0.443343774,0.476113606,-0.443343774,0.714031993,Groundnut,16-01-2023,Field_35,0.4956541068703557,0.4900986632412876,-0.4956541068703557,3.259192820172757,0.27537700541035826,24.983249827793713,14.09755384,23.56281149,22.20461919,50.55682916
0.443343774,0.476113606,-0.443343774,0.714031993,Groundnut,31-01-2023,Field_35,0.443338564426099,0.4761083386859372,-0.443338564426099,101.56880730390549,0.2524285074639003,25.27955589294436,5.653133201,23.56281149,18.25920929,47.95908866
0.400565867,0.434537995,-0.400565867,0.651692137,Groundnut,15-02-2023,Field_35,0.4956541068703557,0.4900986632412876,-0.4956541068703557,0.09016984840855002,0.27537700541035826,24.94956841241742,7.17531152,26.17184487,20.91274328,36.58745354
0.399499217,0.381504046,-0.399499217,0.572168829,Groundnut,03-02-2023,Field_35,0.22279021396871856,0.28035350334251846,-0.22279021396871856,9.430342020466924,0.16424479771707023,25.768649083092157,14.01382462,26.76794175,19.14381571,47.54178095
0.38832159,0.370075906,-0.38832159,0.555031005,Groundnut,04-01-2023,Field_35,-0.029594724931826022,0.014488524655124756,0.029594724931826022,4.52745283395052,0.0012971025468023795,25.72473011016848,6.627778899,27.45543436,24.81459849,34.29226113
0.0895007997751236,0.105283567,-0.0895007997751236,0.157907774,Groundnut,16-04-2023,Field_35,0.4956541068703557,0.4900986632412876,-0.4956541068703557,3.259192820172757,0.27537700541035826,24.983249827793713,4.963543147,45.41882078,20.42338375,29.56625131
0.165628396,0.17695032060146332,-0.165628396,0.265397615,Groundnut,16-05-2023,Field_35,0.4956541068703557,0.4900986632412876,-0.4956541068703557,3.259192820172757,0.27537700541035826,24.983249827793713,5.425464998,40.79948948,29.25438417,30.31740519
0.382509737,0.336731953,-0.382509737,0.50502703,Groundnut,31-05-2023,Field_35,0.443338564426099,0.4761083386859372,-0.443338564426099,101.56880730390549,0.2524285074639003,25.27955589294436,13.8670633,28.0927506,27.8199993,45.99774242
0.377900093,0.333354215,-0.377900093,0.499958274,Groundnut,15-06-2023,Field_35,0.4956541068703557,0.4900986632412876,-0.4956541068703557,0.09016984840855002,0.27537700541035826,24.94956841241742,13.01848182,28.36263555,39.9820371,45.46567509
0.399759323,0.374741894,-0.399759323,0.562017631,Groundnut,30-06-2023,Field_35,0.443338564426099,0.4761083386859372,-0.443338564426099,101.95388752222061,0.2524285074639003,25.322748710995654,14.09379073,26.82372059,35.57359082,47.3226944
0.378498518,0.326152167,-0.378498518,0.489161313,Groundnut,30-07-2023,Field_35,0.443338564426099,0.4761083386859372,-0.443338564426099,101.95388752222061,0.2524285074639003,25.322748710995654,6.258053262,28.40563097,35.65772577,32.7482226
0.333287856,0.309926621,-0.333287856,0.464864095,Groundnut,13-09-2023,Field_35,0.44005481102990324,0.4679659770033693,-0.44005481102990324,0.287457175552845,0.2662859521863368,25.000065785362608,8.022952228,30.87999443,26.33753113,43.26437691
0.039192359894514084,0.04569394513964653,-0.039192359894514084,0.068532169,Groundnut,28-09-2023,Field_35,0.443338564426099,0.4761083386859372,-0.443338564426099,103.65032069338486,0.2524285074639003,25.369006547473703,6.874262656,48.5963709,33.81056957,40.9796172
0.40196268,0.34253596,-0.40196268,0.513734126,Groundnut,13-10-2023,Field_35,0.44005481102990324,0.4679659770033693,-0.44005481102990324,0.287457175552845,0.2662859521863368,25.000065785362608,13.71183498,27.0401227,24.18293832,45.83081934
0.429393446,0.445464474,-0.429393446,0.668113971,Groundnut,01-01-2023,Field_36,0.5009332378101108,0.5065895557749722,-0.5009332378101108,0.45490461587905884,0.3340103049622183,24.667911148071312,7.204475629,24.58819195,18.66173526,36.55615546
0.474299081,0.438841306,-0.474299081,0.658175153,Groundnut,16-01-2023,Field_36,0.4742920677122307,0.4388347450129495,-0.4742920677122307,0.0,0.2872358326284289,22.718613016037807,14.53689703,22.36275553,17.85920238,48.87716562
0.442740358,0.380790424,-0.442740358,0.571113562,Groundnut,31-01-2023,Field_36,0.4427360783868192,0.38078956247780993,-0.4427360783868192,0.0,0.25545558673205543,24.344927451724118,13.88117497,24.56714822,16.31154148,46.76976169
0.443626658,0.354573494,-0.443626658,0.5317978262901306,Groundnut,15-02-2023,Field_36,0.5014540801316636,0.48679736767208914,-0.5014540801316636,0.0,0.3241752899876014,22.5542349860782,6.358716476,24.78964009,22.90451377,32.82125145
0.467704656,0.359081576,-0.467704656,0.538561643,Groundnut,03-02-2023,Field_36,0.5014540801316636,0.48679736767208914,-0.5014540801316636,0.3790871798992157,0.3241752899876014,24.115142758687398,6.342723255,23.51407178,21.5233119,32.62303029
0.440399767,0.358074159,-0.440399767,0.537045758,Groundnut,17-03-2023,Field_36,0.4364105415371139,0.37841295425323285,-0.4364105415371139,0.0,0.2467437189630931,22.948656654357933,13.35810257,24.91866741,23.30446119,45.63259817
0.453813175,0.347321413,-0.453813175,0.52092672,Groundnut,04-01-2023,Field_36,0.5014540801316636,0.48679736767208914,-0.5014540801316636,0.30326974391937256,0.3241752899876014,23.890943372817276,6.270283373,24.34353658,18.3508247,32.38307836
0.446550254,0.335724187,-0.446550254,0.503536002,Groundnut,16-04-2023,Field_36,0.4742920677122307,0.4388347450129495,-0.4742920677122307,0.0,0.2872358326284289,22.718613016037807,6.183731824,24.83285409,39.48200671,32.04923219
0.411497863,0.323989256,-0.411497863,0.485933313,Groundnut,05-01-2023,Field_36,0.5014540801316636,0.48679736767208914,-0.5014540801316636,0.22745230793952942,0.3241752899876014,23.64805142538893,13.42207545,26.74262973,15.95344375,44.80841544
0.442447557,0.377998703,-0.442447557,0.566941032,Groundnut,16-05-2023,Field_36,0.4742920677122307,0.4388347450129495,-0.4742920677122307,0.0,0.2872358326284289,22.718613016037807,6.571332237,24.61061139,29.55661447,33.74976111
0.429597264,0.335729787,-0.429597264,0.503543398,Groundnut,31-05-2023,Field_36,0.4427360783868192,0.38078956247780993,-0.4427360783868192,0.0,0.25545558673205543,24.344927451724118,6.223244487,25.69849066,28.31691524,32.3204822
0.46177467703819275,0.404015497,-0.46177467703819275,0.605958502,Groundnut,15-06-2023,Field_36,0.5014540801316636,0.48679736767208914,-0.5014540801316636,0.0,0.3241752899876014,22.5542349860782,6.758546999,23.35797778,37.10671802,34.44875152
0.428874352,0.358408518,-0.428874352,0.537537886,Groundnut,29-08-2023,Field_36,0.4427360783868192,0.38078956247780993,-0.4427360783868192,0.0,0.25545558673205543,24.167759105137463,13.53779111,25.50379068,43.72120626,45.92471357
0.528728852,0.504269539,-0.528728852,0.756311645,Groundnut,28-09-2023,Field_36,0.4427360783868192,0.38078956247780993,-0.4427360783868192,0.0,0.25545558673205543,24.02657606942313,14.12577717,18.91512321,32.47119316,50.31687723
0.515792454,0.513371284,-0.515792454,0.769965301,Groundnut,13-10-2023,Field_36,0.5014540801316636,0.48679736767208914,-0.5014540801316636,0.0,0.3241752899876014,22.61114395686559,7.60901004,19.48275726,26.64211869,37.82894398
0.557996461,0.565410743,-0.557996461,0.848015009,Groundnut,28-10-2023,Field_36,0.4427360783868192,0.38078956247780993,-0.4427360783868192,0.0,0.25545558673205543,24.02657606942313,15.45603684,16.7961638,30.20384407043457,52.9563485
0.514427166,0.507503746,-0.514427166,0.761167617,Groundnut,12-12-2023,Field_36,0.5014540801316636,0.48679736767208914,-0.5014540801316636,0.0,0.3241752899876014,22.699860509236714,7.559148822,19.6123993,22.25968283,37.62029013
0.456503424,0.392025416,-0.456503424,0.587963526,Groundnut,27-12-2023,Field_36,0.4427360783868192,0.38078956247780993,-0.4427360783868192,0.0,0.25545558673205543,23.914691770644424,6.663528451,23.74960435,24.67428265,34.07317458
0.490602282,0.459946298,-0.490602282,0.689845103,Mustard,01-01-2023,Field_37,0.47514964565862433,0.4307953874004775,-0.47514964565862433,0.606786698102951,0.2946921357547266,12.608724485124867,7.190363963,21.31470022,5.107030253,36.15971314
0.493334748,0.462209183,-0.493334748,0.693233794,Mustard,16-01-2023,Field_37,0.49335084673758284,0.46223565213333206,-0.49335084673758284,0.0,0.3236350553992682,13.86598676045736,7.204475629,21.15205802,11.5822368,36.20144391
0.498226156,0.477412885,-0.498226156,0.716038998,Mustard,31-01-2023,Field_37,0.48747926894162447,0.46707621098790686,-0.48747926894162447,0.0,0.3188902554529943,15.375427591233063,14.53313391,20.74700783,13.52925127,49.98303106
0.49197225,0.460806571,-0.49197225,0.691134765,Mustard,15-02-2023,Field_37,0.49335084673758284,0.46223565213333206,-0.49335084673758284,0.0,0.3236350553992682,13.767451131911457,7.195067852,21.23595781,7.548532889,36.17014583
0.43883748,0.37720122,-0.43883748,0.565737733,Mustard,03-02-2023,Field_37,0.47514964565862433,0.4307953874004775,-0.47514964565862433,0.593472458422184,0.2946921357547266,13.072232137407582,6.572273014,24.80310233,13.56152114,33.77062649
0.353587716,0.275373176,-0.353587716,0.413006188,Mustard,17-03-2023,Field_37,0.49335084673758284,0.46223565213333206,-0.49335084673758284,0.0,0.3236350553992682,13.916168512616878,12.99119926,30.19628487,24.96674004,43.59822308
0.295637218,0.1817316859960556,-0.295637218,0.27256746,Mustard,04-01-2023,Field_37,0.47514964565862433,0.4307953874004775,-0.47514964565862433,0.5801582187414169,0.2946921357547266,13.259868921552368,5.162047242,34.11183928,13.98621045,28.47081857
0.257890682,0.139575566,-0.257890682,0.209341838,Mustard,16-04-2023,Field_37,0.49335084673758284,0.46223565213333206,-0.49335084673758284,0.0,0.3236350553992682,13.86598676045736,4.874169265,36.46987758,11.30968093,27.43798198
0.239782769,0.130249743,-0.239782769,0.195358173,Mustard,05-01-2023,Field_37,0.46103364606974895,0.4280421919241658,-0.46103364606974895,0.5668439790606499,0.2989851148947223,13.474194236028723,4.833715824,37.48979018,6.96035108,27.35452044
0.22471003234386444,0.117439487,-0.22471003234386444,0.176144853,Mustard,16-05-2023,Field_37,0.49335084673758284,0.46223565213333206,-0.49335084673758284,0.0,0.3236350553992682,13.86598676045736,12.01373123,38.39029966,23.12668085,39.28952097
0.199905546,0.134281221,-0.199905546,0.201404615,Mustard,31-05-2023,Field_37,0.48747926894162447,0.46707621098790686,-0.48747926894162447,0.0,0.3188902554529943,15.375427591233063,12.02878368,39.48492252,28.80713386,40.01980946
0.237877352,0.151889317,-0.237877352,0.227814925,Mustard,15-06-2023,Field_37,0.49335084673758284,0.46223565213333206,-0.49335084673758284,0.0,0.3236350553992682,13.767451131911457,12.37404909,37.36608687,33.50995335,40.30149217
0.35565888,0.330632441,-0.35565888,0.49589651,Mustard,30-06-2023,Field_37,0.4982518845941113,0.4774481793222906,-0.4982518845941113,0.0,0.3390560972174988,15.149286796933211,13.27061024,29.52616624,30.35462284,45.85168472
0.561996481,0.607312992,-0.561996481,0.910888679,Mustard,14-08-2023,Field_37,0.49532993210900883,0.4609228292986371,-0.49532993210900883,0.0,0.31729114017281457,13.481064006260453,15.21143464,16.16396289,30.19372918,54.38562741
0.483518165,0.476515224,-0.483518165,0.714704937,Mustard,29-08-2023,Field_37,0.4982518845941113,0.4774481793222906,-0.4982518845941113,0.0,0.3390560972174988,14.955752036685112,14.66578357,21.50722981,26.82879959,50.25428107
0.50923657,0.478645439,-0.50923657,0.717895829,Mustard,13-09-2023,Field_37,0.49532993210900883,0.4609228292986371,-0.49532993210900883,0.0,0.31729114017281457,13.200325039454867,14.13330339,20.17218005,16.11155669,49.6387522
0.406353077,0.361040036,-0.406353077,0.541500676,Mustard,28-09-2023,Field_37,0.4982518845941113,0.4774481793222906,-0.4982518845941113,0.0,0.3390560972174988,14.850975018455927,6.50453702,26.62695005,23.31364234,33.65586687
0.356814417,0.254876675,-0.356814417,0.382273094,Mustard,13-10-2023,Field_37,0.49532993210900883,0.4609228292986371,-0.49532993210900883,0.0,0.31729114017281457,13.200325039454867,5.671948755,30.24084357,20.38911681,30.33827057
0.325472204,0.210025105,-0.325472204,0.315005311,Mustard,28-10-2023,Field_37,0.4982518845941113,0.4774481793222906,-0.4982518845941113,0.0,0.3390560972174988,14.850975018455927,6.412340805,32.29937738,11.61090799,39.5294729
0.263871755,0.182314906,-0.263871755,0.273444222,Mustard,11-12-2023,Field_37,0.49532993210900883,0.4609228292986371,-0.49532993210900883,0.21076050400733948,0.31729114017281457,12.917502158028753,5.242013346,35.72796633,13.16899154,28.99245321
0.299998793,0.192727996,-0.299998793,0.289057699,Mustard,27-11-2023,Field_37,0.5565656411609101,0.5278023679668806,-0.5565656411609101,0.0,0.3534910149478728,14.690250968933185,12.14732167,33.77681429,20.37746919,40.78139604
0.339068813,0.25316478,-0.339068813,0.379702078,Mustard,12-12-2023,Field_37,0.49532993210900883,0.4609228292986371,-0.49532993210900883,0.10538025200366974,0.31729114017281457,12.98467961265925,5.698290531,31.16449505,8.749421144,30.54692443
0.409960858,0.343636854,-0.409960858,0.515390404,Mustard,27-12-2023,Field_37,0.5565656411609101,0.5278023679668806,-0.5565656411609101,0.0,0.3534910149478728,14.690250968933185,6.3408417,26.62045748,10.3676058,32.93601107
0.63852303,0.698404389,-0.63852303,1.047469664,Mustard,31-01-2023,Field_38,0.6384536203358794,0.6981208957239071,-0.6384536203358794,2.4784530084580183,0.4603312171696726,14.411200005667524,15.59339038,11.32587785,14.2183133,56.91033906
0.234131905,0.244210544,-0.234131905,0.366289819,Mustard,15-02-2023,Field_38,0.40001072036496105,0.4464200084718242,-0.40001072036496105,1.7053527161478996,0.3647521888888879,11.765567761375848,5.865748961,36.61448071,14.35935163,31.84057833
0.666307216,0.720614184,-0.666307216,1.080785421,Mustard,03-02-2023,Field_38,0.0706897606900873,0.10209815223961705,-0.0706897606900873,1.3020509481430054,0.09414865240457906,11.405850301470082,9.106728139,9.680270015,12.44985106,43.47303077
0.615958799,0.64892081,-0.615958799,0.973252481,Mustard,17-03-2023,Field_38,0.40001072036496105,0.4464200084718242,-0.40001072036496105,1.774336338043213,0.3647521888888879,12.300916699000766,12.24610332,12.98347566,16.95377595,53.49884852
0.455494967,0.385285715,-0.455494967,0.577850425,Mustard,04-01-2023,Field_38,0.0706897606900873,0.10209815223961705,-0.0706897606900873,1.3020509481430054,0.09414865240457906,11.325345112028572,3.860951682,23.86993227,7.492790679,44.25548273
0.367569182,0.252161422,-0.367569182,0.378200612,Mustard,16-04-2023,Field_38,0.40001072036496105,0.4464200084718242,-0.40001072036496105,1.7053527161478996,0.3647521888888879,11.99782269795736,5.623028315,29.71938881,19.53838415,30.06702056
0.348198365,0.237755187,-0.348198365,0.356590211,Mustard,05-01-2023,Field_38,0.0706897606900873,0.10209815223961705,-0.0706897606900873,1.3391610011458397,0.09414865240457906,11.254653685433539,12.41732487,30.85567648,13.91807433,41.90812685
0.25137301,0.167413349,-0.25137301,0.251092209,Mustard,16-05-2023,Field_38,0.40001072036496105,0.4464200084718242,-0.40001072036496105,1.7053527161478996,0.3647521888888879,11.99782269795736,12.57725708,36.51839459,28.17755979,40.80226142
0.287677569,0.22506093978881836,-0.287677569,0.33755271,Mustard,31-05-2023,Field_38,0.6384536203358794,0.6981208957239071,-0.6384536203358794,2.4784530084580183,0.4603312171696726,14.411200005667524,12.30160921,34.07577754,14.36547881,42.30456918
0.275121572,0.20932705,-0.275121572,0.313958517,Mustard,15-06-2023,Field_38,0.40001072036496105,0.4464200084718242,-0.40001072036496105,1.7053527161478996,0.3647521888888879,11.765567761375848,12.87548361,34.87762988,25.17328129,42.21067495
0.02251392789185047,0.0407593809068203,-0.02251392789185047,0.061132596,Mustard,30-06-2023,Field_38,0.6384536203358794,0.6981208957239071,-0.6384536203358794,2.52939922362566,0.4603312171696726,14.291167377290265,11.4539685,49.49844061,28.47679245,42.38803072
0.638911887,0.707910493,-0.638911887,1.061723088,Mustard,14-08-2023,Field_38,0.40001072036496105,0.4464200084718242,-0.40001072036496105,1.7053527161478996,0.3647521888888879,11.387383760724788,11.36365384,11.20893648,30.75898298,54.92812743
0.667559631,0.734740725,-0.667559631,1.101977198,Mustard,29-08-2023,Field_38,0.6384536203358794,0.6981208957239071,-0.6384536203358794,2.52939922362566,0.4603312171696726,14.133160890851684,9.229970018,9.472043676,31.17050057,43.99466541
0.651438958,0.734473014,-0.651438958,1.101564127,Mustard,13-09-2023,Field_38,0.40001072036496105,0.4464200084718242,-0.40001072036496105,1.7053527161478996,0.3647521888888879,10.920952597118628,16.23500077,10.29796978,26.35733467,58.45437759
0.630048302,0.695652663,-0.630048302,1.043350317,Mustard,28-09-2023,Field_38,0.6384536203358794,0.6981208957239071,-0.6384536203358794,2.52939922362566,0.4603312171696726,13.975294912429092,8.969374595,11.78673754,14.9456206,43.07658844
0.613577568,0.667496477,-0.613577568,1.001119432,Mustard,13-10-2023,Field_38,0.40001072036496105,0.4464200084718242,-0.40001072036496105,1.7053527161478996,0.3647521888888879,10.920952597118628,8.755818057,12.91536078,22.02244593,42.24197302
0.287061442,0.262718138,-0.287061442,0.39403288,Mustard,28-10-2023,Field_38,0.6384536203358794,0.6981208957239071,-0.6384536203358794,2.52939922362566,0.4603312171696726,13.975294912429092,5.906202402,33.72265146,25.69477437,31.72581871
0.169152116,0.162512001,-0.169152116,0.243739121,Mustard,11-12-2023,Field_38,0.36662468450304103,0.4280445358444277,-0.36662468450304103,0.7063706442713737,0.300083372219988,10.577367764427606,5.288111453,40.76700968,6.371345134,29.71230901
0.327082938,0.303857295,-0.327082938,0.455723486,Mustard,27-11-2023,Field_38,-0.05197382683408827,-0.013852763387515241,0.05197382683408827,2.52939922362566,-0.01246946255292463,13.868473625183128,2.430969578,31.25882991,16.72353653,43.12875191
0.415576103,0.392457707,-0.415576103,0.588600817,Mustard,12-12-2023,Field_38,0.36662468450304103,0.4280445358444277,-0.36662468450304103,0.4459604546427727,0.300083372219988,10.586515317644455,6.763250887,25.83511731,14.51073584,34.73043423
0.482406381,0.515116967,-0.482406381,0.772564547,Mustard,27-12-2023,Field_38,-0.05197382683408827,-0.013852763387515241,0.05197382683408827,2.52939922362566,-0.01246946255292463,13.868473625183128,14.30358416,21.16976762,12.00630516,51.56880036
0.412415945,0.479432857,-0.412415945,0.719057582,Mustard,16-01-2023,Field_39,0.4068060990912371,0.45296836641768096,-0.4068060990912371,2.3230535984039307,0.29294452939219523,15.093351436796638,15.02892376,25.10822255,11.1906691,51.68355998
0.597731828,0.634898024,-0.597731828,0.952227716,Mustard,31-01-2023,Field_39,0.6021604073413492,0.6401949902869384,-0.6021604073413492,1.795094609260559,0.4334977418123684,18.133408664521767,8.501808078,14.05743741,12.44463002,41.24043452
0.564845907,0.574152312,-0.564845907,0.861118993,Mustard,15-02-2023,Field_39,0.4068060990912371,0.45296836641768096,-0.4068060990912371,2.563047155737877,0.29294452939219523,14.67050405229844,8.036123116,16.3571246,6.439836074,39.40428059
0.545138911,0.553436436,-0.545138911,0.830048091,Mustard,03-02-2023,Field_39,0.29359417900977886,0.29347527165340814,-0.29359417900977886,3.068922832608223,0.20596402633644714,14.057310494922433,14.89533333,17.57501858,8.105801391,52.39298309
0.5710757970809937,0.564393794,-0.5710757970809937,0.84647293,Mustard,17-03-2023,Field_39,0.4068060990912371,0.45296836641768096,-0.4068060990912371,2.0830600410699844,0.29294452939219523,15.580818112691247,14.95742466,16.13866154,21.15937678,52.44514655
0.41330905,0.371136074,-0.41330905,0.55663397,Mustard,04-01-2023,Field_39,0.29359417900977886,0.29347527165340814,-0.29359417900977886,3.127624362707138,0.20596402633644714,13.93503400711785,13.46441045,26.16863809,5.296166435,46.62370399
0.336344472,0.278310749,-0.336344472,0.417419286,Mustard,16-04-2023,Field_39,0.4068060990912371,0.45296836641768096,-0.4068060990912371,2.3230535984039307,0.29294452939219523,15.093351436796638,5.929721845,31.04679918,22.94400833,31.55889563
0.439198506,0.438179011,-0.439198506,0.657196539,Mustard,05-01-2023,Field_39,0.29359417900977886,0.29347527165340814,-0.29359417900977886,3.1136306822299957,0.20596402633644714,13.892633828662667,14.49550281,24.16190824,11.59118358,49.37793488
0.367056731,0.327625158,-0.367056731,0.491387876,Mustard,16-05-2023,Field_39,0.4068060990912371,0.45296836641768096,-0.4068060990912371,2.3230535984039307,0.29294452939219523,15.093351436796638,6.298506704,28.97485518,10.79188055,32.98817454
0.36283649,0.330046312,-0.36283649,0.495020699,Mustard,31-05-2023,Field_39,0.6021604073413492,0.6401949902869384,-0.6021604073413492,1.795094609260559,0.4334977418123684,18.133408664521767,6.329552368,29.16563216,29.35406397,33.14466493
0.306879775,0.25358362,-0.306879775,0.380337652,Mustard,15-06-2023,Field_39,0.4068060990912371,0.45296836641768096,-0.4068060990912371,2.563047155737877,0.29294452939219523,14.67050405229844,13.15395381,32.80393045,27.49858441,43.5773577
0.598081029,0.669101412,-0.598081029,1.003536418,Mustard,29-08-2023,Field_39,0.6021604073413492,0.6401949902869384,-0.6021604073413492,1.795094609260559,0.4334977418123684,18.216470972696982,15.487082481384277,13.6902908,25.16573879,56.35740634
0.566089155,0.630063486,-0.566089155,0.944967498,Mustard,28-09-2023,Field_39,0.41237050235192424,0.47936530690203577,-0.41237050235192424,1.795094609260559,0.31750792614832307,18.2466281527565,8.532853742,15.72262513,14.93565351,41.54298261
0.516092547,0.549312254,-0.516092547,0.823864311,Mustard,13-10-2023,Field_39,0.32438593541100935,0.36192029689872046,-0.32438593541100935,2.036459520459175,0.26600442279765507,13.834387306940073,7.928874458,19.10037264,22.45041969,39.20605943
0.526763815,0.499625862,-0.526763815,0.749337697,Mustard,28-10-2023,Field_39,0.41237050235192424,0.47936530690203577,-0.41237050235192424,1.795094609260559,0.31750792614832307,18.2466281527565,14.88028089,19.06289188,28.12589651,50.58812724
0.319963394,0.291369151,-0.319963394,0.437003285,Mustard,11-12-2023,Field_39,0.32438593541100935,0.36192029689872046,-0.32438593541100935,2.517454907298088,0.26600442279765507,13.656818099248994,12.89053605,31.74992484,14.98473501,44.68322313
0.418795401,0.359475487,-0.418795401,0.539137684,Mustard,27-11-2023,Field_39,0.41237050235192424,0.47936530690203577,-0.41237050235192424,2.8016693592071533,0.31750792614832307,18.195488366626535,13.3439909,26.00756915,10.00176792,46.01860781
0.415388448,0.401663217,-0.415388448,0.602408054,Mustard,12-12-2023,Field_39,0.32438593541100935,0.36192029689872046,-0.32438593541100935,2.2769572138786316,0.26600442279765507,13.675894037882529,6.846039325,25.75068508,7.665204213,35.08514578
0.209623104,0.229598725,-0.209623104,0.344356796,Mustard,27-12-2023,Field_39,0.41237050235192424,0.47936530690203577,-0.41237050235192424,2.8016693592071533,0.31750792614832307,18.195488366626535,12.45025209,38.01523586,8.750902041,43.78601155
0.518955885,0.474657698,-0.518955885,0.711873246,Sunflower,01-01-2023,Field_40,0.518953136778672,0.47465227522687786,-0.518953136778672,0.13586999848484993,0.2762027134730548,24.261277498517757,7.255277625,19.71659566,20.05550259,36.28490545
0.542684968,0.458384295,-0.542684968,0.68746639,Sunflower,16-01-2023,Field_40,0.5426823292763424,0.45837872237405747,-0.5426823292763424,0.0,0.26548081329694123,22.22532688322525,13.69113787,18.6710832,16.87684813,48.09471367
0.53510256,0.431699673,-0.53510256,0.647446353,Sunflower,31-01-2023,Field_40,0.5351013391686256,0.43169484831904625,-0.5351013391686256,0.1505725271999836,0.2508704474680828,23.748799987066377,13.63657277,19.33080077,22.97497784,47.14533863
0.468358436,0.33981549739837646,-0.468358436,0.509648259,Sunflower,15-02-2023,Field_40,0.5426823292763424,0.45837872237405747,-0.5426823292763424,0.0,0.26548081329694123,22.0882926032657,6.168679381,23.67744895,19.57260282,31.87187641
0.431299975,0.302397313,-0.431299975,0.4535329043865204,Sunflower,03-02-2023,Field_40,0.518953136778672,0.47465227522687786,-0.518953136778672,0.13586999848484993,0.2762027134730548,23.787453724089175,5.922195623,25.95196316,22.67785167,31.00596291
0.419180739,0.28953082,-0.419180739,0.434235911,Sunflower,17-03-2023,Field_40,0.5426823292763424,0.45837872237405747,-0.5426823292763424,0.0,0.26548081329694123,22.433514122735914,12.68450573,26.70222816,25.92325114,42.95139613
0.37759399,0.240921916,-0.37759399,0.361330274,Sunflower,04-01-2023,Field_40,0.518953136778672,0.47465227522687786,-0.518953136778672,0.13586999848484993,0.2762027134730548,23.492505872817333,5.498845658,29.32226594,23.85314765,29.47235707
0.316158475,0.203717129,-0.316158475,0.305531207,Sunflower,16-04-2023,Field_40,0.5426823292763424,0.45837872237405747,-0.5426823292763424,0.0,0.26548081329694123,22.22532688322525,5.310690118,32.83939967,32.57600884,29.0028859
0.324140114,0.204466628,-0.324140114,0.306657211,Sunflower,05-01-2023,Field_40,0.5377577954479332,0.47095601298183193,-0.5377577954479332,0.13586999848484993,0.27591312496694365,23.279573467799594,16.44855731,32.42416776,20.69805527,43.24351153
0.3433634638786316,0.236996978,-0.3433634638786316,0.355440357,Sunflower,16-05-2023,Field_40,0.5426823292763424,0.45837872237405747,-0.5426823292763424,0.0,0.26548081329694123,22.22532688322525,5.544002988,31.11031135,20.56934965,29.85836671
0.327109334,0.209519129,-0.327109334,0.314227646,Sunflower,31-05-2023,Field_40,0.5351013391686256,0.43169484831904625,-0.5351013391686256,0.1505725271999836,0.2508704474680828,23.748799987066377,5.337031894,32.22094587,38.75035272,29.05504936
0.304892429,0.192802154,-0.304892429,0.289158219,Sunflower,15-06-2023,Field_40,0.5426823292763424,0.45837872237405747,-0.5426823292763424,0.0,0.26548081329694123,22.0882926032657,5.239191013,33.5261665,37.52408557,28.75250127
0.297195554,0.18226864,-0.297195554,0.273359109,Sunflower,30-06-2023,Field_40,0.5351013391686256,0.43169484831904625,-0.5351013391686256,0.13598287478089333,0.2508704474680828,23.635556793212913,12.35711509,34.02678004,35.85745898,40.53101141
0.574819258,0.618193573,-0.574819258,0.927159676,Sunflower,28-09-2023,Field_40,0.5351013391686256,0.43169484831904625,-0.5351013391686256,0.081589724868536,0.2508704474680828,23.39031072344102,15.38453773,15.39805383,37.52035254,54.69860819
0.581733666,0.590547574,-0.581733666,0.885695369,Sunflower,13-10-2023,Field_40,0.5426823292763424,0.45837872237405747,-0.5426823292763424,0.0,0.26548081329694123,22.165755889529294,8.143371774,15.32731908,24.11566238,39.76942484
0.554124376,0.561805466,-0.554124376,0.8425919413566589,Sunflower,28-10-2023,Field_40,0.5351013391686256,0.43169484831904625,-0.5351013391686256,0.081589724868536,0.2508704474680828,23.39031072344102,7.951453123,17.03070963,28.53101518,39.09129981
0.530517951,0.524354798,-0.530517951,0.786426579,Sunflower,11-12-2023,Field_40,0.5426823292763424,0.45837872237405747,-0.5426823292763424,0.05434799939393997,0.26548081329694123,22.313242485409774,14.94613532,18.61863582,20.36709863,51.52706959
0.545243991,0.522256262,-0.545243991,0.783271941,Sunflower,27-11-2023,Field_40,0.5351013391686256,0.43169484831904625,-0.5351013391686256,0.05439314991235733,0.2508704474680828,23.308362715584906,7.618417817,17.88809193,27.09685643,37.70375167
0.571089147,0.53846101,-0.571089147,0.807576969,Sunflower,12-12-2023,Field_40,0.5426823292763424,0.45837872237405747,-0.5426823292763424,0.027173999696969986,0.26548081329694123,22.2469157082694,7.70308781,16.40282824,16.77509801,37.93327091
0.543390184,0.478442764,-0.543390184,0.717566667,Sunflower,27-12-2023,Field_40,0.5351013391686256,0.43169484831904625,-0.5351013391686256,0.05439314991235733,0.2508704474680828,23.308362715584906,7.231758182,18.43021717,22.25595884,36.04495352
0.133580041,0.124404007,-0.133580041,0.186579427,Sunflower,01-01-2023,Field_41,0.13069172366397488,0.12350348474116038,-0.13069172366397488,0.8841930851340294,0.0771076426402168,22.984608041672516,5.031279141,42.97266744,24.85976508,28.81509743
0.221048064,0.181514075,-0.221048064,0.272223699,Sunflower,16-01-2023,Field_41,0.2215604242217456,0.1766748392302486,-0.2215604242217456,0.5139608439058065,0.10194262540594182,21.641092554728232,12.38816076,37.92290997,17.10213208,41.70990569
0.221670999,0.169283588,-0.221670999,0.253881768,Sunflower,31-01-2023,Field_41,0.2240152886081525,0.17820909461080667,-0.2240152886081525,0.9356619901955128,0.10235033881367016,22.664083190191377,12.03725068,38.01600861,17.16438644,41.04221335
0.224062974,0.168826045,-0.224062974,0.253198446,Sunflower,15-02-2023,Field_41,0.2215604242217456,0.1766748392302486,-0.2215604242217456,0.5232386775314808,0.10194262540594182,21.409535162789496,5.21567157,37.89853672,23.72752942,29.09678013
0.237084467,0.169984191,-0.237084467,0.254939562,Sunflower,03-02-2023,Field_41,0.2621513259595789,0.21723078342027405,-0.2621513259595789,0.8207648620009422,0.12223338657893279,22.497420474461194,5.194974461,37.22177437,22.29853642,28.92985705
0.249895749,0.177776572,-0.249895749,0.266627207,Sunflower,17-03-2023,Field_41,0.2215604242217456,0.1766748392302486,-0.2215604242217456,0.5046830102801323,0.10194262540594182,21.816721898033506,14.39578037,36.48799172,23.4360473,42.23154033
0.234273745,0.173465188,-0.234273745,0.260162493,Sunflower,04-01-2023,Field_41,0.2621513259595789,0.21723078342027405,-0.2621513259595789,0.7912746109068394,0.12223338657893279,22.236297725495888,5.232605569,37.32975112,18.22629814,29.10721283
0.274419612,0.212072262,-0.274419612,0.318067239,Sunflower,16-04-2023,Field_41,0.2215604242217456,0.1766748392302486,-0.2215604242217456,0.5139608439058065,0.10194262540594182,21.641092554728232,5.483793215,34.8854385,21.64525419,29.97312633
0.235530252,0.180045202,-0.235530252,0.270032469,Sunflower,05-01-2023,Field_41,0.2621513259595789,0.21723078342027405,-0.2621513259595789,0.7808606848120689,0.12223338657893279,21.96275450388589,12.44648897,37.19838755,24.58034196,41.45952107
0.18583853542804718,0.175555933,-0.18583853542804718,0.263304757,Sunflower,16-05-2023,Field_41,0.2215604242217456,0.1766748392302486,-0.2215604242217456,0.5139608439058065,0.10194262540594182,21.641092554728232,5.365255225,39.78171188,39.10482673,29.95226094
0.234378309,0.192740788,-0.234378309,0.289076544,Sunflower,31-05-2023,Field_41,0.2240152886081525,0.17820909461080667,-0.2240152886081525,0.9356619901955128,0.10235033881367016,22.664083190191377,5.404767888,37.12755238,39.25476876,29.85836671
0.202763331,0.173111053,-0.202763331,0.259636695,Sunflower,15-06-2023,Field_41,0.2215604242217456,0.1766748392302486,-0.2215604242217456,0.5232386775314808,0.10194262540594182,21.409535162789496,5.304104674,38.94242736,36.6528987,29.58711669
0.273403419,0.247796921,-0.273403419,0.371646383,Sunflower,28-09-2023,Field_41,0.2240152886081525,0.17820909461080667,-0.2240152886081525,0.7170543801039457,0.10235033881367016,22.488164611089815,23.47804829,34.57247831,36.64552076,49.60745412
0.244241074,0.224710159,-0.244241074,0.337019942,Sunflower,13-10-2023,Field_41,0.2215604242217456,0.1766748392302486,-0.2215604242217456,0.5564997419714928,0.10194262540594182,21.272026815868628,5.667244867,36.29741732,24.84733746,30.93293406
0.26761673,0.230703639,-0.26761673,0.346004644,Sunflower,28-10-2023,Field_41,0.2240152886081525,0.17820909461080667,-0.2240152886081525,0.7170543801039457,0.10235033881367016,22.488164611089815,5.666304089,35.04254352,24.58392608,30.79730906
0.203428999,0.192119141,-0.203428999,0.2881355583667755,Sunflower,12-12-2023,Field_41,0.2215604242217456,0.1766748392302486,-0.2215604242217456,0.6037354860454798,0.10194262540594182,21.207795079549214,5.472503883,38.71430821,22.74075349,30.31740519
0.468494129,0.322205687,-0.468494129,0.483235504,Sunflower,01-01-2023,Field_42,0.4896889936532006,0.3351857324533645,-0.4896889936532006,1.4102008678019047,0.2043638818894256,22.800450443086106,6.011569505,23.85036666,20.72644987,31.18331869
0.472163724,0.310931045,-0.472163724,0.46632649,Sunflower,16-01-2023,Field_42,0.4721586558274988,0.31091555580911684,-0.4721586558274988,0.057560186833143234,0.18938165721063305,21.4741991860526,5.901498514,23.77812758,17.7677489,30.69298213
0.465851283,0.309062103,-0.465851283,0.463525032,Sunflower,31-01-2023,Field_42,0.4659430798523342,0.30907625176518017,-0.4659430798523342,0.0,0.19141143235696825,22.905968420846136,5.899616959,24.11955569,21.18339955,30.72428021
0.433396793,0.276209163,-0.433396793,0.414254977,Sunflower,15-02-2023,Field_42,0.4721586558274988,0.31091555580911684,-0.4721586558274988,0.08634028024971485,0.18938165721063305,21.359486334664552,5.68229731,26.11234676,19.92829836,29.96269363
0.35701853036880493,0.231040935,-0.35701853036880493,0.34651382,Sunflower,03-02-2023,Field_42,0.4684922021739909,0.3221951028231266,-0.4684922021739909,1.1607355624437332,0.19531017088745004,22.37501301538373,5.458392217,30.47385207,17.82459625,29.40976092
0.398857547,0.246703032,-0.398857547,0.370000434,Sunflower,17-03-2023,Field_42,0.4721586558274988,0.31091555580911684,-0.4721586558274988,0.028780093416571617,0.18938165721063305,21.60112828754245,12.40885787,28.17741399,35.40808126,41.45952107
0.345955911,0.213446064,-0.345955911,0.320125294,Sunflower,04-01-2023,Field_42,0.4684922021739909,0.3221951028231266,-0.4684922021739909,1.0431858655065298,0.19531017088745004,22.133619154067276,5.327624117,31.21845195,23.71392641,28.90899166
0.334682877,0.228488541,-0.334682877,0.342684936,Sunflower,16-04-2023,Field_42,0.4721586558274988,0.31091555580911684,-0.4721586558274988,0.057560186833143234,0.18938165721063305,21.4741991860526,5.488497104,31.64047545,39.42964692,29.66014554
0.353935515,0.244118715,-0.353935515,0.366132451,Sunflower,05-01-2023,Field_42,0.4684922021739909,0.3221951028231266,-0.4684922021739909,0.8968560751527548,0.19531017088745004,21.944542775835316,5.582574874,30.49772259,23.94315381,29.96269363
0.333721105,0.228364281,-0.333721105,0.342501511,Sunflower,16-05-2023,Field_42,0.4721586558274988,0.31091555580911684,-0.4721586558274988,0.057560186833143234,0.18938165721063305,21.4741991860526,5.489437881,31.69085676,26.44508403,29.67057824
0.312601158,0.197661033,-0.312601158,0.2964518368244171,Sunflower,31-05-2023,Field_42,0.4659430798523342,0.30907625176518017,-0.4659430798523342,0.0,0.19141143235696825,22.905968420846136,5.264592011,33.08290198,20.56186082,28.81509743
0.347560198,0.279113087,-0.347560198,0.41861375,Sunflower,15-06-2023,Field_42,0.4721586558274988,0.31091555580911684,-0.4721586558274988,0.08634028024971485,0.18938165721063305,21.359486334664552,5.910906291,30.46588105,37.01969929,31.41283793
0.525164855,0.512330467,-0.525164855,0.768374349,Sunflower,28-09-2023,Field_42,0.4659430798523342,0.30907625176518017,-0.4659430798523342,0.0,0.19141143235696825,22.55510564531602,25.22695403,19.01479126,37.80765333,56.8477429
0.520521699,0.483099199,-0.520521699,0.724540057,Sunflower,13-10-2023,Field_42,0.4721586558274988,0.31091555580911684,-0.4721586558274988,0.14390046708285809,0.18938165721063305,21.265086246672183,7.32677673,19.55042636,24.22891039,36.58745354
0.502897794,0.440736957,-0.502897794,0.661004892,Sunflower,28-10-2023,Field_42,0.4659430798523342,0.30907625176518017,-0.4659430798523342,0.0,0.19141143235696825,22.55510564531602,2.527869681,20.88302023,26.58357426,35.22077079
0.538907975,0.42008472,-0.538907975,0.6300267577171326,Sunflower,11-12-2023,Field_42,0.47222532371652987,0.31366151012573834,-0.47222532371652987,0.26948696188628674,0.19378196635890227,21.198147619338272,6.720915891,19.25510169,21.28912378,33.86452073
0.506428473,0.389996944,-0.506428473,0.584907454,Sunflower,27-11-2023,Field_42,0.4607919284719022,0.3045555020918294,-0.4607919284719022,0.0,0.18630316898710078,22.558031381879573,13.6224611,21.22092966,34.45083647,45.97687703
0.493661218,0.422168195,-0.493661218,0.633146681,Sunflower,12-12-2023,Field_42,0.47222532371652987,0.31366151012573834,-0.47222532371652987,0.2066937144845724,0.19378196635890227,21.220653152465843,6.845098547,21.54432061,22.62821326,34.65740538
0.494988586,0.395910375,-0.494988586,0.593764243,Sunflower,27-12-2023,Field_42,0.4607919284719022,0.3045555020918294,-0.4607919284719022,0.0,0.18630316898710078,22.558031381879573,6.608022567,21.74470716,18.31558436,33.6141361
0.425734773,0.406750169,-0.425734773,0.610026994,Ragi,01-01-2023,Field_43,0.4137175057315126,0.41328950968299305,-0.4137175057315126,0.0,0.23758033241319643,20.140619713919534,6.867677212,25.1704041,24.78658951,35.11644386
0.405521005,0.376114452,-0.405521005,0.564079797,Ragi,16-01-2023,Field_43,0.40556777977170105,0.37618217905695595,-0.40556777977170105,0.0,0.22052016949141023,19.002025404430583,6.640949786,26.51548617,17.08950715,34.25053036
0.386641251,0.348701359,-0.386641251,0.522967495,Ragi,31-01-2023,Field_43,0.3866883758725414,0.34876648383628867,-0.3866883758725414,1.0255580395460129,0.20564190239941357,20.860558264596136,13.33270157,27.7595354,16.21132824,46.10206935
0.371126884,0.316118897,-0.371126884,0.474105037,Ragi,15-02-2023,Field_43,0.40556777977170105,0.37618217905695595,-0.40556777977170105,0.0,0.22052016949141023,18.987061436971032,6.185613379,28.88452734,21.1930898,32.47697259
0.380561141,0.308120882,-0.380561141,0.462113336,Ragi,03-02-2023,Field_43,0.4137175057315126,0.41328950968299305,-0.4137175057315126,0.0,0.23758033241319643,19.812693214416527,6.092476387,28.48445566,20.17317743,32.01793411
0.324789346,0.290705755,-0.324789346,0.435998183,Ragi,17-03-2023,Field_43,0.40556777977170105,0.37618217905695595,-0.40556777977170105,0.0,0.22052016949141023,19.170295651753747,12.9008846,31.51026579,20.3526356,44.5893289
0.322347698,0.281125515,-0.322347698,0.421629795,Ragi,04-01-2023,Field_43,0.4137175057315126,0.41328950968299305,-0.4137175057315126,0.0,0.23758033241319643,19.559330649603055,12.837852478027344,31.73278878,15.16690214,44.22418465
0.375587341,0.326318106,-0.375587341,0.489411927,Ragi,16-04-2023,Field_43,0.40556777977170105,0.37618217905695595,-0.40556777977170105,0.0,0.22052016949141023,19.002025404430583,6.266520262,28.55259368,37.81902217,32.80038607
0.352851793,0.305070322,-0.352851793,0.457544783,Ragi,05-01-2023,Field_43,0.4137175057315126,0.41328950968299305,-0.4137175057315126,0.0,0.23758033241319643,19.34513103848417,14.72505257,29.93057108,21.31048546,45.71605972
0.389273188,0.386680123,-0.389273188,0.579948674,Ragi,16-05-2023,Field_43,0.40556777977170105,0.37618217905695595,-0.40556777977170105,0.0,0.22052016949141023,19.002025404430583,6.773599442,27.23726487,22.66235294,34.9182227
0.417008358,0.425887392,-0.417008358,0.638749283,Ragi,31-05-2023,Field_43,0.3866883758725414,0.34876648383628867,-0.3866883758725414,1.0255580395460129,0.20564190239941357,20.860558264596136,20.05267668,25.42056697,35.04282898,41.89769416
0.236822523,0.241003077,-0.236822523,0.361468641,Ragi,14-08-2023,Field_43,0.40556777977170105,0.37618217905695595,-0.40556777977170105,0.0,0.22052016949141023,18.94838403974262,3.45265416,36.50984344,35.98318945,42.10634802
0.414796368,0.417128728,-0.414796368,0.625607272,Ragi,13-10-2023,Field_43,0.40556777977170105,0.37618217905695595,-0.40556777977170105,0.0,0.22052016949141023,18.940948876880498,6.986215202,25.62297195,38.53296296,35.69024196
0.396676866,0.392555427,-0.396676866,0.588753816,Ragi,28-10-2023,Field_43,0.3866883758725414,0.34876648383628867,-0.3866883758725414,0.9463436603546143,0.20564190239941357,20.49190228780111,14.12954028,26.79919695,36.87515252,48.07384828
0.405826245,0.402437293,-0.405826245,0.60356995,Ragi,11-12-2023,Field_43,0.425791924146454,0.40683317753161075,-0.425791924146454,0.0,0.23983226867214086,19.035660407656735,13.9893644,26.23106744,17.4184869,48.24077137
0.405826245,0.402437293,-0.405826245,0.60356995,Ragi,27-11-2023,Field_43,0.3866883758725414,0.34876648383628867,-0.3866883758725414,0.9463436603546143,0.20564190239941357,20.385051936195055,14.03075862,26.23106744,22.09335787,48.26163675
0.388343826,0.425981636,-0.388343826,0.638880889,Ragi,01-01-2023,Field_44,0.2617325231724986,0.3206478103290618,-0.2617325231724986,25.901557472017075,0.18485060343934331,24.049526196434442,7.127331857,26.88334074,22.66965515,36.45182854
0.395899829,0.420855723,-0.395899829,0.63118152,Ragi,16-01-2023,Field_44,0.3958822175754629,0.42080475666994765,-0.3958822175754629,0.5995210078027513,0.24884146821661668,22.270260383969287,7.063358974,26.54984852,19.13726789,36.12841506
0.4077111482620239,0.426884637,-0.4077111482620239,0.640234182,Ragi,31-01-2023,Field_44,0.40768899167836664,0.42683884943349604,-0.40768899167836664,0.009345669713285234,0.26699041743480295,24.167722048078303,14.13330339,25.88513828,16.21594323,49.23187718
0.424174867,0.428413093,-0.424174867,0.64252607,Ragi,15-02-2023,Field_44,0.3630118925871493,0.39401546752789174,-0.3630118925871493,0.8992815117041268,0.22349559765714214,22.15707631792344,7.064299752,25.02881898,18.55722719,35.98235736
0.399863218,0.368574757,-0.399863218,0.552850541,Ragi,03-02-2023,Field_44,0.3630118925871493,0.39401546752789174,-0.3630118925871493,13.436970425976646,0.22349559765714214,23.670452235993935,13.93762163,26.88139945,22.86579818,46.99928093
0.366394729,0.323128123,-0.366394729,0.484631856,Ragi,17-03-2023,Field_44,0.3958822175754629,0.42080475666994765,-0.3958822175754629,0.29976050390137565,0.24884146821661668,22.474750636872784,12.98931771,29.05458751,20.49936288,45.23615585
0.341924956,0.288215325,-0.341924956,0.432276831,Ragi,04-01-2023,Field_44,0.3630118925871493,0.39401546752789174,-0.3630118925871493,11.902257690827051,0.22349559765714214,23.39929065704348,1.065901134,30.66068109,20.89451035,31.86144372
0.3415010869503021,0.253935778,-0.3415010869503021,0.380860783,Ragi,16-04-2023,Field_44,0.3958822175754629,0.42080475666994765,-0.3958822175754629,0.5995210078027513,0.24884146821661668,22.270260383969287,13.18594025,31.03241774,33.36834124,43.06615575
0.355529005,0.262193399,-0.355529005,0.393240718,Ragi,05-01-2023,Field_44,0.3630118925871493,0.39401546752789174,-0.3630118925871493,10.067784451776081,0.22349559765714214,23.16150241125206,8.498044967,30.23175757,16.32207396,41.07351143
0.267620831,0.204379692,-0.267620831,0.30656796,Ragi,16-05-2023,Field_44,0.3958822175754629,0.42080475666994765,-0.3958822175754629,0.5995210078027513,0.24884146821661668,22.270260383969287,5.431109664,35.31117723,21.25344788,29.78533786
0.255591378,0.215183992,-0.255591378,0.322737587,Ragi,31-05-2023,Field_44,0.40768899167836664,0.42683884943349604,-0.40768899167836664,0.009345669713285234,0.26699041743480295,24.167722048078303,12.93757493,35.81511072,28.54504483,42.77404035
0.39045318,0.424618572,-0.39045318,0.636844513,Ragi,15-07-2023,Field_44,0.3630118925871493,0.39401546752789174,-0.3630118925871493,0.8992815117041268,0.22349559765714214,22.15707631792344,3.160072295,26.78954871,38.281492,46.79062707
0.491068822,0.499336447,-0.491068822,0.748907285,Ragi,14-08-2023,Field_44,0.3630118925871493,0.39401546752789174,-0.3630118925871493,1.1990420156055026,0.22349559765714214,22.11126652672175,14.65919813,20.88859001,44.69102207,51.01586764
0.401416973,0.423633921,-0.401416973,0.635387779,Ragi,29-08-2023,Field_44,0.40768899167836664,0.42683884943349604,-0.40768899167836664,0.0,0.26699041743480295,24.086907868158278,13.87364875,26.23974561,41.92446173,49.06495409
0.352398469,0.306726298,-0.352398469,0.460053345,Ragi,13-09-2023,Field_44,0.3630118925871493,0.39401546752789174,-0.3630118925871493,1.4988025195068784,0.22349559765714214,22.12524017152333,13.59141544,29.9368075,34.44083943,45.163127
0.329072274,0.242714316,-0.329072274,0.364019779,Ragi,28-09-2023,Field_44,0.40768899167836664,0.42683884943349604,-0.40768899167836664,0.0,0.26699041743480295,24.0235010601225,12.71178829,31.78169128,30.16737445,42.5653865
0.25709274411201477,0.226366991,-0.25709274411201477,0.339510263,Ragi,13-10-2023,Field_44,0.3630118925871493,0.39401546752789174,-0.3630118925871493,1.4988025195068784,0.22349559765714214,22.12524017152333,5.652192423,35.62423405,24.60191374,30.79730906
0.35427346,0.332339497,-0.35427346,0.49844231,Ragi,28-10-2023,Field_44,0.40768899167836664,0.42683884943349604,-0.40768899167836664,0.0,0.26699041743480295,24.0235010601225,13.64127665,29.57947789,39.0918298,46.14380012
0.101247021,0.144700198,-0.101247021,0.217034027,Ragi,11-12-2023,Field_44,0.3630118925871493,0.39401546752789174,-0.3630118925871493,2.725027405553394,0.22349559765714214,22.258618927001976,12.07111867,44.41645031,18.99258877,41.9915884
0.189147928,0.17920583486557007,-0.189147928,0.268773325,Ragi,12-12-2023,Field_44,0.3630118925871493,0.39401546752789174,-0.3630118925871493,2.111914962530136,0.22349559765714214,22.191972441900305,5.390656223,39.57544415,21.89989979,30.03572248
0.522988997,0.458261857,-0.522988997,0.687255428,Ragi,01-01-2023,Field_45,0.5229704761431903,0.45823044777510674,-0.5229704761431903,3.5782914864830673,0.25195595367031615,2.086036845615979,7.29384951,19.67809597,4.26956818,46.01860781
0.501936775,0.438839458,-0.501936775,0.658111868,Ragi,16-01-2023,Field_45,0.5019131275754596,0.4388046187866924,-0.5019131275754596,0.0,0.22555743507155407,0.31442077273413815,6.97492587,20.95147294,-4.00346956,35.16860733
0.533152811,0.473703083,-0.533152811,0.71037041,Ragi,31-01-2023,Field_45,0.48826834110033746,0.420702885067256,-0.48826834110033746,0.1472267359495163,0.21882868662798335,1.11777203877773,7.212942628,19.00138793,-1.301647576,36.02408813
0.47522475,0.404725148,-0.47522475,0.606962212,Ragi,15-02-2023,Field_45,0.5019131275754596,0.4388046187866924,-0.5019131275754596,0.0,0.22555743507155407,0.7793268294561244,6.733146001,22.66391088,-4.321159155,34.27139575
0.478007964,0.408713711,-0.478007964,0.612948045,Ragi,03-02-2023,Field_45,0.5229704761431903,0.45823044777510674,-0.5229704761431903,3.5782914864830673,0.25195595367031615,2.1372142337617674,6.76231011,22.48105311,-0.909798948,34.37572268
0.40204338,0.347174579,-0.40204338,0.520672422,Ragi,17-03-2023,Field_45,0.5019131275754596,0.4388046187866924,-0.5019131275754596,0.0,0.22555743507155407,-0.1832606633503815,5.396300889,26.98862818,16.9968956,33.1863957
0.457498593,0.412485513,-0.457498593,0.618620594,Ragi,04-01-2023,Field_45,0.5229704761431903,0.45823044777510674,-0.5229704761431903,3.5782914864830673,0.25195595367031615,2.0379567191714614,13.96490418,23.48983026,-4.790524835,47.80259827
0.44886454939842224,0.407054324,-0.44886454939842224,0.610489293,Ragi,16-04-2023,Field_45,0.5019131275754596,0.4388046187866924,-0.5019131275754596,0.0,0.22555743507155407,0.31442077273413815,6.815934439,23.98619031,7.704959381,34.772165
0.455958238,0.447213475,-0.455958238,0.670724489,Ragi,05-01-2023,Field_45,0.5229704761431903,0.45823044777510674,-0.5229704761431903,3.5782914864830673,0.25195595367031615,1.9019634882608898,14.11448784,23.21381522,-1.151540475,49.25274256
0.458173889,0.452130672,-0.458173889,0.67810538,Ragi,16-05-2023,Field_45,0.5019131275754596,0.4388046187866924,-0.5019131275754596,0.0,0.22555743507155407,0.31442077273413815,7.196949407,23.05045571,6.145163746,36.36836699
0.45501892,0.453519186,-0.45501892,0.680188507,Ragi,31-05-2023,Field_45,0.48826834110033746,0.420702885067256,-0.48826834110033746,0.1472267359495163,0.21882868662798335,1.11777203877773,7.216705739,23.19738149,8.114992592,36.46226123
0.49651671,0.50995481,-0.49651671,0.764832286,Ragi,15-06-2023,Field_45,0.5019131275754596,0.4388046187866924,-0.5019131275754596,0.0,0.22555743507155407,0.7793268294561244,14.77115067,20.50195303,27.40410197,51.40187727
0.579431581,0.684365033,-0.579431581,1.026423942,Ragi,29-08-2023,Field_45,0.5159461618430757,0.4489628538146129,-0.5159461618430757,0.0,0.22414308547952044,0.37439507983981457,8.987249371,14.48672771,28.97156272,43.43130111694336
0.600918311,0.673421586,-0.600918311,1.009892407,Ragi,28-09-2023,Field_45,0.5159461618430757,0.4489628538146129,-0.5159461618430757,0.0,0.22414308547952044,-0.006859570457834252,8.838606494,13.50128537,20.03953428,42.66971343
0.576173077,0.624391288,-0.576173077,0.936453799,Ragi,13-10-2023,Field_45,0.5019131275754596,0.4388046187866924,-0.5019131275754596,0.0,0.22555743507155407,1.213002913338812,8.458532303,15.26562544,10.46123309,41.16740567
0.575172443,0.596917938,-0.575172443,0.895235714,Ragi,28-10-2023,Field_45,0.5159461618430757,0.4489628538146129,-0.5159461618430757,0.0,0.22414308547952044,-0.006859570457834252,8.215811657,15.59730403,3.803891318,40.12413639
0.565810398,0.568802536,-0.565810398,0.853052506,Ragi,11-12-2023,Field_45,0.5019131275754596,0.4388046187866924,-0.5019131275754596,1.788734387140721,0.22555743507155407,1.0648759024484207,7.986261898,16.36251005,-0.304771105,39.18519404
0.574150201,0.551333009,-0.574150201,0.826844033,Ragi,27-11-2023,Field_45,0.5159461618430757,0.4489628538146129,-0.5159461618430757,0.0,0.22414308547952044,-0.13436305636452062,18.15795039,16.11505732,14.13338302,53.66577161
0.556079903,0.527321618,-0.556079903,0.790825724,Ragi,12-12-2023,Field_45,0.5019131275754596,0.4388046187866924,-0.5019131275754596,1.7841370105743408,0.22555743507155407,1.1465797242664735,14.29041327,17.28303104,-3.526391997,50.86980994
0.495814123,0.44789647,-0.495814123,0.671731393,Ragi,27-12-2023,Field_45,0.5159461618430757,0.4489628538146129,-0.5159461618430757,0.0,0.22414308547952044,-0.13436305636452062,7.069944418,21.1716242,3.014986768,35.60678042
0.441503956,0.296095778,-0.441503956,0.444074929,Sorghum,01-01-2023,Field_46,0.4611604594297106,0.3100419580745505,-0.4611604594297106,1.3351954109966755,0.18408510529906116,22.800450443086106,5.841288741,25.49526009,22.14125464,30.59908789
0.443280949,0.277791048,-0.443280949,0.416623145,Sorghum,16-01-2023,Field_46,0.4432691358849143,0.2777720589125369,-0.4432691358849143,0.053163569420576096,0.16756013390168706,21.4741991860526,5.673830311,25.59146294,21.12285564,29.8687994
0.442309844,0.267775234,-0.442309844,0.401604107,Sorghum,31-01-2023,Field_46,0.4425759661821491,0.26783634516969385,-0.4425759661821491,0.0,0.16581001734110717,22.905968420846136,5.586337984,25.74334204,20.92486812,29.49322246
0.405259611,0.234091819,-0.405259611,0.35108676,Sorghum,15-02-2023,Field_46,0.4432691358849143,0.2777720589125369,-0.4432691358849143,0.07974535413086414,0.16756013390168706,21.359486334664552,5.372781446,27.97929337,24.77023725,28.77336666
0.335184211,0.196576208,-0.335184211,0.2948235273361206,Sorghum,03-02-2023,Field_46,0.44149354569251953,0.2960772632235449,-0.44149354569251953,1.0965197682380676,0.17631388136455498,22.37501301538373,5.202500683,31.94079175,23.91992836,28.4290878
0.380064654,0.206295828,-0.380064654,0.309398642,Sorghum,17-03-2023,Field_46,0.4432691358849143,0.2777720589125369,-0.4432691358849143,0.026581784710288048,0.16756013390168706,21.60112828754245,12.37969376,29.54973495,34.76275644,40.17629986
0.331171198,0.17583241,-0.331171198,0.263711825,Sorghum,04-01-2023,Field_46,0.44149354569251953,0.2960772632235449,-0.44149354569251953,0.9885016586631536,0.17631388136455498,22.133619154067276,5.025634475,32.35756757,19.28097884,27.68836661
0.304390548,0.163971822,-0.304390548,0.245921352,Sorghum,16-04-2023,Field_46,0.4432691358849143,0.2777720589125369,-0.4432691358849143,0.053163569420576096,0.16756013390168706,21.4741991860526,4.983299478,33.84623526,35.8161121,27.64663584
-0.075635975,-0.035893375,0.075635975,-0.053838511,Sorghum,05-01-2023,Field_46,0.44149354569251953,0.2960772632235449,-0.44149354569251953,0.8539017643779516,0.17631388136455498,21.944542775835316,4.090501441,55.2932486,19.20324707,32.59173221
0.293463576,0.147492811,-0.293463576,0.221208924,Sorghum,16-05-2023,Field_46,0.4432691358849143,0.2777720589125369,-0.4432691358849143,0.053163569420576096,0.16756013390168706,21.4741991860526,11.91306802,34.57251228,33.21354086,39.00783826
0.280064771,0.13768048584461212,-0.280064771,0.206489113,Sorghum,31-05-2023,Field_46,0.4425759661821491,0.26783634516969385,-0.4425759661821491,0.0,0.16581001734110717,22.905968420846136,4.805492493,35.35692584,25.17391631,27.01024158
0.270415065,0.138192478,-0.270415065,0.207257898,Sorghum,15-06-2023,Field_46,0.4432691358849143,0.2777720589125369,-0.4432691358849143,0.07974535413086414,0.16756013390168706,21.359486334664552,4.832775046,35.84445311,37.18740332,27.18759736
0.504670938,0.496730659,-0.504670938,0.744956761,Sorghum,28-09-2023,Field_46,0.4425759661821491,0.26783634516969385,-0.4425759661821491,0.0,0.16581001734110717,22.55510564531602,31.058835,20.22061908,27.05534205,59.80019495
0.495503661,0.466422943,-0.495503661,0.699522029,Sorghum,13-10-2023,Field_46,0.4432691358849143,0.2777720589125369,-0.4432691358849143,0.13290892355144024,0.16756013390168706,21.265086246672183,7.236462071,20.99826924,29.84458025,36.33706892
0.454348552,0.37067504,-0.454348552,0.555926109,Sorghum,28-10-2023,Field_46,0.4425759661821491,0.26783634516969385,-0.4425759661821491,0.0,0.16581001734110717,22.55510564531602,2.367937472,24.07769025,37.20187357,33.28028993
0.495850932,0.352606356,-0.495850932,0.5288257002830505,Sorghum,11-12-2023,Field_46,0.44303842127722154,0.28622137398444747,-0.44303842127722154,0.25978618673980236,0.17585029544600136,21.198147619338272,12.84537872,22.14293054,19.47664058,44.27634811
0.493297817,0.343949766,-0.493297817,0.515844038,Sorghum,27-11-2023,Field_46,0.43188973501141004,0.26168577485173045,-0.43188973501141004,0.0,0.1601020530997982,22.558031381879573,12.77952428,22.36171241,29.57132723,43.94250194
0.485948418,0.397501262,-0.485948418,0.596145021,Sorghum,12-12-2023,Field_46,0.44303842127722154,0.28622137398444747,-0.44303842127722154,0.1963475551456213,0.17585029544600136,21.220653152465843,6.642831342,22.19009014,17.69154148,33.82278996
0.50532438,0.393237424,-0.50532438,0.589750117,Sorghum,27-12-2023,Field_46,0.43188973501141004,0.26168577485173045,-0.43188973501141004,0.0,0.1601020530997982,22.558031381879573,6.559102127,21.24421489,15.6983697,33.35331878
0.364335821,0.336426272,-0.364335821,0.504603069,Sorghum,01-01-2023,Field_47,0.36696195650439795,0.3517963588890591,-0.36696195650439795,0.3838804177939892,0.22083206686438922,20.47446457999098,6.383176697,29.02391204,19.32245073,33.36375148
0.349050917,0.295175441,-0.349050917,0.442773053,Sorghum,16-01-2023,Field_47,0.34384567627181856,0.2929909946586667,-0.34384567627181856,0.054502468556165695,0.20249322684416013,19.322756431216305,6.051082168,30.22571563,26.48467346,32.01793411
0.327312194,0.262394988,-0.327312194,0.393616331,Sorghum,31-01-2023,Field_47,0.32718082070117793,0.2622842646289356,-0.32718082070117793,0.48117053508758545,0.18684553829365497,21.305870764596136,12.83879328,31.67057246,23.63405409,43.42086731
0.309713158,0.217037061,-0.309713158,0.325595971,Sorghum,15-02-2023,Field_47,0.3307727943927969,0.3158841501903749,-0.3307727943927969,0.08175370283424854,0.2006019571645,19.233149374099014,5.445221329,33.03249093,17.58651676,29.60798208
0.306911507,0.205423431,-0.306911507,0.308127169,Sorghum,03-02-2023,Field_47,0.36696195650439795,0.3517963588890591,-0.36696195650439795,0.4383828863501549,0.22083206686438922,20.095565005711194,5.347380449,33.29416403,17.70074838,29.21153975
0.272539421,0.16374571,-0.272539421,0.24573921,Sorghum,17-03-2023,Field_47,0.31099057527890706,0.2544903749373415,-0.31099057527890706,0.027251234278082848,0.1742024955134415,19.56796585264658,12.24892566,35.47500232,27.57242676,40.14500178
0.293971076,0.212232447,-0.293971076,0.318342328,Sorghum,04-01-2023,Field_47,0.36696195650439795,0.3517963588890591,-0.36696195650439795,0.4656341206282377,0.22083206686438922,19.82339198702863,5.438635885,33.88541936,24.85232392,29.67057824
0.287355512,0.189192036,-0.287355512,0.283800709,Sorghum,16-04-2023,Field_47,0.34384567627181856,0.2929909946586667,-0.34384567627181856,0.054502468556165695,0.20249322684416013,19.322756431216305,5.24859879,34.45854779,28.51462686,28.88812628
0.254658719,0.135418455,-0.254658719,0.203743562,Sorghum,05-01-2023,Field_47,0.36696195650439795,0.3517963588890591,-0.36696195650439795,0.4656341206282377,0.22083206686438922,19.578732926504983,7.229876627,36.67737179,17.3017555,37.75591513
0.317936802,0.244816501,-0.317936802,0.367213515,Sorghum,16-05-2023,Field_47,0.34384567627181856,0.2929909946586667,-0.34384567627181856,0.054502468556165695,0.20249322684416013,19.322756431216305,5.673830311,32.32884782,37.24818219,30.55735712
0.318406802,0.247130764,-0.318406802,0.370678768,Sorghum,31-05-2023,Field_47,0.32718082070117793,0.2622842646289356,-0.32718082070117793,0.48117053508758545,0.18684553829365497,21.305870764596136,5.693586642,32.28121227,32.06223086,30.64081866
0.229394905,0.166353606,-0.229394905,0.249515929,Sorghum,15-06-2023,Field_47,0.3307727943927969,0.3158841501903749,-0.3307727943927969,0.08175370283424854,0.2006019571645,19.233149374099014,5.180862796,37.65151572,38.83113611,28.90899166
0.341381553,0.310287694,-0.341381553,0.465377776,Sorghum,14-08-2023,Field_47,0.3307727943927969,0.3158841501903749,-0.3307727943927969,0.10900493711233139,0.2006019571645,19.194134830293194,1.30485867,30.4630073,44.39079928,43.14961729
0.369017553,0.408682616,-0.369017553,0.612960976,Sorghum,28-09-2023,Field_47,0.32718082070117793,0.2622842646289356,-0.32718082070117793,0.48117053508758545,0.18684553829365497,20.912794912429092,13.81437975,28.04689739,29.64808653,48.96062717
0.428532478,0.441675156,-0.428532478,0.662459161,Sorghum,13-10-2023,Field_47,0.3307727943927969,0.3158841501903749,-0.3307727943927969,0.13625617139041424,0.2006019571645,19.168691389901312,7.173429965,24.67085655,28.91960615,36.42053046
0.414131269,0.383317733,-0.414131269,0.574921346,Sorghum,28-10-2023,Field_47,0.32718082070117793,0.2622842646289356,-0.32718082070117793,0.48117053508758545,0.18684553829365497,20.912794912429092,13.8209652,26.00224227,34.70964428,47.28096363
0.388204183,0.377446125,-0.388204183,0.566095715,Sorghum,12-12-2023,Field_47,0.3307727943927969,0.3158841501903749,-0.3307727943927969,0.20213176123797894,0.2006019571645,19.199808193388435,6.693633338,27.38615859,19.07744142,34.57394384
0.252575926,0.244697747,-0.252575926,0.366920046,Sorghum,27-12-2023,Field_47,0.32718082070117793,0.2622842646289356,-0.32718082070117793,0.48117053508758545,0.18684553829365497,20.8114260991415,5.826236298,35.66767261,19.02723926,31.57976101
0.684081724,0.746463714,-0.684081724,1.119560994,Sorghum,01-01-2023,Field_48,0.6903494420223073,0.7460373274125068,-0.6903494420223073,4.1981940269470215,0.5103344541344375,16.389119992937367,9.295824457,8.508627967,6.183541032,44.19288657
0.700341574,0.736955373,-0.700341574,1.105298178,Sorghum,16-01-2023,Field_48,0.6774563000686825,0.7311051073853744,-0.6774563000686825,5.36414361000061,0.49177010277756295,16.90702563694549,9.172582578,7.775436446,10.21437632,43.56692501
0.340939387,0.40674734115600586,-0.340939387,0.610061123,Sorghum,31-01-2023,Field_48,0.6311243170723914,0.6594743100049577,-0.6311243170723914,8.67576726153493,0.40717227676475626,18.935579190935414,14.11072473,29.50045605,8.341426589,49.4926945
0.600097099,0.576447759,-0.600097099,0.864546006,Sorghum,15-02-2023,Field_48,0.6774563000686825,0.7311051073853744,-0.6774563000686825,5.771237701177597,0.49177010277756295,16.579799997238922,7.974031788,14.53360155,11.98447995,38.94524211
0.489963392,0.371658014,-0.489963392,0.557415843,Sorghum,03-02-2023,Field_48,0.6903494420223073,0.7460373274125068,-0.6903494420223073,4.633543014526367,0.5103344541344375,16.065994925726045,6.402933028,22.24900188,11.62617834,32.7586553
0.323481304,0.207271255,-0.323481304,0.310864868,Sorghum,17-03-2023,Field_48,0.6774563000686825,0.7311051073853744,-0.6774563000686825,4.957049518823624,0.49177010277756295,17.272741708301396,12.62805907,32.42916619,19.58090868,41.24043452
0.292220146,0.185491938,-0.292220146,0.278200339,Sorghum,04-01-2023,Field_48,0.6903494420223073,0.7460373274125068,-0.6903494420223073,4.790034204721451,0.5103344541344375,15.964569209870888,5.204382238,34.24792694,5.680192536,28.66903973
0.255952852,0.159941233,-0.255952852,0.239875906,Sorghum,16-04-2023,Field_48,0.6774563000686825,0.7311051073853744,-0.6774563000686825,5.36414361000061,0.49177010277756295,16.90702563694549,5.061384028,36.36083963,17.88288632,28.25173202
0.302929891,0.203226858,-0.302929891,0.304795262,Sorghum,05-01-2023,Field_48,0.6774563000686825,0.7311051073853744,-0.6774563000686825,4.975373059511185,0.49177010277756295,16.004880387442483,11.96669235,33.51991605,11.33388393,41.04221335
0.114462835,0.06329663097858429,-0.114462835,0.09493327140808105,Sorghum,16-05-2023,Field_48,0.6774563000686825,0.7311051073853744,-0.6774563000686825,5.36414361000061,0.49177010277756295,16.90702563694549,11.46902094,44.57295747,18.88613923,40.88572296
0.297257853,0.189270373,-0.297257853,0.283866475,Sorghum,31-05-2023,Field_48,0.6311243170723914,0.6594743100049577,-0.6311243170723914,8.67576726153493,0.40717227676475626,18.935579190935414,5.226020125,33.95209095,28.73764905,28.73163589
0.276024086,0.158981561,-0.276024086,0.238440125,Sorghum,15-06-2023,Field_48,0.6774563000686825,0.7311051073853744,-0.6774563000686825,5.771237701177597,0.49177010277756295,16.579799997238922,5.004937366,35.34571575,27.13416146,27.89702047
0.671866549,0.749112065,-0.671866549,1.123553931,Sorghum,29-08-2023,Field_48,0.34094522122911486,0.40675260981941086,-0.34094522122911486,8.66748483479023,0.31114562616066566,18.968377594720778,16.17290945,9.105340933,33.14457384,58.66303144
0.671866549,0.749112065,-0.671866549,1.123553931,Sorghum,13-09-2023,Field_48,0.6774563000686825,0.7311051073853744,-0.6774563000686825,6.11137655377388,0.49177010277756295,15.847384888785257,16.82580917,9.105340933,19.88977293,59.02817569
0.481405104,0.451161281,-0.481405104,0.676646256,Sorghum,28-09-2023,Field_48,0.5896683470442318,0.6492919642183604,-0.5896683470442318,8.65920240804553,0.43914035654541234,19.033400381179092,7.133917301,21.87406858,29.99409164,35.96149198
0.384183671,0.321132266,-0.384183671,0.48162563,Sorghum,13-10-2023,Field_48,0.6774563000686825,0.7311051073853744,-0.6774563000686825,6.11137655377388,0.49177010277756295,15.847384888785257,6.199725045,28.16658983,21.05220321,32.4665399
0.398275893,0.318693335,-0.398275893,0.477957659,Sorghum,28-10-2023,Field_48,0.5896683470442318,0.6492919642183604,-0.5896683470442318,8.65920240804553,0.43914035654541234,19.033400381179092,6.145159938,27.47188787,21.37473557,32.15355912
0.431022053,0.365197604,-0.431022053,0.547692193,Sorghum,11-12-2023,Field_48,0.6774563000686825,0.7311051073853744,-0.6774563000686825,5.864138752222061,0.49177010277756295,15.574589211600198,13.72030198,25.32478361,6.381384831,46.25855974
0.517219059,0.511406046,-0.517219059,0.766979695,Sorghum,27-11-2023,Field_48,0.5896683470442318,0.6492919642183604,-0.5896683470442318,9.124969311058521,0.43914035654541234,19.190314910525387,14.26407149,19.42997933,21.37389753,50.84894456
0.634283473,0.714947103,-0.634283473,1.072268735,Sorghum,12-12-2023,Field_48,0.6774563000686825,0.7311051073853744,-0.6774563000686825,5.987757652997971,0.49177010277756295,15.667314238775361,9.131188359,11.37341953,12.61164317,43.75471348
0.644149901,0.708185021,-0.644149901,1.062141313,Sorghum,27-12-2023,Field_48,0.5896683470442318,0.6492919642183604,-0.5896683470442318,9.124969311058521,0.43914035654541234,19.190314910525387,9.047459144,10.93865687,9.897370554,43.33740576
0.169854259,0.159649598,-0.169854259,0.239440839,Turmeric,01-01-2023,Field_49,0.1667339428835006,0.15852629726359913,-0.1667339428835006,0.9454027116298676,0.0994364064653595,22.792178726196312,5.2608289,40.76038855,19.49473008,29.58711669
0.30138109,0.23657996952533722,-0.30138109,0.354810125,Turmeric,16-01-2023,Field_49,0.3155390469863784,0.24457733713786234,-0.3155390469863784,0.5023089200258255,0.13680888234295163,21.39525457109727,12.62147363,33.25837349,19.44384061,42.7114442
0.312487019,0.221598345,-0.312487019,0.332343553,Turmeric,31-01-2023,Field_49,0.31739838412150984,0.23401635049214128,-0.31739838412150984,0.8333189385011792,0.1333478930388168,22.38337960016156,5.479089327,32.84426166,22.16703155,29.74360709
0.27767358,0.19285792112350464,-0.27767358,0.289243557,Turmeric,15-02-2023,Field_49,0.3155390469863784,0.24457733713786234,-0.3155390469863784,0.5371968364343047,0.13680888234295163,21.163569295974014,5.304104674,34.91551036,22.30905706,29.18024168
0.289429111,0.188767616,-0.289429111,0.283110724,Turmeric,03-02-2023,Field_49,0.36918085383930965,0.29728227186565415,-0.36918085383930965,0.905733272433281,0.16568751913515398,22.282971999758786,5.240131791,34.35699531,18.93907693,28.83596281
0.295513597,0.194793049,-0.295513597,0.292148085,Turmeric,17-03-2023,Field_49,0.3155390469863784,0.24457733713786234,-0.3155390469863784,0.4674210036173463,0.13680888234295163,21.588357407706155,18.74875879,33.98475788,28.99720228,44.5893289
0.336429419,0.277569106,-0.336429419,0.416296316,Turmeric,04-01-2023,Field_49,0.36918085383930965,0.29728227186565415,-0.36918085383930965,0.8843039013445377,0.16568751913515398,22.033992340451277,5.923136401,31.0500357,21.55758305,31.52759755
0.368950634,0.300788319,-0.368950634,0.451120934,Turmeric,16-04-2023,Field_49,0.3155390469863784,0.24457733713786234,-0.3155390469863784,0.5023089200258255,0.13680888234295163,21.39525457109727,6.053904501,29.15222545,26.76157286,31.91360718
0.339248419,0.271483687,-0.339248419,0.407168203,Turmeric,05-01-2023,Field_49,0.36918085383930965,0.29728227186565415,-0.36918085383930965,0.8729717843234539,0.16568751913515398,21.746294775463355,12.67039407,30.96823489,19.00989867,43.49389616
0.350680867,0.333449071,-0.350680867,0.500114786,Turmeric,16-05-2023,Field_49,0.3155390469863784,0.24457733713786234,-0.3155390469863784,0.5023089200258255,0.13680888234295163,21.39525457109727,6.388821363,29.75159945,22.07353051,33.4680784
0.353389754,0.325710397,-0.353389754,0.488507588,Turmeric,31-05-2023,Field_49,0.31739838412150984,0.23401635049214128,-0.31739838412150984,0.8333189385011792,0.1333478930388168,22.38337960016156,6.313559147,29.69230594,39.46933337,33.12379954
0.285111468,0.269304209,-0.285111468,0.403909892,Turmeric,15-06-2023,Field_49,0.3155390469863784,0.24457733713786234,-0.3155390469863784,0.5371968364343047,0.13680888234295163,21.163569295974014,5.970175286,33.75496297,36.98345553,32.01793411
0.434679745,0.451952871,-0.434679745,0.677841459,Turmeric,28-09-2023,Field_49,0.31739838412150984,0.23401635049214128,-0.31739838412150984,0.635084506124258,0.1333478930388168,22.226556305658278,16.17290945,24.25198525,24.52391248,50.91154071
0.389412709,0.394940724,-0.389412709,0.59233313,Turmeric,13-10-2023,Field_49,0.3155390469863784,0.24457733713786234,-0.3155390469863784,0.6036654151976109,0.13680888234295163,21.032402792431014,6.846980103,27.1457758,20.98404257,35.23120348
0.40728178,0.384601392,-0.40728178,0.576817494,Turmeric,28-10-2023,Field_49,0.31739838412150984,0.23401635049214128,-0.31739838412150984,0.635084506124258,0.1333478930388168,22.226556305658278,6.713389669,26.33889726,30.05768777,34.55307845
0.303014388,0.279849554,-0.303014388,0.419706787,Turmeric,12-12-2023,Field_49,0.3155390469863784,0.24457733713786234,-0.3155390469863784,0.6590630020946264,0.13680888234295163,20.97414668855214,6.02191806,32.73306334,23.76775203,32.14312642
0.490914419,0.44601690769195557,-0.490914419,0.668925176,Turmeric,01-01-2023,Field_51,0.490906767829358,0.4460081802050197,-0.490906767829358,0.0,0.2713554365114776,25.250081906999867,7.065240529,21.44102033,21.79259296,35.61721311
0.469453818,0.407269006,-0.469453818,0.610816635,Turmeric,16-01-2023,Field_51,0.46945696857543856,0.4072774545903334,-0.46945696857543856,0.0,0.25462116108140637,23.726838229951454,14.23584816,22.93261976,18.59692038,47.56264634
0.444081927,0.396589818,-0.444081927,0.594801005,Turmeric,31-01-2023,Field_51,0.4239002716137689,0.38579605942659906,-0.4239002716137689,0.0,0.24310412122908823,25.20545921325686,13.43618712,24.3372846,17.38342556,47.10360785
0.436500217,0.373917211,-0.436500217,0.560800759,Turmeric,15-02-2023,Field_51,0.457851321709209,0.42481575249664305,-0.457851321709209,0.0,0.26089311588884817,23.547561808994885,6.548753572,24.95599237,17.07236236,33.68716495
0.407596954,0.341088717,-0.407596954,0.511566215,Turmeric,03-02-2023,Field_51,0.457851321709209,0.42481575249664305,-0.457851321709209,0.0,0.26089311588884817,24.759714698791527,6.322966924,26.76719258,21.7556745,32.87341492
0.424861987,0.345491459,-0.424861987,0.518157513,Turmeric,17-03-2023,Field_51,0.46945696857543856,0.4072774545903334,-0.46945696857543856,0.0,0.25462116108140637,23.951359639848988,5.448043662,25.84059986,38.75059379,43.20178076
0.376616197,0.27414531,-0.376616197,0.411164224,Turmeric,04-01-2023,Field_51,0.457851321709209,0.42481575249664305,-0.457851321709209,0.0,0.26089311588884817,24.538933281671405,5.798012967,29.03289031982422,19.00627769,30.76601098
0.376692288,0.239547171,-0.376692288,0.359274082,Turmeric,16-04-2023,Field_51,0.46945696857543856,0.4072774545903334,-0.46945696857543856,0.0,0.25462116108140637,23.726838229951454,5.488497104,29.38235091,38.26046071,29.4306263
0.267618956,0.174464183,-0.267618956,0.261665284,Turmeric,05-01-2023,Field_51,0.457851321709209,0.42481575249664305,-0.457851321709209,0.0,0.26089311588884817,24.28440396445143,11.75407659,35.61679633,20.5102459,40.36408832
0.302073351,0.202712424,-0.302073351,0.304027898,Turmeric,16-05-2023,Field_51,0.46945696857543856,0.4072774545903334,-0.46945696857543856,0.0,0.25462116108140637,23.726838229951454,5.335150338,33.56890857,31.53173107,29.18024168
0.307318508,0.196584327,-0.307318508,0.294828573,Turmeric,31-05-2023,Field_51,0.4239002716137689,0.38579605942659906,-0.4239002716137689,0.0,0.24310412122908823,25.20545921325686,5.267414344,33.36365344,31.85560003,28.8568282
0.269665074,0.169818409,-0.269665074,0.254691619,Turmeric,15-06-2023,Field_51,0.457851321709209,0.42481575249664305,-0.457851321709209,0.0,0.26089311588884817,23.547561808994885,5.116889912,35.55975929,36.24067427,28.4186551
0.438150045,0.392943014,-0.438150045,0.589324297,Turmeric,30-07-2023,Field_51,0.4239002716137689,0.38579605942659906,-0.4239002716137689,0.0,0.24310412122908823,25.075230807349783,13.99500907,24.6774368,44.17420321,47.36442517
0.389006102,0.382223065,-0.389006102,0.573265534,Turmeric,14-08-2023,Field_51,0.457851321709209,0.42481575249664305,-0.457851321709209,0.0,0.26089311588884817,23.50586753118614,13.63845432,27.29642281,39.77256675,47.53134826
0.430202247,0.431169217,-0.430202247,0.646686046,Turmeric,29-08-2023,Field_51,0.4239002716137689,0.38579605942659906,-0.4239002716137689,0.0,0.24310412122908823,24.94515517098563,13.98371974,24.6928867,38.75655655,48.96062717
0.535908706,0.539349519,-0.535908706,0.808922836,Turmeric,28-09-2023,Field_51,0.4239002716137689,0.38579605942659906,-0.4239002716137689,0.0,0.24310412122908823,24.788184374854723,15.16157342,18.19022109,32.52024718,52.14259846
0.584436669,0.560846343,-0.584436669,0.84116111,Turmeric,13-10-2023,Field_51,0.457851321709209,0.42481575249664305,-0.457851321709209,0.0,0.26089311588884817,23.50554151080911,7.871487018,15.49262686,38.64884103,38.58009786
0.526350099,0.497412883,-0.526350099,0.746019979,Turmeric,28-10-2023,Field_51,0.4239002716137689,0.38579605942659906,-0.4239002716137689,0.0,0.24310412122908823,24.788184374854723,14.45599014,19.10661892,22.67931759,50.27514646
0.331900291,0.310379867,-0.331900291,0.465441392,Turmeric,12-12-2023,Field_51,0.457851321709209,0.42481575249664305,-0.457851321709209,0.0,0.26089311588884817,23.52396300179629,6.227007598,30.94622066,22.78260675,32.87341492
0.420672666,0.337371794,-0.420672666,0.505981277,Turmeric,27-12-2023,Field_51,0.4239002716137689,0.38579605942659906,-0.4239002716137689,0.0,0.24310412122908823,24.692395918709906,6.25899404,26.13745003,18.24084547,32.51870336
0.205781595,0.346163429,-0.205781595,0.519174041,Ginger,01-01-2023,Field_52,0.205881445641401,0.34624940054396214,-0.205881445641401,7.8932556576199,0.20711487499898237,26.553287124633812,6.843216992,37.02093943,17.6622889,36.2223093
0.132251117,0.237235611,-0.132251117,0.355865161,Ginger,16-01-2023,Field_52,0.15719056587527175,0.2780566579926461,-0.15719056587527175,1.4215206884675557,0.18975930366140006,26.037658309936603,12.8924176,41.88819315,20.95540734,45.53870394
0.133077889,0.240310829,-0.133077889,0.360479077,Ginger,31-01-2023,Field_52,0.13319662987257697,0.2404235728016416,-0.13319662987257697,30.877841741079465,0.1787438750997488,26.561323238554507,12.81715539,41.81456772,15.80471196,45.6013001
0.131778415,0.239133093,-0.131778415,0.358707423,Ginger,15-02-2023,Field_52,0.15209740502658073,0.28350727160902417,-0.15209740502658073,1.2511268324322171,0.19323955741939594,26.081508981613922,6.060489945,41.8929526,27.63436907,33.24899186
0.121910776,0.225930641,-0.121910776,0.33893333,Ginger,03-02-2023,Field_52,0.15209740502658073,0.28350727160902417,-0.15209740502658073,0.0,0.19323955741939594,26.544557053702306,5.966412175,42.53167234,17.82094426,32.8942803
0.129062649,0.219795702,-0.129062649,0.329709537,Ginger,17-03-2023,Field_52,0.132370358220831,0.23734517381881937,-0.132370358220831,1.5057600819402273,0.1685237700935614,26.0429298128401,5.893972292,42.22912184,38.41878117,32.55000144
0.077889069,0.171886088,-0.077889069,0.257895985,Ginger,04-01-2023,Field_52,0.15209740502658073,0.28350727160902417,-0.15209740502658073,0.0,0.19323955741939594,26.486640684945257,2.797872881,45.33156333,15.26974483,31.49629947
0.082719666,0.188739052,-0.082719666,0.283123926,Ginger,16-04-2023,Field_52,0.15719056587527175,0.2780566579926461,-0.15719056587527175,1.4215206884675557,0.18975930366140006,26.037658309936603,5.725573084,44.91277475,28.89021573,32.07009757
0.075985547,0.188989598,-0.075985547,0.283549993,Ginger,16-05-2023,Field_52,0.15719056587527175,0.2780566579926461,-0.15719056587527175,1.4215206884675557,0.18975930366140006,26.037658309936603,13.22545291,45.25408952,27.6056993,44.7353866
0.075985547,0.188989598,-0.075985547,0.283549993,Ginger,31-05-2023,Field_52,0.13319662987257697,0.2404235728016416,-0.13319662987257697,30.877841741079465,0.1787438750997488,26.561323238554507,35.64983018,45.25408952,23.83252286,57.17115638
0.117349265,0.23369362950325012,-0.117349265,0.3505244553089142,Ginger,13-10-2023,Field_52,0.15209740502658073,0.28350727160902417,-0.15209740502658073,1.2511268324322171,0.19323955741939594,26.221559460957906,15.54352916,42.68532062,21.75084158,47.10360785
0.120955606,0.253442097,-0.120955606,0.380229853,Ginger,12-12-2023,Field_52,0.15209740502658073,0.28350727160902417,-0.15209740502658073,1.2511268324322171,0.19323955741939594,26.222513271513435,6.21383671,42.29947651,23.72006296,33.96884766
0.152787677,0.298841342,-0.152787677,0.448263292,Ginger,27-12-2023,Field_52,0.13319662987257697,0.2404235728016416,-0.13319662987257697,29.424913683104226,0.1787438750997488,26.330277243114722,6.544990461,40.21033503,17.11632689,35.23120348
0.397500983,0.31599633,-0.397500983,0.473918154,Ginger,01-01-2023,Field_53,0.437378698174559,0.33676434888551415,-0.437378698174559,3.5740048736333847,0.18360626541610403,16.661237970987997,13.16430236,27.53900236,10.19308573,44.5788962
0.044047298,0.054218611,-0.044047298,0.081320028,Ginger,16-01-2023,Field_53,0.32564039577596565,0.26019308465437085,-0.32564039577596565,1.76431230828166,0.14845883857718306,16.362295586722325,11.27333918,48.2613952,12.34218219,41.90812685
-0.04638134688138962,-0.019073819,0.04638134688138962,-0.02860875055193901,Ginger,31-01-2023,Field_53,0.3351263058572844,0.26350555235417406,-0.3351263058572844,1.3516591470688581,0.14541273820259876,19.604222234090173,4.172349101,53.62760343,6.590227187,32.08053027
0.383084629,0.293496184,-0.383084629,0.440172669,Ginger,15-02-2023,Field_53,0.4053397922305513,0.30811490041383005,-0.4053397922305513,1.8219684772193432,0.17697773258621183,16.42864207313181,13.25461702,28.50495555,6.699493926,43.98423272
0.348037607,0.293496588,-0.348037607,0.440176108,Ginger,03-02-2023,Field_53,0.437378698174559,0.33676434888551415,-0.437378698174559,3.784678027033806,0.18360626541610403,16.65966935838975,6.037911281,30.29460554,5.065383441,31.96577065
0.1085919588804245,0.142472861,-0.1085919588804245,0.213683839,Ginger,17-03-2023,Field_53,0.3564746782440499,0.2756092362385711,-0.3564746782440499,1.706656139343977,0.1640102644665668,16.346169907706155,12.75224173,44.06413312,29.96537627,42.16894417
0.173824156,0.184518427,-0.173824156,0.276742981,Ginger,04-01-2023,Field_53,0.437378698174559,0.33676434888551415,-0.437378698174559,2.3022561967372894,0.18360626541610403,16.74456944238574,12.53680363,40.30368602,8.535588303,42.64884804
0.188653995,0.202463513,-0.188653995,0.30365535616874695,Ginger,16-04-2023,Field_53,0.32564039577596565,0.26019308465437085,-0.32564039577596565,1.76431230828166,0.14845883857718306,16.362295586722325,12.97426526,39.36313873,18.31728369,43.35827115
0.380448258,0.355286883,-0.380448258,0.532847615,Ginger,05-01-2023,Field_53,0.437378698174559,0.33676434888551415,-0.437378698174559,2.283991616219282,0.18360626541610403,16.92247130076089,7.214824184,28.00851954,11.31676515,44.27634811
0.3571067452430725,0.310943964,-0.3571067452430725,0.466351068,Ginger,16-05-2023,Field_53,0.32564039577596565,0.26019308465437085,-0.32564039577596565,1.76431230828166,0.14845883857718306,16.362295586722325,8.484874079,29.65330761,20.73287685,42.93053075
0.319447399,0.301840472,-0.319447399,0.452690418,Ginger,31-05-2023,Field_53,0.3351263058572844,0.26350555235417406,-0.3351263058572844,1.3516591470688581,0.14541273820259876,19.604222234090173,12.99308082,31.66933147,22.37402762,45.15269431
0.286895805,0.277650596,-0.286895805,0.416431278,Ginger,15-06-2023,Field_53,0.4053397922305513,0.30811490041383005,-0.4053397922305513,1.8219684772193432,0.17697773258621183,16.42864207313181,93.36748287,33.57860631,28.54663687,89.29341741
0.378998659,0.465182997,-0.378998659,0.697637005,Ginger,29-08-2023,Field_53,0.3351263058572844,0.26350555235417406,-0.3351263058572844,1.6835735067725182,0.14541273820259876,19.195858528500537,14.28288705,26.96018726,33.0528829,51.24538688
0.457001842,0.552032137,-0.457001842,0.827883655,Ginger,13-09-2023,Field_53,0.437378698174559,0.33676434888551415,-0.437378698174559,1.9781094901263714,0.18360626541610403,16.602994310288295,8.092569778,22.09002444,12.0982556,40.23889601
0.594675894,0.709868219,-0.594675894,1.06459328,Ginger,28-09-2023,Field_53,0.3351263058572844,0.26350555235417406,-0.3351263058572844,1.839167507365346,0.14541273820259876,18.91331807091126,9.179168022,13.44782561,21.06177683,44.17202119
0.584640115,0.686435745,-0.584640115,1.029482615,Ginger,13-10-2023,Field_53,0.437378698174559,0.33676434888551415,-0.437378698174559,1.9781094901263714,0.18360626541610403,16.602994310288295,16.14844923,14.19960925,26.35621439,57.59889678
0.580725551,0.673929672,-0.580725551,1.010718283,Ginger,28-10-2023,Field_53,0.3351263058572844,0.26350555235417406,-0.3351263058572844,1.839167507365346,0.14541273820259876,18.91331807091126,8.891290046,14.52722692,11.40108879,43.0035596
0.554033207,0.581381014,-0.554033207,0.871928208,Ginger,11-12-2023,Field_53,0.437378698174559,0.33676434888551415,-0.437378698174559,2.131468903273344,0.18360626541610403,16.776226116362125,8.126437775,16.83544249,6.882436559,39.85288638
0.286419028,0.241194541,-0.286419028,0.361727848,Ginger,27-11-2023,Field_53,0.3351263058572844,0.26350555235417406,-0.3351263058572844,1.9539328329265118,0.14541273820259876,18.650066584632498,5.715224529,33.97527373,19.55596314,30.91206868
0.444608934,0.34919019,-0.444608934,0.523686944,Ginger,12-12-2023,Field_53,0.437378698174559,0.33676434888551415,-0.437378698174559,2.0547891966998577,0.18360626541610403,16.680137434459937,13.11255959,24.79445978,6.822672971,45.09009815
0.438847878,0.330555553,-0.438847878,0.49575361609458923,Ginger,27-12-2023,Field_53,0.3351263058572844,0.26350555235417406,-0.3351263058572844,1.9539328329265118,0.14541273820259876,18.650066584632498,2.826096212,25.27895765,14.12459632,31.97620334
0.56199577,0.473432295,-0.56199577,0.709992631,Ginger,01-01-2023,Field_54,0.5696768808343301,0.47786316503401083,-0.5696768808343301,1.729514942271635,0.23900623951537034,10.408151335943387,7.143325078,17.5313059,7.162680396,35.56504965
0.558338863,0.462627859,-0.558338863,0.693787648,Ginger,16-01-2023,Field_54,0.5492343810290286,0.4238599716843644,-0.5492343810290286,1.9525547251105309,0.20040761273051919,10.197640173775824,13.77298553,17.8283879,10.60199175,48.0529829
0.541334918,0.408577623,-0.541334918,0.612725213,Ginger,31-01-2023,Field_54,0.5613262714164383,0.4165410687598992,-0.5613262714164383,1.7911196984350681,0.19520682662673244,13.536368578956228,6.611785678,19.24869188,10.12808215,33.38461686
-0.058709083,-0.028068292886018753,0.058709083,-0.042101556,Ginger,15-02-2023,Field_54,0.5492343810290286,0.4238599716843644,-0.5492343810290286,1.9940911866724491,0.20040761273051919,10.324115008399588,11.30814796,54.34897092,11.70460965,43.78601155
0.498562252,0.368681134,-0.498562252,0.552903423,Ginger,03-02-2023,Field_54,0.5696768808343301,0.47786316503401083,-0.5696768808343301,2.117493954487145,0.23900623951537034,10.529338954743935,6.355894143,21.84030898,12.79287178,32.50827067
0.260062421,0.206838563,-0.260062421,0.310176188,Ginger,17-03-2023,Field_54,0.5492343810290286,0.4238599716843644,-0.5492343810290286,2.0492950305342674,0.20040761273051919,10.066826529729951,20.38665277,35.67203054,24.44407246,46.51937706
0.497197122,0.456227379,-0.497197122,0.684214666,Ginger,04-01-2023,Field_54,0.5696768808343301,0.47786316503401083,-0.5696768808343301,2.7407941492274404,0.23900623951537034,10.711999920436313,13.78897875,21.0159197,6.319869434,48.7728387
0.510198832,0.470900228,-0.510198832,0.706223285,Ginger,16-04-2023,Field_54,0.5492343810290286,0.4238599716843644,-0.5492343810290286,1.9525547251105309,0.20040761273051919,10.197640173775824,14.55100869,20.2021436,27.65287311,49.55529065
0.548981995,0.594629848,-0.548981995,0.891799258,Ginger,16-05-2023,Field_54,0.5492343810290286,0.4238599716843644,-0.5492343810290286,1.9525547251105309,0.20040761273051919,10.197640173775824,55.47201632,16.95807079,26.93771501,65.98678177
0.584710182,0.655763998,-0.584710182,0.983503747,Ginger,31-05-2023,Field_54,0.5613262714164383,0.4165410687598992,-0.5613262714164383,1.7911196984350681,0.19520682662673244,13.536368578956228,8.719127726,14.50927802,16.09352994,42.24197302
0.620640782,0.741193932,-0.620640782,1.11147452,Ginger,28-09-2023,Field_54,0.5492343810290286,0.4238599716843644,-0.5492343810290286,2.0441986061632633,0.20040761273051919,13.025210044497555,10.4162907,11.80201934,21.50529248,45.53870394
0.652774364,0.725677081,-0.652774364,1.088327367,Ginger,13-10-2023,Field_54,0.5696768808343301,0.47786316503401083,-0.5696768808343301,1.9940911866724491,0.23900623951537034,10.58803779057098,9.18387191,10.31960987,17.70798128,43.87990579
0.651500786,0.696259012,-0.651500786,1.044199088,Ginger,28-10-2023,Field_54,0.5492343810290286,0.4238599716843644,-0.5492343810290286,2.0441986061632633,0.20040761273051919,13.025210044497555,8.924217265,10.68508737,15.48709537,42.76360766
0.62156299,0.64538615,-0.62156299,0.967896494,Ginger,11-12-2023,Field_54,0.5696768808343301,0.47786316503401083,-0.5696768808343301,1.2957255579531193,0.23900623951537034,10.923123205275772,8.539439186,12.73340023,10.10206206,41.2717326
0.229634626,0.225696439,-0.229634626,0.338478744,Ginger,12-12-2023,Field_54,0.5696768808343301,0.47786316503401083,-0.5696768808343301,1.2957255579531193,0.23900623951537034,10.737917382376565,12.95639049,37.03321363,12.5226747,43.59822308
0.384664985,0.351028312,-0.384664985,0.526439976,Ginger,27-12-2023,Field_54,0.5492343810290286,0.4238599716843644,-0.5492343810290286,1.8545000441372395,0.20040761273051919,12.735097276596832,6.465965134,27.83668731,9.183462681,33.6141361
0.274596409,0.3862413167953491,-0.274596409,0.579266922,Black Pepper,01-01-2023,Field_55,0.06682897219934582,0.1931509581719292,-0.06682897219934582,6.739837646484375,0.13224240130061793,,7.039839531,33.09764384,21.23498435,36.69178047
0.077099643,0.208060341,-0.077099643,0.312093085,Black Pepper,16-01-2023,Field_55,0.06388387340898877,0.1927825254799928,-0.06388387340898877,1.441894769668579,0.13298177243880205,,13.24426846,45.00243177,23.8368739,45.46567509
0.260582306,0.366517533,-0.260582306,0.549689471,Black Pepper,31-01-2023,Field_55,0.13312689631633673,0.25684151460765414,-0.13312689631633673,38.64843475539237,0.14114764460593843,,14.16152672,34.01470174,17.94442018,49.22144449
0.196611591,0.289404422,-0.196611591,0.434041587,Black Pepper,15-02-2023,Field_55,0.2487183851731971,0.36372618102675863,-0.2487183851731971,1.3135998249053955,0.21158146038053505,,6.357775699,38.06887255,18.68735375,34.17750151
0.224381243,0.304715279,-0.224381243,0.457004106,Black Pepper,03-02-2023,Field_55,0.06682897219934582,0.1931509581719292,-0.06682897219934582,0.0,0.13224240130061793,,13.74758453,36.49446486,15.78973285,47.1766367
0.501141832,0.471965013,-0.501141832,0.708410077,Black Pepper,17-03-2023,Field_55,0.06388387340898877,0.1927825254799928,-0.06388387340898877,1.527228832244873,0.13298177243880205,,14.0571004,20.65375909,37.96503489,49.47182911
-0.037119721,0.05138171464204788,0.037119721,0.077288646,Black Pepper,04-01-2023,Field_55,0.06682897219934582,0.1931509581719292,-0.06682897219934582,0.0,0.13224240130061793,,4.780091495,52.43511082,16.4849859,31.71538602
0.193737188,0.272461467,-0.193737188,0.408639266,Black Pepper,16-04-2023,Field_55,0.06388387340898877,0.1927825254799928,-0.06388387340898877,1.441894769668579,0.13298177243880205,,6.212895933,38.38868839,35.11908815,33.57240533
0.343006688,0.385826237,-0.343006688,0.578641138,Black Pepper,05-01-2023,Field_55,0.06682897219934582,0.1931509581719292,-0.06682897219934582,0.0,0.13224240130061793,,20.77801629,29.60855521,17.4295888,52.34081962
0.181428135,0.277999473,-0.181428135,0.417166011,Black Pepper,16-05-2023,Field_55,0.06388387340898877,0.1927825254799928,-0.06388387340898877,1.441894769668579,0.13298177243880205,,13.19252569,38.96068346,33.56350798,46.50894437
0.181428135,0.277999473,-0.181428135,0.417166011,Black Pepper,31-05-2023,Field_55,0.13312689631633673,0.25684151460765414,-0.13312689631633673,38.64843475539237,0.14114764460593843,,45.91089255,38.96068346,28.27474187,64.65139709
0.285383793,0.388401469,-0.285383793,0.582532727,Black Pepper,30-06-2023,Field_55,0.04548056014460347,0.17643180281675666,-0.04548056014460347,38.73376881796867,0.12964511437310303,,14.19445394,32.52473151,36.99516623,49.69091566
0.327997062,0.396779067,-0.327997062,0.595072941,Black Pepper,30-07-2023,Field_55,0.04548056014460347,0.17643180281675666,-0.04548056014460347,38.73376881796867,0.12964511437310303,,7.00785309,30.26315243,35.21697941,36.26404007
0.343445599,0.404722621,-0.343445599,0.606988272,Black Pepper,14-08-2023,Field_55,0.2487183851731971,0.36372618102675863,-0.2487183851731971,1.3135998249053955,0.21158146038053505,,6.39822914,29.39315607,40.12560801,46.75932899
0.283840549,0.378835888,-0.283840549,0.568179471,Black Pepper,13-10-2023,Field_55,0.06682897219934582,0.1931509581719292,-0.06682897219934582,1.3135998249053955,0.13224240130061793,,15.48802328,32.70122839,33.49539823,50.0664926
0.246368244,0.303303997,-0.246368244,0.455451083,Black Pepper,11-12-2023,Field_55,0.06682897219934582,0.1931509581719292,-0.06682897219934582,1.3135998249053955,0.13224240130061793,,13.01471871,35.38612573,18.62214389,46.36288667
0.181671236,0.241015688,-0.181671236,0.362291269,Black Pepper,27-11-2023,Field_55,0.04548056014460347,0.17643180281675666,-0.04548056014460347,37.396786210127175,0.12964511437310303,,5.959826731,39.32598039,36.03895301,32.53956875
0.264447219,0.38347235321998596,-0.264447219,0.575168868,Black Pepper,12-12-2023,Field_55,0.06682897219934582,0.1931509581719292,-0.06682897219934582,1.3135998249053955,0.13224240130061793,,7.038898754,33.644185,17.51546262,36.74394393
0.253722188,0.364771756,-0.253722188,0.547243152,Black Pepper,27-12-2023,Field_55,0.04548056014460347,0.17643180281675666,-0.04548056014460347,37.396786210127175,0.12964511437310303,,6.896841321,34.38283874,24.63230912,36.19101122
0.285617337,0.270223995,-0.285617337,0.405256588,Black Pepper,01-01-2023,Field_56,0.2901189204965701,0.2821679863667005,-0.2901189204965701,0.0071498172474093735,0.14478765034443036,20.25366844903857,5.97676073,33.71973744,24.51897857,32.03879949
0.286996862,0.271532556,-0.286996862,0.407220146,Black Pepper,16-01-2023,Field_56,0.28705056152748293,0.2715358934734316,-0.28705056152748293,0.0,0.1458482203956512,19.16968607221338,5.985227729,33.63592866,23.69226866,32.07009757
0.276332562,0.254194577,-0.276332562,0.381224868,Black Pepper,31-01-2023,Field_56,0.27638356385687185,0.25420624001119746,-0.27638356385687185,0.08018315645555656,0.1378391142493557,21.07557058788484,13.23109758,34.35756503,23.5964986,44.11985772
0.275998419,0.242523198,-0.275998419,0.363729108,Black Pepper,15-02-2023,Field_56,0.28705056152748293,0.2715358934734316,-0.28705056152748293,0.0,0.1458482203956512,19.146188808622867,5.75191486,34.49382618,24.74818418,31.12072253
0.271249056,0.229686644,-0.271249056,0.344730347,Black Pepper,03-02-2023,Field_56,0.2901189204965701,0.2821679863667005,-0.2901189204965701,0.0071498172474093735,0.14478765034443036,19.93204310280936,5.648429313,34.86744753,22.86381543,30.70341482
0.272598613,0.24733518064022064,-0.272598613,0.370976046,Black Pepper,17-03-2023,Field_56,0.28705056152748293,0.2715358934734316,-0.28705056152748293,0.0,0.1458482203956512,19.335166140965157,12.74753784,34.61829093,29.67596281,43.65038655
0.220531348,0.200322178,-0.220531348,0.300448033,Black Pepper,04-01-2023,Field_56,0.2901189204965701,0.2821679863667005,-0.2901189204965701,0.0071498172474093735,0.14478765034443036,19.674646404811313,5.505431102,37.75721092,16.45949365,30.35913596
0.279096019,0.246555695,-0.279096019,0.369795687,Black Pepper,16-04-2023,Field_56,0.28705056152748293,0.2715358934734316,-0.28705056152748293,0.0,0.1458482203956512,19.16968607221338,5.781078968,34.29446579,22.94399591,31.23548215
0.260876827,0.224276284,-0.260876827,0.33637849,Black Pepper,05-01-2023,Field_56,0.2901189204965701,0.2821679863667005,-0.2901189204965701,0.0071498172474093735,0.14478765034443036,19.44858272189191,15.62161371,35.45235416,21.50207384,44.53716543
0.273668136,0.254875801,-0.273668136,0.382264245,Black Pepper,16-05-2023,Field_56,0.28705056152748293,0.2715358934734316,-0.28705056152748293,0.0,0.1458482203956512,19.16968607221338,5.867630517,34.48666501,20.29279491,31.64235717
0.284160266,0.269165049,-0.284160266,0.403700167,Black Pepper,31-05-2023,Field_56,0.27638356385687185,0.25420624001119746,-0.27638356385687185,0.08018315645555656,0.1378391142493557,21.07557058788484,11.41727817,33.80495671,29.29407409,33.13423224
0.245776652,0.232292838,-0.245776652,0.34840073,Black Pepper,14-08-2023,Field_56,0.28705056152748293,0.2715358934734316,-0.28705056152748293,0.0,0.1458482203956512,19.107337025233733,2.103578938,36.14156302,39.98363894,41.63687684
0.280737794,0.259788716,-0.280737794,0.389683284,Black Pepper,13-10-2023,Field_56,0.28705056152748293,0.2715358934734316,-0.28705056152748293,0.0,0.1458482203956512,19.1017619814192,5.89491307,34.07548239,33.41606453,31.71538602
0.286029401,0.27404289,-0.286029401,0.411011457,Black Pepper,28-10-2023,Field_56,0.27638356385687185,0.25420624001119746,-0.27638356385687185,0.0,0.1378391142493557,20.69396353222072,12.88489138,33.65969374,23.84865061,44.54759813
0.284444999,0.265789655,-0.284444999,0.398617494,Black Pepper,11-12-2023,Field_56,0.28564038269939623,0.2702141269154303,-0.28564038269939623,0.00285992689896375,0.1457844666876484,19.180284663609086,13.19158491,33.82488945,21.07376733,44.42240581
0.284444999,0.265789655,-0.284444999,0.398617494,Black Pepper,27-11-2023,Field_56,0.27638356385687185,0.25420624001119746,-0.27638356385687185,0.0,0.1378391142493557,20.583270872206924,13.29224813,33.82488945,31.66615894,44.47456928
0.719388484,0.771188934,-0.719388484,1.156590434,Black Pepper,01-01-2023,Field_57,0.7194028571884229,0.7712152149374212,-0.7194028571884229,46.89601123332977,0.4454184723388936,17.04281814211896,9.434118779,6.453194933,23.01793968,43.82774232
0.713353355,0.749807843,-0.713353355,1.124531928,Black Pepper,16-01-2023,Field_57,0.7133635019977072,0.7498327233024837,-0.7133635019977072,17.024170875549316,0.443653893124959,16.50035711015977,15.90384702,6.979737406,22.33981196,57.90144487
0.716625287,0.749124528,-0.716625287,1.123505392,Black Pepper,31-01-2023,Field_57,0.716636029628354,0.7491473120473964,-0.716636029628354,17.482772110961378,0.4401627919240158,17.529131553286618,16.59908174,6.819636875,16.7308144,58.20399296
0.704089806,0.718735945,-0.704089806,1.077940661,Black Pepper,15-02-2023,Field_57,0.7133635019977072,0.7498327233024837,-0.7133635019977072,16.461816906929016,0.443653893124959,16.486776606241904,9.001361036,7.770108057,16.68344706,42.80533843
0.651682763,0.658180688,-0.651682763,0.987124049,Black Pepper,03-02-2023,Field_57,0.7194028571884229,0.7712152149374212,-0.7194028571884229,18.947232127189636,0.4454184723388936,16.886882900056435,8.583655738,11.06468395,17.31265742,41.29259798
0.635081188,0.629194855,-0.635081188,0.943654983,Black Pepper,17-03-2023,Field_57,0.7133635019977072,0.7498327233024837,-0.7133635019977072,17.639328062534332,0.443653893124959,16.56725668225971,8.363513756,12.20846161,30.22959625,40.42668448
0.630118263,0.658461549,-0.630118263,0.987556888,Black Pepper,04-01-2023,Field_57,0.7194028571884229,0.7712152149374212,-0.7194028571884229,17.5564923286438,0.4454184723388936,16.820171655927425,1.506185098,12.16299319,18.72745245,41.63687684
0.628196358,0.6430139541625977,-0.628196358,0.964389237,Black Pepper,16-04-2023,Field_57,0.7133635019977072,0.7498327233024837,-0.7133635019977072,17.024170875549316,0.443653893124959,16.50035711015977,8.502748855,12.41889843,32.89575625,41.07351143
0.630349821,0.683886195,-0.630349821,1.025700684,Black Pepper,14-08-2023,Field_57,0.7133635019977072,0.7498327233024837,-0.7133635019977072,19.44491696357727,0.443653893124959,16.48799294971286,15.49178639,11.8915101,35.20742999,56.4200025
0.638852243,0.686577894,-0.638852243,1.029722974,Black Pepper,28-09-2023,Field_57,0.716636029628354,0.7491473120473964,-0.716636029628354,9.657563983462751,0.4401627919240158,17.371918796357704,1.31332567,11.42984928,39.87470233,53.01894465
0.638852243,0.686577894,-0.638852243,1.029722974,Black Pepper,13-10-2023,Field_57,0.7133635019977072,0.7498327233024837,-0.7133635019977072,21.334229826927185,0.443653893124959,16.529473104931128,16.38646598,11.42984928,32.66003391,56.88947367
0.72218457,0.794427248,-0.72218457,1.191332674,Black Pepper,27-12-2023,Field_57,0.716636029628354,0.7491473120473964,-0.716636029628354,9.022770463488996,0.4401627919240158,17.276391919453943,9.635445206,6.073084624,17.99742149,43.94250194
0.427878199,0.520540598,-0.427878199,0.780618329,Cardamom,01-01-2023,Field_58,0.4279229486482335,0.5205742502632993,-0.4279229486482335,4.504887104034424,0.24829612728549763,26.192598415556404,7.87901324,23.89882408,22.05115236,39.47730944
0.59625528,0.643331374,-0.59625528,0.964846832,Cardamom,16-01-2023,Field_58,0.5962506877956727,0.6433267870768482,-0.5962506877956727,0.7915222346782684,0.3801885200322252,25.62767063322525,15.8793868,14.04670765,24.77059425,55.60625246
0.545037746,0.604981364,-0.545037746,0.907339068,Cardamom,31-01-2023,Field_58,0.5410877407362734,0.6009796950461488,-0.5410877407362734,32.24916387721896,0.3668690316915864,26.339306404476986,15.33373574,17.05376266,24.81592057,54.62557934
0.342980071,0.377353039,-0.342980071,0.56596523,Cardamom,15-02-2023,Field_58,0.5633143197827697,0.6223467973633112,-0.5633143197827697,0.6790174245834351,0.3679412313212895,25.671556182134793,6.79900044,29.69645006,18.59255591,35.28336695
0.527759487,0.550119446,-0.527759487,0.825053831,Cardamom,03-02-2023,Field_58,0.5633143197827697,0.6223467973633112,-0.5633143197827697,0.0,0.3679412313212895,26.190901919773694,7.909118126,18.49636395,21.89022017,39.06000173
0.529203056,0.547678515,-0.529203056,0.821395388,Cardamom,17-03-2023,Field_58,0.5465044052131492,0.5926020612357955,-0.5465044052131492,0.9180693179368973,0.3471318632908613,25.627797744387692,7.883717129,18.44757789,25.26256234,38.94524211
0.373896319,0.409680232,-0.373896319,0.614437143,Cardamom,04-01-2023,Field_58,0.5633143197827697,0.6223467973633112,-0.5633143197827697,0.0,0.3679412313212895,26.116686257861886,7.015379311,27.78757776,22.89900615,36.04495352
0.090255457,0.121402942,-0.090255457,0.182077808,Cardamom,16-04-2023,Field_58,0.5962506877956727,0.6433267870768482,-0.5962506877956727,0.7915222346782684,0.3801885200322252,25.62767063322525,5.106541357,45.21565952,27.26411353,29.50365515
0.585877604,0.652115535,-0.585877604,0.978048522,Cardamom,16-05-2023,Field_58,0.5962506877956727,0.6433267870768482,-0.5962506877956727,0.7915222346782684,0.3801885200322252,25.62767063322525,15.38830084,14.48692563,38.70722548,55.8357717
0.585877604,0.652115535,-0.585877604,0.978048522,Cardamom,31-05-2023,Field_58,0.5410877407362734,0.6009796950461488,-0.5410877407362734,32.24916387721896,0.3668690316915864,26.339306404476986,51.17548456,14.48692563,35.24921454,75.67875335
0.366784873,0.435329382,-0.366784873,0.652892189,Cardamom,13-10-2023,Field_58,0.5633143197827697,0.6223467973633112,-0.5633143197827697,0.6790174245834351,0.3679412313212895,25.809258261181185,14.64226413,27.88876776,28.40406022,50.48380031
0.599231157,0.67015742,-0.599231157,1.005087564,Cardamom,12-12-2023,Field_58,0.5633143197827697,0.6223467973633112,-0.5633143197827697,0.6790174245834351,0.3679412313212895,25.827516991751565,8.813205496,13.62077539,20.42656842,42.57581919
0.558797529,0.627259946,-0.558797529,0.940747849,Cardamom,27-12-2023,Field_58,0.5465044052131492,0.5926020612357955,-0.5465044052131492,28.26883427426219,0.3471318632908613,26.09657653626948,8.52532752,16.1235996,15.97478159,41.5534153
0.480593481,0.506219336,-0.480593481,0.759223257,Cardamom,01-01-2023,Field_59,0.46787589353665565,0.49728777004605657,-0.46787589353665565,0.0,0.30109711942056844,20.201015454246885,7.627825594,21.35321263,15.86101389,38.10019399
0.471592917,0.490817443,-0.471592917,0.736121574,Cardamom,16-01-2023,Field_59,0.47154886895360787,0.4907428292224404,-0.47154886895360787,0.0,0.3148106517324956,19.146620596022842,7.511169159,21.97011836,17.39643747,37.6515882
0.463663335,0.478432072,-0.463663335,0.717545808,Cardamom,31-01-2023,Field_59,0.46361310518532456,0.4783466174701744,-0.46361310518532456,0.03332573175430298,0.3063778641974708,21.051086770920506,14.41741826,22.50152772,18.27968161,50.5046657
0.466836387,0.469735614,-0.466836387,0.704510412,Cardamom,15-02-2023,Field_59,0.47154886895360787,0.4907428292224404,-0.47154886895360787,0.0,0.3148106517324956,19.117269770304404,7.333362174,22.42831365,23.75615444,36.91086702
0.479293741,0.4727823734283447,-0.479293741,0.709080389,Cardamom,03-02-2023,Field_59,0.46787589353665565,0.49728777004605657,-0.46787589353665565,0.0,0.30109711942056844,19.876878947303396,7.331480618,21.76107055,18.46871649,36.82740548
0.466723869,0.473974131,-0.466723869,0.710867598,Cardamom,17-03-2023,Field_59,0.47154886895360787,0.4907428292224404,-0.47154886895360787,0.0,0.3148106517324956,19.317843782334137,14.48139114,22.39077184,38.98806079,50.31687723
0.217679089,0.235144879,-0.217679089,0.352678995,Cardamom,04-01-2023,Field_59,0.46787589353665565,0.49728777004605657,-0.46787589353665565,0.0,0.30109711942056844,19.617540750049386,5.823413965,37.54721988,15.4013348,31.75711679
0.421498605,0.393598063,-0.421498605,0.59031967,Cardamom,16-04-2023,Field_59,0.47154886895360787,0.4907428292224404,-0.47154886895360787,0.0,0.3148106517324956,19.146620596022842,6.759487777,25.52104214,30.84660978,34.67827077
0.417601889,0.38921931,-0.417601889,0.58375611,Cardamom,05-01-2023,Field_59,0.46787589353665565,0.49728777004605657,-0.46787589353665565,0.0,0.30109711942056844,19.391256177993057,9.29017979,25.76474516,19.35330966,45.00663661
0.418466302,0.457825631,-0.418466302,0.68665884,Cardamom,16-05-2023,Field_59,0.47154886895360787,0.4907428292224404,-0.47154886895360787,0.0,0.3148106517324956,19.146620596022842,7.340888395,25.01993672,36.20601831,37.20298242
0.426912488,0.4612598717212677,-0.426912488,0.691791789,Cardamom,31-05-2023,Field_59,0.46361310518532456,0.4783466174701744,-0.46361310518532456,0.03332573175430298,0.3063778641974708,21.051086770920506,11.88766702,24.55356413,29.62492883,38.58009786
0.455138775,0.487179102,-0.455138775,0.730683807,Cardamom,14-08-2023,Field_59,0.47154886895360787,0.4907428292224404,-0.47154886895360787,0.0,0.3148106517324956,19.080074655442047,3.052823637,22.84749669,42.53427977,48.19904059
0.42729711,0.458420802,-0.42729711,0.68753512,Cardamom,13-10-2023,Field_59,0.47154886895360787,0.4907428292224404,-0.47154886895360787,0.0,0.3148106517324956,19.074493798755498,7.325835952,24.56291867,34.11931726,37.0882228
0.493958741,0.535656504,-0.493958741,0.80338002,Cardamom,28-10-2023,Field_59,0.46361310518532456,0.4783466174701744,-0.46361310518532456,0.0,0.3063778641974708,20.67261866614939,15.13617242,20.37008595,25.63223202,52.63293502
0.499835389,0.539741315,-0.499835389,0.809496128,Cardamom,11-12-2023,Field_59,0.48055167435881246,0.506148118785409,-0.48055167435881246,0.0,0.327060039227303,19.148087165469235,14.96589166,20.02828097,24.10817393,52.61206964
0.499835389,0.539741315,-0.499835389,0.809496128,Cardamom,27-11-2023,Field_59,0.46361310518532456,0.4783466174701744,-0.46361310518532456,0.0,0.3063778641974708,20.560432098025387,14.92449744,20.02828097,36.43285679,52.58077156
0.724447848,0.815641942,-0.724447848,1.223264582,Cardamom,01-01-2023,Field_60,0.7244464403229223,0.8156396279129718,-0.7244464403229223,47.43277955055237,0.47204827374587366,21.473796099708238,9.818896858,5.740848722,18.0638982,44.04682887
0.70200357,0.784868588,-0.70200357,1.177113201,Cardamom,16-01-2023,Field_60,0.7019993109287996,0.7848614364284411,-0.7019993109287996,28.25009580142796,0.45623512438460956,20.819408216930526,16.50782631,7.201236055,15.64573015,58.30831989
0.697675886,0.770893666,-0.697675886,1.156144152,Cardamom,31-01-2023,Field_60,0.6976684391303424,0.7708817643998696,-0.6976684391303424,23.686345890164375,0.4341119062978675,22.240847978137765,16.10235112,7.564950628,24.33690476,58.19356027
0.588196631,0.600728184,-0.588196631,0.900938907,Cardamom,15-02-2023,Field_60,0.7019993109287996,0.7848614364284411,-0.7019993109287996,30.09493394382298,0.45623512438460956,20.850034604753773,8.21863399,14.89331852,19.26850144,40.06154023
0.555954646,0.512464918,-0.555954646,0.768563558,Cardamom,03-02-2023,Field_60,0.7244464403229223,0.8156396279129718,-0.7244464403229223,28.715566873550415,0.47204827374587366,21.305618949163545,7.506465271,17.44115685,23.4195658,37.16125164
0.495248087,0.428684277,-0.495248087,0.642913976,Cardamom,17-03-2023,Field_60,0.7019993109287996,0.7848614364284411,-0.7019993109287996,28.25009580142796,0.45623512438460956,20.97406471797393,14.03452173,21.39674021,35.63494499,47.87562712
0.402623959,0.430647771,-0.402623959,0.645818365,Cardamom,04-01-2023,Field_60,0.7244464403229223,0.8156396279129718,-0.7244464403229223,25.703824281692505,0.47204827374587366,21.14458804357622,2.780938882,26.10648007,19.21821952,36.39966507
0.496191641,0.4585902690887451,-0.496191641,0.687766754,Cardamom,16-04-2023,Field_60,0.7019993109287996,0.7848614364284411,-0.7019993109287996,28.25009580142796,0.45623512438460956,20.819408216930526,7.164962965,21.04313206,33.56639296,36.01365544
0.567470563,0.636643005,-0.567470563,0.954822087,Cardamom,14-08-2023,Field_60,0.7019993109287996,0.7848614364284411,-0.7019993109287996,30.07738369703293,0.45623512438460956,20.849681472778343,15.89820236,15.58488858,37.82029003,55.80447362
0.490202849,0.484643886,-0.490202849,0.726834582,Cardamom,28-09-2023,Field_60,0.6976684391303424,0.7708817643998696,-0.6976684391303424,23.847998233512044,0.4341119062978675,21.939057468232647,14.13424417,21.08286364,38.96258723,50.17081953
0.490202849,0.484643886,-0.490202849,0.726834582,Cardamom,13-10-2023,Field_60,0.7019993109287996,0.7848614364284411,-0.7019993109287996,29.343353986740112,0.45623512438460956,20.973105684916163,14.7363419,21.08286364,20.88246577,50.5046657
0.610111956,0.723935273,-0.610111956,1.085746019,Cardamom,27-12-2023,Field_60,0.6976684391303424,0.7708817643998696,-0.6976684391303424,23.188559444621205,0.4341119062978675,21.793255061194998,9.268541903,12.51592776,16.68259785,44.47456928
0.713556432,0.79845323,-0.713556432,1.19742958,Cashew Nut,01-01-2023,Field_61,0.7135572716131782,0.7984538680726867,-0.7135572716131782,0.0,0.4021665142993143,22.73668323698496,9.690951091,6.472558201,17.46655661,43.97380002
0.698797737,0.784404627,-0.698797737,1.176375631,Cashew Nut,16-01-2023,Field_61,0.6987970271616039,0.7844039122161497,-0.6987970271616039,0.1577046513557434,0.4090529628930929,21.590904217674677,16.38458443,7.369678242,15.92672646,58.2874545
0.709118197,0.795056663,-0.709118197,1.192350776,Cashew Nut,31-01-2023,Field_61,0.7091184407897572,0.795056874587153,-0.7091184407897572,0.6466255323030055,0.41556031527876824,22.93028366452171,16.99514916,6.733882549,18.85854481,58.45437759
0.705937439,0.778974193,-0.705937439,1.168253807,Cashew Nut,15-02-2023,Field_61,0.6987970271616039,0.7844039122161497,-0.6987970271616039,0.1577046513557434,0.4090529628930929,21.604905791509736,9.534781993,7.060554224,19.60704322,43.96336733
0.719476687,0.80530139,-0.719476687,1.207752085,Cashew Nut,03-02-2023,Field_61,0.7135572716131782,0.7984538680726867,-0.7135572716131782,0.0,0.4021665142993143,22.553392619178396,9.738930754,6.10030471,19.43222532,44.0050981
0.615723187,0.699559539,-0.615723187,1.049190629,Cashew Nut,17-03-2023,Field_61,0.6987970271616039,0.7844039122161497,-0.6987970271616039,0.1577046513557434,0.4090529628930929,21.69429118746808,15.86527514,12.47834008,30.46766953,57.46327177
0.558535556,0.626596506,-0.558535556,0.939781047,Cashew Nut,04-01-2023,Field_61,0.7135572716131782,0.7984538680726867,-0.7135572716131782,0.0,0.4021665142993143,22.369993782043423,8.519682854,16.14375272,18.7208932,41.53254992
0.69247255,0.787700891,-0.69247255,1.181383638,Cashew Nut,16-04-2023,Field_61,0.6987970271616039,0.7844039122161497,-0.6987970271616039,0.1577046513557434,0.4090529628930929,21.590904217674677,9.644852983,7.659005651,30.39079628,44.21375196
0.698357479,0.77842024,-0.698357479,1.167453981,Cashew Nut,05-01-2023,Field_61,0.6987970271616039,0.7844039122161497,-0.6987970271616039,0.03154093027114868,0.4090529628930929,22.19355458759128,3.241919955,7.45327755,24.78129879,54.44822356
0.640823693,0.73296407,-0.640823693,1.099232096,Cashew Nut,28-09-2023,Field_61,0.5611354544722466,0.632112939626139,-0.5611354544722466,0.397265060339123,0.324740619804557,22.610263987949963,16.46360976,10.85544228,32.54783775,58.69432952
0.640823693,0.73296407,-0.640823693,1.099232096,Cashew Nut,13-10-2023,Field_61,0.6987970271616039,0.7844039122161497,-0.6987970271616039,0.1577046513557434,0.4090529628930929,21.78036247435068,9.277008903,10.85544228,31.55779579,44.34937696
0.746170579,0.835025349,-0.746170579,1.252285906,Cashew Nut,27-12-2023,Field_61,0.5611354544722466,0.632112939626139,-0.5611354544722466,0.2725848243571818,0.324740619804557,22.46380472637361,9.941197959,4.433630836,18.01208931,44.10942503
0.577024089,0.522826243,-0.577024089,0.784110881,Cashew Nut,01-01-2023,Field_63,0.5770279032316673,0.5228344528933955,-0.5770279032316673,0.11645630747079849,0.2984321384212665,25.154239273071255,7.548800267,16.25944006,23.59821601,37.23428049
0.534153631,0.450089451,-0.534153631,0.675026424,Cashew Nut,16-01-2023,Field_63,0.5341631691693621,0.45010459568624794,-0.5341631691693621,0.0,0.26108493488395573,23.599460765293713,13.81908364,19.19144471,22.2013124,47.97995405
0.438460938,0.329821337,-0.438460938,0.494649614,Cashew Nut,31-01-2023,Field_63,0.41390913344834196,0.319201489348209,-0.41390913344834196,0.0,0.1811064787647823,25.079087375459267,13.25743935,25.306215286254883,24.60492643,44.51630005
0.370553661,0.265525751,-0.370553661,0.398222985,Cashew Nut,15-02-2023,Field_63,0.5716502895086653,0.5162416377131415,-0.5716502895086653,0.0,0.29808847306857694,23.40840165274477,5.734980861,29.43050006,16.00210648,30.53649174
0.33630669116973877,0.239666772,-0.33630669116973877,0.359441515,Cashew Nut,03-02-2023,Field_63,0.5716502895086653,0.5162416377131415,-0.5716502895086653,0.09704692289233208,0.29808847306857694,24.63821986062186,5.584456429,31.44339409,19.45704578,30.06702056
0.360744182,0.248754262,-0.360744182,0.373053464,Cashew Nut,17-03-2023,Field_63,0.5341631691693621,0.45010459568624794,-0.5341631691693621,0.0,0.26108493488395573,23.816454505920433,12.76259028,30.10270006,22.88161796,42.33586726
0.338941144,0.213128208,-0.338941144,0.319639586,Cashew Nut,04-01-2023,Field_63,0.5716502895086653,0.5162416377131415,-0.5716502895086653,0.07763753831386566,0.29808847306857694,24.418804468427425,5.340795005,31.57990288,23.30760768,29.0028859
0.350789425,0.219701266,-0.350789425,0.329499222,Cashew Nut,16-04-2023,Field_63,0.5341631691693621,0.45010459568624794,-0.5341631691693621,0.0,0.26108493488395573,23.599460765293713,5.371840669,30.90774803,26.44869978,29.07591475
0.264191594,0.170116817,-0.264191594,0.25513918,Cashew Nut,05-01-2023,Field_63,0.5716502895086653,0.5162416377131415,-0.5716502895086653,0.058228153735399246,0.29808847306857694,24.16133965083526,12.01373123,35.83621151,23.2769182,40.3953864
0.302080886,0.205854629,-0.302080886,0.308737769,Cashew Nut,16-05-2023,Field_63,0.5341631691693621,0.45010459568624794,-0.5341631691693621,0.0,0.26108493488395573,23.599460765293713,5.362432892,33.53643289,25.1453084,29.30543399
0.292783972,0.184443909,-0.292783972,0.276617936,Cashew Nut,31-05-2023,Field_63,0.41390913344834196,0.319201489348209,-0.41390913344834196,0.0,0.1811064787647823,25.079087375459267,5.193092906,34.22983893,38.34537097,28.61687627
0.277807672,0.178996069,-0.277807672,0.268450224,Cashew Nut,15-06-2023,Field_63,0.5716502895086653,0.5162416377131415,-0.5716502895086653,0.0,0.29808847306857694,23.40840165274477,5.179922018,35.05023236,42.67373903,28.64817434
0.389908884,0.275752164,-0.389908884,0.413538986,Cashew Nut,30-07-2023,Field_63,0.41390913344834196,0.319201489348209,-0.41390913344834196,0.0,0.1811064787647823,24.980748385474783,12.98273226,28.33769672,40.15897324,43.03485767
0.030250414,0.047727804,-0.030250414,0.071586177,Cashew Nut,14-08-2023,Field_63,0.5716502895086653,0.5162416377131415,-0.5716502895086653,0.0,0.29808847306857694,23.362243089221693,10.07666995,49.03221419,36.68545659,31.04769368
0.335264172,0.257233164,-0.335264172,0.385778036,Cashew Nut,29-08-2023,Field_63,0.41390913344834196,0.319201489348209,-0.41390913344834196,0.0,0.1811064787647823,24.87885936555415,12.4916463,31.31722674,43.30414646,42.90966536
0.427456014,0.387869505,-0.427456014,0.581712159,Cashew Nut,28-09-2023,Field_63,0.41390913344834196,0.319201489348209,-0.41390913344834196,0.0,0.1811064787647823,24.734566443307074,13.63469121,25.27533587,21.00244574,47.14533863
0.458312997,0.412407749,-0.458312997,0.618511825,Cashew Nut,13-10-2023,Field_63,0.5716502895086653,0.5162416377131415,-0.5716502895086653,0.0,0.29808847306857694,23.36133578164231,6.841335437,23.44903747,22.27905149,34.82432846
0.461169112,0.419439436,-0.461169112,0.629059902,Cashew Nut,28-10-2023,Field_63,0.41390913344834196,0.319201489348209,-0.41390913344834196,0.0,0.1811064787647823,24.734566443307074,6.897782099,23.23137801,30.60202218,35.05384771
0.502063292,0.458593923,-0.502063292,0.687759127,Cashew Nut,12-12-2023,Field_63,0.5716502895086653,0.5162416377131415,-0.5716502895086653,0.0,0.29808847306857694,23.399945377168194,7.1508513,20.74326258,21.90495184,35.9301939
0.442884743,0.339843058,-0.442884743,0.509682423,Cashew Nut,27-12-2023,Field_63,0.41390913344834196,0.319201489348209,-0.41390913344834196,0.0,0.1811064787647823,24.65246148790635,6.228889154,24.97796557,26.52816465,32.26831874
0.562119124,0.579223632,-0.562119124,0.868716962,Tobacco,01-01-2023,Field_64,0.6052830407806864,0.6354715122521398,-0.6052830407806864,1.9929568842053413,0.3630056085401812,25.386742528279683,15.45979995,16.44457331,20.15941396,53.43625237
0.585908615,0.60022311,-0.585908615,0.900195309,Tobacco,16-01-2023,Field_64,0.5731025864027596,0.5883641007445971,-0.5731025864027596,0.23457619175314903,0.3535900562977304,23.795552190144917,8.219574768,15.01531287,18.22409473,40.08240562
0.545320121,0.554071506,-0.545320121,0.830996341,Tobacco,31-01-2023,Field_64,0.5564590608560467,0.5600259872564007,-0.5564590608560467,0.0,0.3424307240231046,25.56024785723008,7.902532683,17.5592793,18.9149309,38.93480942
0.567213625,0.569298553,-0.567213625,0.853823714,Tobacco,15-02-2023,Field_64,0.5591342630816546,0.5799836970713951,-0.5591342630816546,0.2913021594285965,0.3570069753284121,23.59515760512585,7.987202676,16.28578939,19.10122592,39.18519404
0.538672154,0.508624195,-0.538672154,0.762837596,Tobacco,03-02-2023,Field_64,0.5591342630816546,0.5799836970713951,-0.5591342630816546,2.004940152168274,0.3570069753284121,24.948981811886824,14.43717459,18.36290122,20.91056841,50.5046657
0.553993709,0.563181205,-0.553993709,0.844636851,Tobacco,17-03-2023,Field_64,0.5731025864027596,0.5883641007445971,-0.5731025864027596,0.17785022407770157,0.3535900562977304,23.897172046843025,8.016366784,17.02333179,20.4345166,49.58658873
0.494326953,0.481334439,-0.494326953,0.721911666,Tobacco,04-01-2023,Field_64,0.5591342630816546,0.5799836970713951,-0.5591342630816546,1.960197452455759,0.3570069753284121,24.748411750793537,2.430969578,20.90606785,23.51098595,36.92129971
0.411689042,0.381979581,-0.411689042,0.572899059,Tobacco,16-04-2023,Field_64,0.5731025864027596,0.5883641007445971,-0.5731025864027596,0.23457619175314903,0.3535900562977304,23.795552190144917,6.679521672,26.14061944,23.48170801,34.38615537
0.447945837,0.432708298,-0.447945837,0.648977278,Tobacco,05-01-2023,Field_64,0.5591342630816546,0.5799836970713951,-0.5591342630816546,1.8829536363482475,0.3570069753284121,24.526260130746095,13.81626131,23.77110298,23.8331935,48.64764638
0.435183691,0.408588193,-0.435183691,0.612791929,Tobacco,16-05-2023,Field_64,0.5731025864027596,0.5883641007445971,-0.5731025864027596,0.23457619175314903,0.3535900562977304,23.795552190144917,6.862032546,24.66912954,39.13974081,35.04341501
0.369980181,0.307675696,-0.369980181,0.461441223,Tobacco,31-05-2023,Field_64,0.5564590608560467,0.5600259872564007,-0.5564590608560467,0.0,0.3424307240231046,25.56024785723008,6.113173497,29.0293124,29.44480219,32.16399181
0.327294872,0.229033689,-0.327294872,0.343489995,Tobacco,15-06-2023,Field_64,0.5591342630816546,0.5799836970713951,-0.5591342630816546,0.2913021594285965,0.3570069753284121,23.59515760512585,5.511075768,32.01217174,39.648358,29.79577055
0.306489306,0.217516749,-0.306489306,0.326213701,Tobacco,30-06-2023,Field_64,0.5564590608560467,0.5600259872564007,-0.5564590608560467,0.0,0.3424307240231046,25.46113575526647,12.36464132,33.19221591,43.6140456,41.75163646
0.330798178,0.279356448,-0.330798178,0.418963891,Tobacco,30-07-2023,Field_64,0.5564590608560467,0.5600259872564007,-0.5564590608560467,0.0,0.3424307240231046,25.46113575526647,13.3439909,31.31933762,44.9791969,44.30764619
0.330798178,0.279356448,-0.330798178,0.418963891,Tobacco,14-08-2023,Field_64,0.5591342630816546,0.5799836970713951,-0.5591342630816546,0.34802812710404396,0.3570069753284121,23.544255738031325,12.88959527,31.31933762,44.43059715,44.04682887
0.338533781,0.293453441,-0.338533781,0.440103369,Tobacco,29-08-2023,Field_64,0.5564590608560467,0.5600259872564007,-0.5564590608560467,0.0,0.3424307240231046,25.384881500970778,13.19252569,30.78035311,44.62394529,44.64149236
0.482780039,0.499956126,-0.482780039,0.749836151,Tobacco,28-09-2023,Field_64,0.5564590608560467,0.5600259872564007,-0.5564590608560467,0.0,0.3424307240231046,25.28053463527135,5.884564515,21.30552277,28.08424855,48.26163675
0.492601651,0.500204282,-0.492601651,0.750208773,Tobacco,13-10-2023,Field_64,0.5591342630816546,0.5799836970713951,-0.5591342630816546,0.4047540947794914,0.3570069753284121,23.578615125020406,7.545037156,20.80145395,23.96087163,37.68288628
0.433917361,0.452772517,-0.433917361,0.679073391,Tobacco,28-10-2023,Field_64,0.5564590608560467,0.5600259872564007,-0.5564590608560467,0.0,0.3424307240231046,25.28053463527135,13.98748285,24.28254495,25.79075266,49.74307912
0.604706363,0.605429255,-0.604706363,0.908000859,Tobacco,11-12-2023,Field_64,0.5591342630816546,0.5799836970713951,-0.5591342630816546,0.9130312725901604,0.3570069753284121,23.67209432692755,15.47485239,14.00224781036377,21.51916557,53.78053123
0.536340242,0.572267714,-0.536340242,0.858266482,Tobacco,12-12-2023,Field_64,0.5591342630816546,0.5799836970713951,-0.5591342630816546,0.6588926836848259,0.3570069753284121,23.594310379028343,15.0063451,17.83199559,22.71537933,53.31106005
0.48491909,0.52552851,-0.48491909,0.788172301,Tobacco,27-12-2023,Field_64,0.5564590608560467,0.5600259872564007,-0.5564590608560467,0.0,0.3424307240231046,25.140981065659275,14.39295804,20.93512597,23.89007386,51.97567538
0.537443141,0.514965254,-0.537443141,0.772326652,Tobacco,01-01-2023,Field_65,0.48051464070025773,0.48296642377402305,-0.48051464070025773,0.2322704028338194,0.2950670023658417,21.32917765662779,7.57231971,18.36089958,8.005617797,37.54726128
0.521792081,0.491064448,-0.521792081,0.736484179,Tobacco,16-01-2023,Field_65,0.4143339301167765,0.4118726456713239,-0.4143339301167765,0.06254851818084717,0.24878470317767495,20.197855250040732,7.395453502,19.40420702,12.73214556,36.86913625
0.515748339,0.481349288,-0.515748339,0.721910055,Tobacco,31-01-2023,Field_65,0.41874857508645935,0.4104513959228992,-0.41874857508645935,0.0,0.24889258900036185,21.780968420846136,14.78338078,19.81204659,7.813721293,50.00389644
0.502372714,0.452200779,-0.502372714,0.678195863,Tobacco,15-02-2023,Field_65,0.49171785150276465,0.47480554563473143,-0.49171785150276465,0.09382277727127075,0.2873111930615119,20.47223861331031,7.09346386,20.79275452,6.049874804,35.67980927
0.492305885,0.418207027,-0.492305885,0.62721555,Tobacco,03-02-2023,Field_65,0.48051464070025773,0.48296642377402305,-0.48051464070025773,0.29044946655631065,0.2950670023658417,21.488050124758786,6.813112106,21.65398471,7.822181923,34.52178037
0.508690875,0.4712502956390381,-0.508690875,0.706769793,Tobacco,17-03-2023,Field_65,0.4143339301167765,0.4118726456713239,-0.4143339301167765,0.031274259090423584,0.24878470317767495,19.986103175935284,13.98466051,20.27557123,24.52826923,49.28404064
0.477850181,0.436624647,-0.477850181,0.654847198,Tobacco,04-01-2023,Field_65,0.48051464070025773,0.48296642377402305,-0.48051464070025773,0.32172372564673424,0.2950670023658417,21.50405023665661,7.0116162,22.20405932,11.01612175,35.46072272
0.476258691,0.421731517,-0.476258691,0.632517012,Tobacco,16-04-2023,Field_65,0.4143339301167765,0.4118726456713239,-0.4143339301167765,0.06254851818084717,0.24878470317767495,20.197855250040732,6.882729655,22.43742941,16.41452065,34.90779001
0.426441585,0.365312651,-0.426441585,0.547902329,Tobacco,05-01-2023,Field_65,0.4852243202071969,0.4835803341522497,-0.4852243202071969,0.32172372564673424,0.2891658289143518,21.485029429481187,13.82472831,25.55750734,7.964157183,46.39418475
0.391167276,0.312601533,-0.391167276,0.468845318,Tobacco,16-05-2023,Field_65,0.4143339301167765,0.4118726456713239,-0.4143339301167765,0.06254851818084717,0.24878470317767495,20.197855250040732,13.38914823,27.89709977,26.79573203,44.66235775
0.401161927,0.310681303,-0.401161927,0.465963509,Tobacco,31-05-2023,Field_65,0.41874857508645935,0.4104513959228992,-0.41874857508645935,0.0,0.24889258900036185,21.780968420846136,6.067075389,27.40634027,15.93956641,31.79884756
0.351190347,0.281075358,-0.351190347,0.421562882,Tobacco,15-06-2023,Field_65,0.49171785150276465,0.47480554563473143,-0.49171785150276465,0.09382277727127075,0.2873111930615119,20.47223861331031,12.73154462,30.26046932,27.95099915,43.7129827
0.532899082,0.563947044,-0.532899082,0.845811522,Tobacco,28-09-2023,Field_65,0.4143339301167765,0.4118726456713239,-0.4143339301167765,0.0,0.24878470317767495,20.9853976840065,15.42310962,18.09269422,15.08163594,53.27976197
0.488213346,0.516748937,-0.488213346,0.775021678,Tobacco,13-10-2023,Field_65,0.49171785150276465,0.47480554563473143,-0.49171785150276465,0.15637129545211792,0.2873111930615119,20.89166153499059,7.704028588,20.85657151,25.26427518,38.39230939
0.56050891,0.557941959,-0.56050891,0.836793552,Tobacco,28-10-2023,Field_65,0.4143339301167765,0.4118726456713239,-0.4143339301167765,0.0,0.24878470317767495,20.9853976840065,7.901591905,16.7441449,24.9899168,38.85134787
0.604186021,0.5908836126327515,-0.604186021,0.886204451,Tobacco,11-12-2023,Field_65,0.49171785150276465,0.47480554563473143,-0.49171785150276465,0.22251226752996445,0.2873111930615119,20.75418370564779,8.093510556,14.1773719,11.88861268,39.43557867
0.527425046,0.580865847,-0.527425046,0.871097037,Tobacco,27-11-2023,Field_65,0.4143339301167765,0.4118726456713239,-0.4143339301167765,0.0,0.24878470317767495,20.873298308962887,14.86899155,18.19943282,22.4605039,53.70750238
0.559146777,0.599222962,-0.559146777,0.89871486,Tobacco,12-12-2023,Field_65,0.49171785150276465,0.47480554563473143,-0.49171785150276465,0.18944178149104118,0.2873111930615119,20.842136364891473,8.274139874,16.39210369,5.484115303,40.45798256
0.572616736,0.596173621,-0.572616736,0.894132997,Tobacco,27-12-2023,Field_65,0.4143339301167765,0.4118726456713239,-0.4143339301167765,0.0,0.24878470317767495,20.873298308962887,8.214870879,15.73541126,13.86700042,40.13456908
0.411639491,0.414824465,-0.411639491,0.622158182,Tobacco,16-01-2023,Field_66,0.4116360573610963,0.41481857603231226,-0.4116360573610963,5.253606766462326,0.27677630251536633,14.014685839698416,14.04487029,25.80770905,12.33872614,48.65807908
0.475615093,0.480591475,-0.475615093,0.720794487,Tobacco,31-01-2023,Field_66,0.47560701596621846,0.48058080158987604,-0.47560701596621846,2.235432840883732,0.3176373396826245,17.072140993390803,7.410505945,21.86916502,5.310387776,37.19254972
0.49208009,0.4781721830368042,-0.49208009,0.717168789,Tobacco,15-02-2023,Field_66,0.4116360573610963,0.41481857603231226,-0.4116360573610963,4.4645816385746,0.27677630251536633,13.623291905721032,7.349355395,21.05309826,8.650700751,36.83783817
0.469015025,0.429182774,-0.469015025,0.643689639,Tobacco,03-02-2023,Field_66,0.30392074730649316,0.31524994826157715,-0.30392074730649316,3.585578888654709,0.21924765367809845,13.109207816351045,6.966458871,22.7312239,8.410311819,35.30423233
0.382764923,0.31121014,-0.382764923,0.466748618,Tobacco,17-03-2023,Field_66,0.4116360573610963,0.41481857603231226,-0.4116360573610963,4.952251274138689,0.27677630251536633,14.426410793122841,13.57824455,28.34037075,23.35223356,44.85014622
0.330518743,0.254965181,-0.330518743,0.38239964,Tobacco,04-01-2023,Field_66,0.30392074730649316,0.31524994826157715,-0.30392074730649316,3.7698541581630707,0.21924765367809845,13.057976250421461,5.734980861,31.58271173,10.53565402,30.75557828
0.321866446,0.236540029,-0.321866446,0.354772726,Tobacco,16-04-2023,Field_66,0.4116360573610963,0.41481857603231226,-0.4116360573610963,5.253606766462326,0.27677630251536633,14.014685839698416,5.590101095,32.21270961,24.15817317,30.17134749
0.315416272,0.227938894,-0.315416272,0.34187331,Tobacco,05-01-2023,Field_66,0.30392074730649316,0.31524994826157715,-0.30392074730649316,3.8813560009002686,0.21924765367809845,12.998753620329353,12.80022139,32.62992594,6.85409619,42.26283841
0.343368245,0.272109159,-0.343368245,0.408124089,Tobacco,16-05-2023,Field_66,0.4116360573610963,0.41481857603231226,-0.4116360573610963,5.253606766462326,0.27677630251536633,14.014685839698416,5.85822274,30.75147069,20.32919834,31.21461677
0.313882832,0.259503093,-0.313882832,0.389217497,Tobacco,31-05-2023,Field_66,0.47560701596621846,0.48058080158987604,-0.47560701596621846,2.235432840883732,0.3176373396826245,17.072140993390803,5.814946966,32.38586894,20.80252992,31.18331869
0.284939449,0.217498574,-0.284939449,0.326216839,Tobacco,15-06-2023,Field_66,0.4116360573610963,0.41481857603231226,-0.4116360573610963,4.4645816385746,0.27677630251536633,13.623291905721032,12.98837693,34.29283144,33.98877024,42.44019419
-0.022104574367403984,0.018660366535186768,0.022104574367403984,0.027988379821181297,Tobacco,29-08-2023,Field_66,0.47560701596621846,0.48058080158987604,-0.47560701596621846,3.4205150865018368,0.3176373396826245,17.054437165033278,11.34389751,52.00255078,26.12499424,43.08702114
0.533390691,0.553321622,-0.533390691,0.829875048,Tobacco,28-09-2023,Field_66,0.47560701596621846,0.48058080158987604,-0.47560701596621846,3.4205150865018368,0.3176373396826245,16.978224599929092,7.92417057,18.1761066,21.70190211,39.09129981
0.487515346,0.470082964,-0.487515346,0.705037578,Tobacco,13-10-2023,Field_66,0.4116360573610963,0.41481857603231226,-0.4116360573610963,4.754234582185745,0.27677630251536633,12.828783698309053,7.288204844,21.36880816,19.92040785,36.59788624
0.421699462,0.36209093,-0.421699462,0.543070219,Tobacco,28-10-2023,Field_66,0.47560701596621846,0.48058080158987604,-0.47560701596621846,3.4205150865018368,0.3176373396826245,16.978224599929092,13.54155422,25.83256391,25.33996229,46.18553089
0.376039599,0.298189918,-0.376039599,0.44723047,Tobacco,11-12-2023,Field_66,-0.10743492695832836,-0.04587516985864724,0.10743492695832836,4.486154645681381,-0.04920823304509451,12.769645945231105,12.81056995,28.81676907,5.974601298,44.02596349
0.443256822,0.330116366,-0.443256822,0.495103672,Tobacco,27-11-2023,Field_66,0.47560701596621846,0.48058080158987604,-0.47560701596621846,3.828274752944708,0.3176373396826245,16.910930842445055,13.33364235,25.05830311,16.80107351,44.49543466
0.364333422,0.329016868,-0.364333422,0.493458842,Tobacco,12-12-2023,Field_66,0.4116360573610963,0.41481857603231226,-0.4116360573610963,4.620194613933563,0.27677630251536633,12.713334746587861,6.317322258,29.09970587,5.445147962,33.08206877
0.33748071,0.315822231,-0.33748071,0.473671667,Tobacco,27-12-2023,Field_66,0.47560701596621846,0.48058080158987604,-0.47560701596621846,3.828274752944708,0.3176373396826245,16.910930842445055,13.22263058,30.60567786,5.542355939,45.53870394
-0.379945449,-0.196475777,0.379945449,-0.2945026755332947,Rubber,01-01-2023,Field_68,-0.37995231983083927,-0.1964788525663297,0.37995231983083927,6.023305416107178,-0.036117502360799275,26.192598415556404,3.3708064556121826,72.47262819,22.01744143,36.51442469
-0.450011005,-0.289636767,0.450011005,-0.434051492,Rubber,16-01-2023,Field_68,-0.45000313081429666,-0.2896205395210816,0.45000313081429666,0.4136848747730255,-0.04219947868602101,25.62767063322525,9.902626073,77.00192317,16.25419575,47.21836747
-0.366591044,-0.228535059,0.366591044,-0.342598737,Rubber,31-01-2023,Field_68,-0.342159702675924,-0.2040476363846814,0.342159702675924,29.99835640192032,-0.04554953957509851,26.339306404476986,9.788791972,72.11811136,22.49816802,47.15577132
-0.328939963,-0.18620675802230835,0.328939963,-0.279144563,Rubber,15-02-2023,Field_68,-0.3889436076065054,-0.21274467464066438,0.3889436076065054,0.26430827379226685,-0.03956779101202288,25.671556182134793,3.342583169,69.76318897,20.48971725,36.51442469
-0.409552296,-0.255300932,0.409552296,-0.382608468,Rubber,03-02-2023,Field_68,-0.3889436076065054,-0.21274467464066438,0.3889436076065054,0.0,-0.03956779101202288,26.190901919773694,2.915470093,74.5852571,24.57046859,36.51442469
-0.34547745,-0.212809755,0.34547745,-0.318984563,Rubber,17-03-2023,Field_68,-0.48871728024881467,-0.3389714937180461,0.48871728024881467,0.4826949015259743,-0.04734525588479483,25.627797744387692,10.03527573,70.87935839,20.55684817,47.29139632
-0.194259389,-0.082408545,0.194259389,-0.12355407327413559,Rubber,04-01-2023,Field_68,-0.3889436076065054,-0.21274467464066438,0.3889436076065054,0.0,-0.03956779101202288,26.116686257861886,3.954088674,61.82573215,17.4154426,34.59480922
-0.334471709,-0.181616311,0.334471709,-0.272277045,Rubber,16-04-2023,Field_68,-0.45000313081429666,-0.2896205395210816,0.45000313081429666,0.4136848747730255,-0.04219947868602101,25.62767063322525,10.0700845,69.99878243,34.92101875,47.31226171
-0.5215960741043091,-0.339962792,0.5215960741043091,-0.509461086,Rubber,16-05-2023,Field_68,-0.45000313081429666,-0.2896205395210816,0.45000313081429666,0.4136848747730255,-0.04219947868602101,25.62767063322525,9.892277519,81.17134439,20.65216371,47.21836747
-0.5215960741043091,-0.339962792,0.5215960741043091,-0.509461086,Rubber,31-05-2023,Field_68,-0.342159702675924,-0.2040476363846814,0.342159702675924,29.99835640192032,-0.04554953957509851,26.339306404476986,41.18254383,81.17134439,28.77700084,64.56793555
-0.351789483,-0.197413946,0.351789483,-0.29595887660980225,Rubber,13-10-2023,Field_68,-0.3889436076065054,-0.21274467464066438,0.3889436076065054,0.26430827379226685,-0.03956779101202288,25.809258261181185,19.23984475,71.04444292,33.96198711,52.40341578
-0.506095799,-0.331652544,0.506095799,-0.497059272,Rubber,12-12-2023,Field_68,-0.3889436076065054,-0.21274467464066438,0.3889436076065054,0.26430827379226685,-0.03956779101202288,25.827516991751565,2.460133686,80.29495976,22.73967602,36.51442469
-0.485758239,-0.298659565,0.485758239,-0.44763063,Rubber,27-12-2023,Field_68,-0.48871728024881467,-0.3389714937180461,0.48871728024881467,27.747817896306515,-0.04734525588479483,26.09657653626948,9.73234531,78.9194819,20.23677351,47.12447324
0.555171524,0.516526271,-0.555171524,0.774673649,Rubber,01-01-2023,Field_69,0.5212494589531612,0.5096199675688984,-0.5212494589531612,0.0,0.302308340720371,20.12904047284809,7.544096379,17.43966836,17.26219042,37.32817473
0.529951679,0.458493746,-0.529951679,0.687639228,Rubber,16-01-2023,Field_69,0.5299338809885905,0.45846839806431494,-0.5299338809885905,0.0,0.2814658955946724,18.948855064028805,7.084996861,19.32018273,19.98210869,35.48158811
0.506202382,0.418021192,-0.506202382,0.626939816,Rubber,31-01-2023,Field_69,0.5061868052950534,0.4179990544453166,-0.5061868052950534,0.8753080368041992,0.25740848380049525,20.79676780700686,14.16058594,20.94626677,18.70478767,47.36442517
0.487841166,0.366224392,-0.487841166,0.54926218,Rubber,15-02-2023,Field_69,0.5352560913222054,0.5040635150022579,-0.5352560913222054,0.0,0.3083261488737864,18.932362311226996,6.359657254,22.4128649,24.90761023,32.58129952
0.480370381,0.330789061,-0.480370381,0.496118458,Rubber,03-02-2023,Field_69,0.5212494589531612,0.5096199675688984,-0.5212494589531612,0.0,0.302308340720371,19.797777384803396,6.060489945,23.15625238,20.37537443,31.32937639
0.432552387,0.312352332,-0.432552387,0.468465416,Rubber,17-03-2023,Field_69,0.5299338809885905,0.45846839806431494,-0.5299338809885905,0.0,0.2814658955946724,19.125257519313266,13.13513825,25.78634016,26.42678375,43.8694731
0.274698377,0.226360768,-0.274698377,0.3394789695739746,Rubber,04-01-2023,Field_69,0.5212494589531612,0.5096199675688984,-0.5212494589531612,0.0,0.302308340720371,19.534178352355923,5.610798205,34.72527686,16.54529015,30.51562635
0.438050391,0.302360039,-0.438050391,0.453484134,Rubber,16-04-2023,Field_69,0.5299338809885905,0.45846839806431494,-0.5299338809885905,0.0,0.2814658955946724,18.948855064028805,5.905261625,25.60763807,25.53579628,30.90163598
0.430338059,0.300968773,-0.430338059,0.45139508,Rubber,05-01-2023,Field_69,0.5212494589531612,0.5096199675688984,-0.5212494589531612,0.0,0.302308340720371,19.31431119101387,13.93009541,26.01567229,21.10217455,43.90077117
0.526848719,0.481467155,-0.526848719,0.722112448,Rubber,16-05-2023,Field_69,0.5299338809885905,0.45846839806431494,-0.5299338809885905,0.0,0.2814658955946724,18.948855064028805,7.297612621,19.24400891,31.93411049,36.42053046
0.402936178,0.416228755,-0.402936178,0.624264225,Rubber,31-05-2023,Field_69,0.5061868052950534,0.4179990544453166,-0.5061868052950534,0.8753080368041992,0.25740848380049525,20.79676780700686,14.24619672,26.23779642,23.87650243,38.5279344
0.186231639,0.176365973,-0.186231639,0.264522927,Rubber,14-08-2023,Field_69,0.5352560913222054,0.5040635150022579,-0.5352560913222054,0.0,0.3083261488737864,18.89919551667714,4.74528272,39.75336569,43.33694196,40.4058191
0.540404269,0.520313796,-0.540404269,0.780365736,Rubber,13-10-2023,Field_69,0.5352560913222054,0.5040635150022579,-0.5352560913222054,0.0,0.3083261488737864,18.893172881716794,7.612773151,18.15506744,30.39133461,37.71418436
0.547421994,0.509355337,-0.547421994,0.763937042,Rubber,28-10-2023,Field_69,0.5061868052950534,0.4179990544453166,-0.5061868052950534,0.8194247484207153,0.25740848380049525,20.430634616670147,14.81724878,17.90862908,33.13213103,50.60899262
0.559392803,0.538251544,-0.559392803,0.807264596,Rubber,11-12-2023,Field_69,0.5352560913222054,0.5040635150022579,-0.5352560913222054,0.0,0.3083261488737864,18.998481278192457,15.0063451,17.00223394,18.61082347,51.64182921
0.559392803,0.538251544,-0.559392803,0.807264596,Rubber,27-11-2023,Field_69,0.5061868052950534,0.4179990544453166,-0.5061868052950534,0.8194247484207153,0.25740848380049525,20.319035148620628,14.55100869,17.00223394,32.02555919,51.39144458
0.510527304,0.445436438,-0.510527304,0.668056171,Rubber,27-12-2023,Field_69,0.5061868052950534,0.4179990544453166,-0.5061868052950534,0.8194247484207153,0.25740848380049525,20.319035148620628,7.013497756,20.4454289,15.95504439,35.28336695
0.174044262,0.143108476,-0.174044262,0.21462145447731018,Saffron,01-01-2023,Field_70,0.20114696611338886,0.165150434559651,-0.20114696611338886,0.2788831501134804,0.08462863915394593,-1.5982835133870594,5.102778246,40.71536105,2.177985264,28.87769359
0.184293438,0.183900424,-0.184293438,0.275786358,Saffron,15-02-2023,Field_70,0.19194959533078115,0.17250484729095794,-0.19194959533078115,2.236733417425837,0.08080992825956947,-1.279894710722374,12.31760243,39.7753903,0.712090027,42.34629995
0.27876126,0.270624219,-0.27876126,0.405845883,Saffron,03-02-2023,Field_70,0.20114696611338886,0.165150434559651,-0.20114696611338886,0.5771188326179982,0.08462863915394593,-1.420042555672751,12.77387961,34.06575123,-4.68163756,44.46413658
0.335046161,0.310571429,-0.335046161,0.465754155,Saffron,17-03-2023,Field_70,0.19194959533078115,0.17250484729095794,-0.19194959533078115,1.938497734921319,0.08080992825956947,-1.8952619189307711,6.011569505,30.78362239,13.03639021,43.26437691
0.260239098,0.275249925,-0.260239098,0.412785441,Saffron,04-01-2023,Field_70,0.20114696611338886,0.165150434559651,-0.20114696611338886,0.9415175717856202,0.08462863915394593,-1.3997990471975754,13.20005191,34.96433203,-0.984325745,45.17355969
0.412454209,0.402304316,-0.412454209,0.603347984,Saffron,16-04-2023,Field_70,0.19194959533078115,0.17250484729095794,-0.19194959533078115,2.1025584808417728,0.08080992825956947,-1.5590736934116762,14.05898195,25.89397272,2.957844272,48.16774252
0.313361115,0.353633277,-0.313361115,0.530345689,Saffron,05-01-2023,Field_70,0.20114696611338886,0.165150434559651,-0.20114696611338886,0.9415175717856202,0.08462863915394593,-1.4924921944027574,2.664282447,31.45117035,4.541023247,45.25702123
0.317024998,0.338795642,-0.317024998,0.50810198,Saffron,16-05-2023,Field_70,0.19194959533078115,0.17250484729095794,-0.19194959533078115,2.1025584808417728,0.08080992825956947,-1.5590736934116762,1.92671273,31.41561139,8.572059985,44.63105967
0.30792178,0.349665043,-0.30792178,0.524411318,Saffron,31-05-2023,Field_70,0.08358086887396222,0.09484923678016567,-0.08358086887396222,14.408010680760656,0.05071654616593175,0.899737022036561,9.562064546,31.76945366,8.731675519,45.27788662
0.343191386,0.400193492,-0.343191386,0.600190951,Saffron,15-06-2023,Field_70,0.19194959533078115,0.17250484729095794,-0.19194959533078115,2.236733417425837,0.08080992825956947,-1.279894710722374,7.003149201,29.45239273,21.7954669,36.15971314
0.470628428,0.562671096,-0.470628428,0.8438616991043091,Saffron,30-06-2023,Field_70,0.08358086887396222,0.09484923678016567,-0.08358086887396222,14.408010680760656,0.05071654616593175,0.7767223903110789,8.155601884,21.28553706,23.36279171,40.43711717
0.550856791,0.667267863,-0.550856791,1.000737873,Saffron,15-07-2023,Field_70,0.19194959533078115,0.17250484729095794,-0.19194959533078115,2.236733417425837,0.08080992825956947,-1.279894710722374,15.61596905,16.12049261,24.23223001,57.09812753
0.655445438,0.748474383,-0.655445438,1.122552063,Saffron,14-08-2023,Field_70,0.19194959533078115,0.17250484729095794,-0.19194959533078115,2.496060852493559,0.08080992825956947,-1.0103271302722874,9.520670327,9.950387202,28.46939813,44.77711737
0.575541845,0.6724465489387512,-0.575541845,1.008548536,Saffron,29-08-2023,Field_70,0.08358086887396222,0.09484923678016567,-0.08358086887396222,14.408010680760656,0.05071654616593175,0.5672312963576474,8.88940849,14.80707657,26.59154445,43.03485767
0.503135528,0.533283554,-0.503135528,0.799825712,Saffron,13-09-2023,Field_70,0.19194959533078115,0.17250484729095794,-0.19194959533078115,2.355336439928838,0.08080992825956947,-0.9932435989379655,7.815981134,19.92571373,2.882322886,38.78875172
0.395704805,0.333061032,-0.395704805,0.499514368,Saffron,28-09-2023,Field_70,-0.018910301178038356,0.004720730171464591,0.018910301178038356,14.408010680760656,0.004729629564756914,0.32824668884273933,8.827317162,27.45644338,22.50648025,32.7482226
0.346707831,0.294389253,-0.346707831,0.441503156,Saffron,13-10-2023,Field_70,0.19194959533078115,0.17250484729095794,-0.19194959533078115,2.355336439928838,0.08080992825956947,-0.9932435989379655,1.399877218,30.35339307,20.70774832,32.01793411
0.158612358,0.158430399,-0.158612358,0.237608771,Saffron,28-10-2023,Field_70,-0.018910301178038356,0.004720730171464591,0.018910301178038356,14.408010680760656,0.004729629564756914,0.32824668884273933,5.276822121,41.34690065,12.33869363,29.71230901
0.203295779,0.194779575,-0.203295779,0.292118607,Saffron,11-12-2023,Field_70,0.1740466618197135,0.14310947444381228,-0.1740466618197135,0.9415175717856202,0.07397674535967581,-1.331131817045673,12.86889816,38.69394032,-3.425660147,42.77404035
0.023848756,0.024325577542185783,-0.023848756,0.036484166,Saffron,27-11-2023,Field_70,-0.018910301178038356,0.004720730171464591,0.018910301178038356,14.568290808371135,0.004729629564756914,0.041313561939091414,11.00803987,49.59811484,19.76001793,42.16894417
0.061274979,0.066237322,-0.061274979,0.09934146702289581,Saffron,12-12-2023,Field_70,0.1740466618197135,0.14310947444381228,-0.1740466618197135,1.1189405785075255,0.07397674535967581,-1.2397146860758426,12.07488178,47.25892897,1.98304817,42.04375186
0.055875004,0.026168067008256912,-0.055875004,0.039250168,Saffron,27-12-2023,Field_70,-0.018910301178038356,0.004720730171464591,0.018910301178038356,14.568290808371135,0.004729629564756914,0.041313561939091414,10.93559999,47.9438975,-1.84612053,41.62644415
-0.08325077593326569,-0.045716946,0.08325077593326569,-0.068569507,Saffron,01-01-2023,Field_71,-0.08325204561392564,-0.04571690604634611,0.08325204561392564,0.2042491352185607,-0.039012627182490316,-13.056721478416819,4.020883891,55.78242051,4.733828605,32.7482226
-0.070470015,-0.039839929,0.070470015,-0.059756017,Saffron,16-01-2023,Field_71,-0.07047346929186438,-0.039842058089682816,0.07047346929186438,12.584498077630997,-0.03764674093442802,-12.453046907697399,4.043462556,55.06975774,1.53532059,32.52913606
-0.028005145490169525,-0.024427968,0.028005145490169525,-0.036640645,Saffron,31-01-2023,Field_71,-0.028010588353607792,-0.024430416804677134,0.028010588353607792,28.238652106374502,-0.027251801846238977,-10.204034369332476,11.23947119,52.74391546,-4.751929798,43.26437691
-0.0045054941438138485,-0.01401401124894619,0.0045054941438138485,-0.02102017216384411,Saffron,15-02-2023,Field_71,-0.07047346929186438,-0.039842058089682816,0.07047346929186438,13.766080647706985,-0.03764674093442802,-12.125411823817615,10.72392501,51.43756416,0.42329049,42.57581919
0.01117668766528368,-0.002379179000854492,-0.01117668766528368,-0.0035686909686774015,Saffron,03-02-2023,Field_71,-0.08325204561392564,-0.04571690604634611,0.08325204561392564,1.7792329108342528,-0.039012627182490316,-12.288596080598381,11.21124785,50.51793836,-0.643662634,42.5653865
-0.124877194,-0.066509816,0.124877194,-0.099762756,Saffron,17-03-2023,Field_71,-0.07047346929186438,-0.039842058089682816,0.07047346929186438,12.191096872091293,-0.03764674093442802,-12.752561723618271,3.700078695,58.12040229,13.80694507,43.89033848
-0.010654399171471596,-0.01638100855052471,0.010654399171471596,-0.024570816,Saffron,04-01-2023,Field_71,-0.08325204561392564,-0.04571690604634611,0.08325204561392564,2.0197875117883086,-0.039012627182490316,-12.042051651364261,0.8711601495742798,51.775728,3.768039737,41.94985763
-0.066205721,-0.038602219,0.066205721,-0.057901520282030106,Saffron,16-04-2023,Field_71,-0.07047346929186438,-0.039842058089682816,0.07047346929186438,12.584498077630997,-0.03764674093442802,-12.453046907697399,10.72956967,54.83936368,2.581288431,43.61908847
-0.037203295,-0.042243511,0.037203295,-0.063363433,Saffron,05-01-2023,Field_71,-0.08325204561392564,-0.04571690604634611,0.08325204561392564,6.270268163643777,-0.039012627182490316,-11.762180391947368,10.64772201,53.3955611,1.308679033,43.12875191
-0.0056619588285684586,-0.020038068294525146,0.0056619588285684586,-0.03005632571876049,Saffron,16-05-2023,Field_71,-0.07047346929186438,-0.039842058089682816,0.07047346929186438,12.584498077630997,-0.03764674093442802,-12.453046907697399,1.450679214,51.55814125,7.515765322,41.88726147
-0.069419202,-0.058402035385370255,0.069419202,-0.087598931,Saffron,31-05-2023,Field_71,-0.028010588353607792,-0.024430416804677134,0.028010588353607792,28.238652106374502,-0.027251801846238977,-10.204034369332476,11.15197886,55.20567109,6.055392506,43.96336733
0.03753678500652313,0.0013963920064270496,-0.03753678500652313,0.0020919069647789,Saffron,15-06-2023,Field_71,-0.07047346929186438,-0.039842058089682816,0.07047346929186438,13.766080647706985,-0.03764674093442802,-12.125411823817615,4.157296658,49.13331714,26.71778822,30.70341482
0.05152761563658714,0.013765312731266022,-0.05152761563658714,0.020644327625632286,Saffron,30-06-2023,Field_71,-0.028010588353607792,-0.024430416804677134,0.028010588353607792,28.238652106374502,-0.027251801846238977,-10.366907864525217,4.235381207,48.2925619,25.9900855,30.45303019
-0.018720511347055435,-0.013964417390525341,0.018720511347055435,-0.020944038406014442,Saffron,15-07-2023,Field_71,-0.07047346929186438,-0.039842058089682816,0.07047346929186438,13.766080647706985,-0.03764674093442802,-12.125411823817615,11.53487538,52.16293857,23.24503626,43.24351153
0.151403647,0.147266691,-0.151403647,0.220855374,Saffron,30-07-2023,Field_71,-0.028010588353607792,-0.024430416804677134,0.028010588353607792,28.238652106374502,-0.027251801846238977,-10.366907864525217,12.35052965,41.82902249,27.85046752,41.45952107
0.054971697,0.05493094399571419,-0.054971697,0.082382885,Saffron,14-08-2023,Field_71,-0.07047346929186438,-0.039842058089682816,0.07047346929186438,13.960129529237747,-0.03764674093442802,-11.959615634736565,9.521611105,47.69627271,25.15155704,30.32783788
0.238779043,0.226276632,-0.238779043,0.339355775,Saffron,29-08-2023,Field_71,-0.028010588353607792,-0.024430416804677134,0.028010588353607792,26.859601732343435,-0.027251801846238977,-10.526117615472685,5.69452742,36.56033433,29.00386542,31.07899176
0.204167248,0.179508606,-0.204167248,0.269203159,Saffron,13-09-2023,Field_71,-0.07047346929186438,-0.039842058089682816,0.07047346929186438,12.113898537121713,-0.03764674093442802,-12.038543310619502,5.357729003,38.80539981,19.46692818,29.81663594
-0.046056998,-0.02677149325609207,0.046056998,-0.04015429690480232,Saffron,28-09-2023,Field_71,-0.028010588353607792,-0.024430416804677134,0.028010588353607792,26.354082461446524,-0.027251801846238977,-10.832851246425037,4.102731551,53.68965609,14.46667212,32.10139565
0.013358262367546558,0.00014014900079928339,-0.013358262367546558,0.00020638700516428798,Saffron,13-10-2023,Field_71,-0.07047346929186438,-0.039842058089682816,0.07047346929186438,12.113898537121713,-0.03764674093442802,-12.038543310619502,1.469494768,50.38080805,5.453350643,31.08942445
0.070589544,0.031771714,-0.070589544,0.047651131,Saffron,28-10-2023,Field_71,-0.028010588353607792,-0.024430416804677134,0.028010588353607792,26.354082461446524,-0.027251801846238977,-10.832851246425037,4.351096864,47.13527944,7.233489082,30.09831864
0.024436536,0.009612392634153366,-0.024436536,0.014416123740375042,Saffron,11-12-2023,Field_71,-0.08325204561392564,-0.04571690604634611,0.08325204561392564,11.06567697878927,-0.039012627182490316,-12.058699943905765,4.261722982,49.71836411,3.795220655,30.8807706
-0.049724473,-0.0359749011695385,0.049724473,-0.054003345,Saffron,27-11-2023,Field_71,-0.028010588353607792,-0.024430416804677134,0.028010588353607792,26.676077481359243,-0.027251801846238977,-11.130102221171057,10.79918722,53.97092663,11.37517739,43.38956923
0.02726329304277897,0.010072090663015842,-0.02726329304277897,0.015106968581676483,Saffron,12-12-2023,Field_71,-0.08325204561392564,-0.04571690604634611,0.08325204561392564,11.475269279442728,-0.039012627182490316,-12.123875772385361,10.99486898,49.5693227,4.842529221,42.14807879
-0.088718023,-0.040824831,0.088718023,-0.061229366809129715,Saffron,27-12-2023,Field_71,-0.028010588353607792,-0.024430416804677134,0.028010588353607792,26.676077481359243,-0.027251801846238977,-11.130102221171057,4.077330553,56.0116395,0.791523478,32.81081876
0.225919976,0.205309169,-0.225919976,0.307909547,Saffron,01-01-2023,Field_72,0.227464363686827,0.20995773925063105,-0.227464363686827,0.4858704898506403,0.11764216809638176,-2.1438506171817266,5.537417544,37.43111255,-1.226594255,30.47389558
0.127291496,0.131987834,-0.127291496,0.197958443,Saffron,15-02-2023,Field_72,0.027639485082976166,0.037175978799889285,-0.027639485082976166,1.7297992445528507,0.03824803893757709,-1.6733563922700796,11.93658746,43.21633535,-3.156286811,41.02134797
0.409707902,0.422217919,-0.409707902,0.633216836,Saffron,03-02-2023,Field_72,0.227464363686827,0.20995773925063105,-0.227464363686827,1.205880442634225,0.11764216809638176,-1.8268622171311222,14.06086351,25.83083602,1.708523382,48.98149255
0.405699454,0.42451261,-0.405699454,0.636667487,Saffron,17-03-2023,Field_72,0.027639485082976166,0.037175978799889285,-0.027639485082976166,1.0097892917692661,0.03824803893757709,-2.2656290599277895,4.558067958,26.01208947,2.480716623,46.55067514
0.085883051,0.139499409,-0.085883051,0.209201822,Saffron,04-01-2023,Field_72,0.227464363686827,0.20995773925063105,-0.227464363686827,1.6444275174289942,0.11764216809638176,-1.7518730799357058,1.619078422,45.25411678,-1.251623301,40.55187679
0.512403667,0.541022027,-0.512403667,0.811433283,Saffron,16-04-2023,Field_72,0.027639485082976166,0.037175978799889285,-0.027639485082976166,1.348981861025095,0.03824803893757709,-1.9468038831438434,14.75139434,19.37341001,24.49365966,52.34081962
0.499334101,0.548025317,-0.499334101,0.821927174,Saffron,05-01-2023,Field_72,0.227464363686827,0.20995773925063105,-0.227464363686827,1.6444275174289942,0.11764216809638176,-1.774149095444443,15.01669365,19.96927542,3.615895528,52.96678119
0.426533649,0.42134593,-0.426533649,0.631930362,Saffron,16-05-2023,Field_72,0.027639485082976166,0.037175978799889285,-0.027639485082976166,1.348981861025095,0.03824803893757709,-1.9468038831438434,1.940824396,24.98054534,8.896208913,46.10206935
0.401629915,0.397448853,-0.401629915,0.596081998,Saffron,31-05-2023,Field_72,0.15747897513461126,0.1797450334648495,-0.15747897513461126,8.868356943130493,0.10504763308545353,0.5278120313372483,6.933531651,26.4962967,17.16546751,45.57000202
0.362951843,0.371279195,-0.362951843,0.556835173,Saffron,15-06-2023,Field_72,0.027639485082976166,0.037175978799889285,-0.027639485082976166,1.7297992445528507,0.03824803893757709,-1.6733563922700796,6.698337226,28.73863552,24.80060354,34.73043423
0.363820456,0.416680743,-0.363820456,0.624928121,Saffron,30-06-2023,Field_72,0.15747897513461126,0.1797450334648495,-0.15747897513461126,8.868356943130493,0.10504763308545353,0.422265080043303,7.10193086,28.23060004,29.81745159,36.47269392
0.473721158,0.536958513,-0.473721158,0.805313106,Saffron,15-07-2023,Field_72,0.027639485082976166,0.037175978799889285,-0.027639485082976166,1.7297992445528507,0.03824803893757709,-1.6733563922700796,14.96777321,21.39020812,28.82546724,52.91461773
0.536321913,0.595547276,-0.536321913,0.893184468,Saffron,14-08-2023,Field_72,0.027639485082976166,0.037175978799889285,-0.027639485082976166,2.1970872320234776,0.03824803893757709,-1.4388288043794546,8.669266508,17.59518034,26.16470959,40.67706911
0.519096596,0.564099333,-0.519096596,0.846031091,Saffron,29-08-2023,Field_72,0.15747897513461126,0.1797450334648495,-0.15747897513461126,8.868356943130493,0.10504763308545353,0.22405095781601858,8.053997892,18.79595419,29.58612763,39.73812676
0.479034086,0.504995305,-0.479034086,0.757387604,Saffron,13-09-2023,Field_72,0.027639485082976166,0.037175978799889285,-0.027639485082976166,2.156593421474099,0.03824803893757709,-1.4367366699945592,7.620299372,21.44534302,22.21355727,38.07932861
0.401977341,0.359297593,-0.401977341,0.538862958,Saffron,28-09-2023,Field_72,-0.01976870443755442,0.001653908842261299,0.01976870443755442,8.868356943130493,0.0017925185734398476,0.0038768041702041955,6.498892354,26.86818961,12.60220019,33.65586687
0.348807053,0.315410443,-0.348807053,0.473029614,Saffron,13-10-2023,Field_72,0.027639485082976166,0.037175978799889285,-0.027639485082976166,2.156593421474099,0.03824803893757709,-1.4367366699945592,1.684932861,30.03151082,24.25919939,32.80038607
0.171779335,0.177808528,-0.171779335,0.266668069,Saffron,28-10-2023,Field_72,-0.01976870443755442,0.001653908842261299,0.01976870443755442,8.868356943130493,0.0017925185734398476,0.0038768041702041955,5.418879554,40.47663088,17.3837323,30.25480903
0.166355878,0.181842817,-0.166355878,0.272723934,Saffron,11-12-2023,Field_72,0.22591406843993633,0.20530243053123956,-0.22591406843993633,1.6444275174289942,0.11236507409119112,-1.7311794825962465,12.31195776,40.71237459,-2.481244241,42.54452111
0.045150555,0.047919775,-0.045150555,0.071871566,Saffron,27-11-2023,Field_72,-0.01976870443755442,0.001653908842261299,0.01976870443755442,8.927433256059885,0.0017925185734398476,-0.2784641538347046,11.71644548,48.26938729,8.716249683,42.15851148
0.105294129,0.112387984,-0.105294129,0.16855829,Saffron,12-12-2023,Field_72,0.22591406843993633,0.20530243053123956,-0.22591406843993633,1.6444275174289942,0.11236507409119112,-1.661764072236565,12.37498987,44.53978784,4.532159577,41.37605952
0.077216381,0.042579207,-0.077216381,0.063864929,Saffron,27-12-2023,Field_72,-0.01976870443755442,0.001653908842261299,0.01976870443755442,8.927433256059885,0.0017925185734398476,-0.2784641538347046,11.76160281,46.68650862,-4.61100079,41.699473
0.464461711,0.455993546,-0.464461711,0.683895272,Linseed,01-01-2023,Field_73,0.5512969887731434,0.5095410578792543,-0.5512969887731434,4.343074202537537,0.310033712275626,15.881877154395738,7.216705739,22.68992097,14.45785857,36.41009777
0.528228963,0.489388803,-0.528228963,0.733978887,Linseed,16-01-2023,Field_73,0.5265580965568782,0.500701861209087,-0.5265580965568782,5.432974725961685,0.3065333006376129,16.515150869460342,14.83136045,19.09262481,11.53478098,50.14995414
0.37769486,0.421114622,-0.37769486,0.631594045,Linseed,31-01-2023,Field_73,0.5431772500341507,0.525341395500775,-0.5431772500341507,9.336016476154327,0.32244257461101855,18.654224559239026,14.49926592,27.4768297,6.617862597,49.68048297
0.545596213,0.510254669,-0.545596213,0.765271983,Linseed,15-02-2023,Field_73,0.5265580965568782,0.500701861209087,-0.5265580965568782,5.860138952732086,0.3065333006376129,16.19394155229844,7.510228382,17.99267669,9.006498059,37.24471319
0.503473352,0.416773991,-0.503473352,0.625075313,Linseed,03-02-2023,Field_73,0.5512969887731434,0.5095410578792543,-0.5512969887731434,4.787071853876114,0.310033712275626,15.591722697303453,6.77454022,21.09836044,10.66431179,34.29226113
0.110901792,0.118309837,-0.110901792,0.177452469,Linseed,17-03-2023,Field_73,0.5265580965568782,0.500701861209087,-0.5265580965568782,5.005810499191284,0.3065333006376129,16.890057091485914,5.030338364,44.19295692,21.227882385253906,29.19067437
0.375998496,0.276931281,-0.375998496,0.415341732,Linseed,04-01-2023,Field_73,0.5512969887731434,0.5095410578792543,-0.5512969887731434,4.9643734991550446,0.310033712275626,15.51406000228161,5.824354743,29.03597974,8.657508292,30.89120329
0.338583789,0.241527522,-0.338583789,0.362242744,Linseed,16-04-2023,Field_73,0.5265580965568782,0.500701861209087,-0.5265580965568782,5.432974725961685,0.3065333006376129,16.515150869460342,5.595745761,31.30811236,17.7986293,30.10875133
0.415011096,0.358658029,-0.415011096,0.537914874,Linseed,05-01-2023,Field_73,0.5265580965568782,0.500701861209087,-0.5265580965568782,5.143470197916031,0.3065333006376129,15.537676611400855,6.463142801,26.20916091,11.01901244,33.43678033
0.353180855,0.278027674,-0.353180855,0.416990685,Linseed,16-05-2023,Field_73,0.5265580965568782,0.500701861209087,-0.5265580965568782,5.432974725961685,0.3065333006376129,16.515150869460342,5.887386848,30.18995087,26.75619612,31.28764562
0.375362603,0.285042084,-0.375362603,0.427512322,Linseed,31-05-2023,Field_73,0.5431772500341507,0.525341395500775,-0.5431772500341507,9.336016476154327,0.32244257461101855,18.654224559239026,5.897735403,28.98561664,24.33512303,31.21461677
0.349086816,0.24682819843292236,-0.349086816,0.370200289,Linseed,15-06-2023,Field_73,0.5265580965568782,0.500701861209087,-0.5265580965568782,5.860138952732086,0.3065333006376129,16.19394155229844,5.618324426,30.71764671,26.07205104,30.1504821
0.450056544,0.442117047,-0.450056544,0.663085463,Linseed,29-08-2023,Field_73,0.37768467735423317,0.4210930657378079,-0.37768467735423317,9.059519708156586,0.2835404626132689,18.751865550449963,13.7362952,23.5672307,28.47564904,48.93976178
0.450056544,0.442117047,-0.450056544,0.663085463,Linseed,13-09-2023,Field_73,0.5265580965568782,0.500701861209087,-0.5265580965568782,6.227697432041168,0.3065333006376129,15.424603080749534,13.81720208,23.5672307,16.99178063,48.98149255
0.515536496,0.510764607,-0.515536496,0.766042538,Linseed,28-09-2023,Field_73,0.4087718421003155,0.4182976189019408,-0.4087718421003155,8.921704202890396,0.2703213605906377,18.781034542265445,7.585490598,19.52244929,20.20435916,37.73504975
0.489302043,0.449236386,-0.489302043,0.673756686,Linseed,13-10-2023,Field_73,0.5265580965568782,0.500701861209087,-0.5265580965568782,6.227697432041168,0.3065333006376129,15.424603080749534,7.097226971,21.49047509,27.02172088623047,35.76327081
0.449318739,0.379253598,-0.449318739,0.568797529,Linseed,28-10-2023,Field_73,0.4087718421003155,0.4182976189019408,-0.4087718421003155,8.921704202890396,0.2703213605906377,18.781034542265445,6.566628348,24.24692276,24.88139799,33.68716495
0.418148584,0.328169847,-0.418148584,0.49218249320983887,Linseed,11-12-2023,Field_73,0.5265580965568782,0.500701861209087,-0.5265580965568782,5.61997789144516,0.3065333006376129,15.168804241362068,12.91687783,26.36031901,10.74807914,44.5893289
0.379565024,0.295971312,-0.379565024,0.443892426,Linseed,27-11-2023,Field_73,0.4087718421003155,0.4182976189019408,-0.4087718421003155,9.270658671855927,0.2703213605906377,18.93352547600159,12.68920962,28.65940378,19.80367787,43.81730963
0.453964459,0.424344447,-0.453964459,0.636414753,Linseed,12-12-2023,Field_73,0.5265580965568782,0.500701861209087,-0.5265580965568782,5.923837661743164,0.3065333006376129,15.248706072852713,6.957991871,23.54918481,8.333124009,35.3563958
0.497357648,0.470161203,-0.497357648,0.705133785,Linseed,27-12-2023,Field_73,0.4087718421003155,0.4182976189019408,-0.4087718421003155,9.270658671855927,0.2703213605906377,18.93352547600159,7.265626179,20.86541814,10.53993332,36.45182854
0.341447041,0.373886083,-0.341447041,0.560748962,Linseed,16-01-2023,Field_74,0.34145319516690065,0.37390007428520683,-0.34145319516690065,5.231727957725525,0.23246991446298887,13.985144824073416,13.62810577,29.81014086,13.70423022,47.94865597
0.507101543,0.546676141,-0.507101543,0.819899937,Linseed,31-01-2023,Field_74,0.5071278802573401,0.5467167373345699,-0.5071278802573401,2.180684357881546,0.3471029272234994,17.033892295474118,7.926992903,19.58641486,4.302808815,39.2477902
0.539045922,0.556999633,-0.539045922,0.83539144,Linseed,15-02-2023,Field_74,0.34145319516690065,0.37390007428520683,-0.34145319516690065,4.726398199796677,0.23246991446298887,13.592710386003773,7.943926901,17.84976274,14.718002319335938,39.14346327
0.541995451,0.549128117,-0.541995451,0.823579057,Linseed,03-02-2023,Field_74,0.1896486904734705,0.21203184754714652,-0.1896486904734705,3.910608246922493,0.14019066217699516,13.067076119922547,7.86678313,17.77953768,8.606039632,38.79918441
0.447641954,0.427271422,-0.447641954,0.640809293,Linseed,17-03-2023,Field_74,0.34145319516690065,0.37390007428520683,-0.34145319516690065,4.903987281024456,0.23246991446298887,14.395899027869802,8.919513377,23.84214671,26.19781332,45.99774242
0.38850655,0.343599071,-0.38850655,0.515328796,Linseed,04-01-2023,Field_74,0.1896486904734705,0.21203184754714652,-0.1896486904734705,4.12498813867569,0.14019066217699516,13.018524287995888,6.390702918,27.71639408,9.806826761,33.26985724
0.360348116,0.287086032,-0.360348116,0.430579979,Linseed,16-04-2023,Field_74,0.34145319516690065,0.37390007428520683,-0.34145319516690065,5.231727957725525,0.23246991446298887,13.985144824073416,5.951359732,29.73144736,13.78113567,31.52759755
0.34516001,0.265752478,-0.34516001,0.398583986,Linseed,05-01-2023,Field_74,0.1896486904734705,0.21203184754714652,-0.1896486904734705,4.24506039917469,0.14019066217699516,12.958057703290706,12.95733127,30.72489531,5.779095432,43.33740576
0.37468151,0.297431078,-0.37468151,0.446097314,Linseed,16-05-2023,Field_74,0.34145319516690065,0.37390007428520683,-0.34145319516690065,5.231727957725525,0.23246991446298887,13.985144824073416,6.010628727,28.89386898,12.03570931,31.69452063
0.328480567,0.281559923,-0.328480567,0.42229631,Linseed,31-05-2023,Field_74,0.5071278802573401,0.5467167373345699,-0.5071278802573401,2.180684357881546,0.3471029272234994,17.033892295474118,5.977701508,31.41518117,17.90484608,31.80928025
0.313419532,0.260679652,-0.313419532,0.390981187,Linseed,15-06-2023,Field_74,0.34145319516690065,0.37390007428520683,-0.34145319516690065,4.726398199796677,0.23246991446298887,13.592710386003773,12.4540152,32.39751099,33.69166497,43.35827115
0.05199788883328438,0.107425589,-0.05199788883328438,0.161119315,Linseed,29-08-2023,Field_74,0.5071278802573401,0.5467167373345699,-0.5071278802573401,3.1215639039874077,0.3471029272234994,17.009311839512463,12.58007941,47.31200706,34.84112176,42.33586726
0.576446741,0.654534078,-0.576446741,0.981649777,Linseed,28-09-2023,Field_74,0.5071278802573401,0.5467167373345699,-0.5071278802573401,3.1215639039874077,0.3471029272234994,16.933471298217796,8.727594726,14.94380643,19.40310774,42.32543457
0.549117638,0.603683047,-0.549117638,0.905395939,Linseed,13-10-2023,Field_74,0.34145319516690065,0.37390007428520683,-0.34145319516690065,5.060733765363693,0.23246991446298887,12.783135214306014,8.33717198,16.85868508,11.40800167,40.79182873
0.328988384,0.382825467,-0.328988384,0.574174474,Linseed,28-10-2023,Field_74,0.5071278802573401,0.5467167373345699,-0.5071278802573401,3.1215639039874077,0.3471029272234994,16.933471298217796,13.7447622,30.35503754,13.08069584,48.54331946
0.429983387,0.390285527,-0.429983387,0.585347535,Linseed,11-12-2023,Field_74,-0.0947970434431258,-0.04269904550320675,0.0947970434431258,4.821904212236404,-0.04698373260962423,12.716777874174568,14.04110718,25.12160261,6.217637162,47.41658864
0.538563783,0.452125524,-0.538563783,0.678070992,Linseed,27-11-2023,Field_74,0.5071278802573401,0.5467167373345699,-0.5071278802573401,3.5505188032984734,0.3471029272234994,16.867537752787257,13.63186888,18.94544893,17.59879119,47.88605981
0.407738128,0.39220091700553894,-0.407738128,0.588208263,Linseed,12-12-2023,Field_74,0.34145319516690065,0.37390007428520683,-0.34145319516690065,4.941318988800049,0.23246991446298887,12.659984207153343,6.780184886,26.23798111,9.875571157,34.84519385
0.357127563,0.353094814,-0.357127563,0.529564025,Linseed,27-12-2023,Field_74,0.5071278802573401,0.5467167373345699,-0.5071278802573401,3.5505188032984734,0.3471029272234994,16.867537752787257,13.17182858,29.22176349,5.825738497,46.64456937
0.469921874,0.549443544,-0.469921874,0.824065513,Linseed,16-01-2023,Field_75,0.3569230194177372,0.42381800998714225,-0.3569230194177372,2.620981043204665,0.29657276381623104,15.093351436796638,15.53506217,21.45670815,10.75625463,53.77009853
0.630583584,0.684560799,-0.630583584,1.026717369,Linseed,31-01-2023,Field_75,0.6314355805487287,0.6850475449702299,-0.6314355805487287,1.8566368520259857,0.4726389800024587,18.133408664521767,8.868711381,11.87268349,12.23573767,42.63841535
0.593373426,0.620374045,-0.593373426,0.930442762,Linseed,15-02-2023,Field_75,0.3569230194177372,0.42381800998714225,-0.3569230194177372,2.8535056710243225,0.29657276381623104,14.67050405229844,8.38232931,14.42832806,13.95350622,40.73966526
0.556192961,0.579397295,-0.556192961,0.868977695,Linseed,03-02-2023,Field_75,0.2761783157788006,0.30427393952145343,-0.2761783157788006,3.288034111261368,0.22355125572858706,14.057310494922433,15.26035508,16.74541546,12.72293346,53.42581967
0.579173693,0.573698385,-0.579173693,0.86041615,Linseed,17-03-2023,Field_75,0.3569230194177372,0.42381800998714225,-0.3569230194177372,2.3648140486329794,0.29657276381623104,15.580818112691247,15.12488309,15.63012112,27.73707077,52.76856003
0.38286738,0.342822621,-0.38286738,0.51416797,Linseed,04-01-2023,Field_75,0.2761783157788006,0.30427393952145343,-0.2761783157788006,3.3500133752822876,0.22355125572858706,13.93503400711785,13.14736836,28.01228455,5.948556055,45.83081934
0.331928693,0.275205158,-0.331928693,0.412759931,Linseed,16-04-2023,Field_75,0.3569230194177372,0.42381800998714225,-0.3569230194177372,2.620981043204665,0.29657276381623104,15.093351436796638,5.912787846,31.30400518,10.40247996,31.50673216
0.307698648,0.320161095,-0.307698648,0.480049086,Linseed,05-01-2023,Field_75,0.2761783157788006,0.30427393952145343,-0.2761783157788006,3.3445642292499542,0.22355125572858706,13.892633828662667,13.37127345,32.08216783,8.117804051,46.25855974
0.35256168246269226,0.307603295,-0.35256168246269226,0.461358393,Linseed,16-05-2023,Field_75,0.3569230194177372,0.42381800998714225,-0.3569230194177372,2.620981043204665,0.29657276381623104,15.093351436796638,6.153626938,29.91951658,13.10203588,32.43524182
0.340065558,0.29804196,-0.340065558,0.447018837,Linseed,31-05-2023,Field_75,0.6314355805487287,0.6850475449702299,-0.6314355805487287,1.8566368520259857,0.4726389800024587,18.133408664521767,6.097180276,30.65527192,28.67601972,32.26831874
0.29571482,0.23997509479522705,-0.29571482,0.359927669,Linseed,15-06-2023,Field_75,0.3569230194177372,0.42381800998714225,-0.3569230194177372,2.8535056710243225,0.29657276381623104,14.67050405229844,12.30913543,33.51304398,29.14704247,42.76360766
0.599028618,0.664728701,-0.599028618,0.996966369,Linseed,29-08-2023,Field_75,0.6314355805487287,0.6850475449702299,-0.6314355805487287,1.8802792187780142,0.4726389800024587,18.216470972696982,15.62349527,13.68656073,31.69163857,56.24264672
0.621580621,0.701795706,-0.621580621,1.052546217,Linseed,28-09-2023,Field_75,0.4699229943227939,0.5494456312330404,-0.4699229943227939,1.8802792187780142,0.3744892342201098,18.2466281527565,16.46831364,12.15639622,6.793016751,57.79711794
0.584069901,0.644192991,-0.584069901,0.966159775,Linseed,13-10-2023,Field_75,0.4811699991812886,0.5319213814742705,-0.4811699991812886,2.224527895450592,0.36130318823710716,13.834387306940073,8.617523735,14.6601468,10.50058801,41.80379993
0.589229019,0.578257085,-0.589229019,0.867261217,Linseed,28-10-2023,Field_75,0.4699229943227939,0.5494456312330404,-0.4699229943227939,1.8802792187780142,0.3744892342201098,18.2466281527565,14.65731657,15.07009479,20.90642856,52.52860809
0.319569181,0.280222327,-0.319569181,0.420282004,Linseed,11-12-2023,Field_75,0.4811699991812886,0.5319213814742705,-0.4811699991812886,2.74149888753891,0.36130318823710716,13.656818099248994,5.986168507,31.88389615,11.17103735,31.8927418
0.376130433,0.319587025,-0.376130433,0.479311543,Linseed,27-11-2023,Field_75,0.4699229943227939,0.5494456312330404,-0.4699229943227939,3.0215909834951162,0.3744892342201098,18.195488366626535,8.963729928,28.59360474,16.33738795,42.96182882
0.388233409,0.388508449,-0.388233409,0.582681928,Linseed,12-12-2023,Field_75,0.4811699991812886,0.5319213814742705,-0.4811699991812886,2.483013391494751,0.36130318823710716,13.675894037882529,6.792414996,27.27168806,7.397793909,35.00168424
0.236199296,0.278559927,-0.236199296,0.417790087,Linseed,27-12-2023,Field_75,0.4699229943227939,0.5494456312330404,-0.4699229943227939,3.0215909834951162,0.3744892342201098,18.195488366626535,12.82468161,36.15810475,5.20523916,45.46567509
0.608757968,0.696992827,-0.608757968,1.045356957,Sesame,01-01-2023,Field_76,0.6948963432300106,0.7731305183748904,-0.6948963432300106,3.84947107732296,0.49365960273605025,15.863200396583295,9.031465923,12.8602281,5.514456868,43.46259808
0.682506521,0.744142425,-0.682506521,1.116062258,Sesame,16-01-2023,Field_76,0.6572204918076927,0.7307252611038928,-0.6572204918076927,5.111816823482513,0.46061344497766143,16.472135616484195,9.278890458,8.612771749,6.156274418,44.13029041
0.483897759,0.57317352,-0.483897759,0.859646537,Sesame,31-01-2023,Field_76,0.6308987101226485,0.6837912839395683,-0.6308987101226485,10.336345136165619,0.40252336323491467,18.677696936471136,8.217693212,20.50068708,5.59534981,40.63533834
0.608450713,0.615654558,-0.608450713,0.923334619,Sesame,15-02-2023,Field_76,0.6572204918076927,0.7307252611038928,-0.6572204918076927,5.4959332048892975,0.46061344497766143,16.161220895676422,8.305185538,13.70661539,8.606551721,40.32235755
0.508710789,0.425261799,-0.508710789,0.637795428,Sesame,03-02-2023,Field_76,0.6948963432300106,0.7731305183748904,-0.6948963432300106,4.267946690320969,0.49365960273605025,15.590554310026675,6.837572326,20.74422914,14.23302356,34.53221307
0.333761736,0.239742292,-0.333761736,0.359555155,Sesame,17-03-2023,Field_76,0.6572204918076927,0.7307252611038928,-0.6572204918076927,4.727700442075729,0.46061344497766143,16.838816624596063,13.09468481,31.5725798,20.3536802,42.58625188
0.304228752,0.18433107435703278,-0.304228752,0.276456653,Sesame,04-01-2023,Field_76,0.6948963432300106,0.7731305183748904,-0.6948963432300106,4.4353101551532745,0.49365960273605025,15.524691745213204,5.165810352,33.64657087,11.33939827,28.43952049
0.263615845,0.156521636,-0.263615845,0.234747388,Sesame,16-04-2023,Field_76,0.6572204918076927,0.7307252611038928,-0.6572204918076927,5.111816823482513,0.46061344497766143,16.472135616484195,5.012463587,36.00445762,13.98489268,28.00134739
0.297060414,0.189278034,-0.297060414,0.283868118,Sesame,05-01-2023,Field_76,0.6572204918076927,0.7307252611038928,-0.6572204918076927,5.410621166229248,0.46061344497766143,15.553353927249077,5.226020125,33.96209479,13.4707071,28.74206858
0.271738621,0.169189392,-0.271738621,0.253744357,Sesame,16-05-2023,Field_76,0.6572204918076927,0.7307252611038928,-0.6572204918076927,5.111816823482513,0.46061344497766143,16.472135616484195,5.106541357,35.46029901,23.95474102,28.35605895
0.308183608,0.189655412,-0.308183608,0.284436318,Sesame,31-05-2023,Field_76,0.6308987101226485,0.6837912839395683,-0.6308987101226485,10.336345136165619,0.40252336323491467,18.677696936471136,5.20344146,33.39024178,10.50939241,28.5751455
0.303716783,0.170584643,-0.303716783,0.255834638,Sesame,15-06-2023,Field_76,0.6572204918076927,0.7307252611038928,-0.6572204918076927,5.4959332048892975,0.46061344497766143,16.161220895676422,5.043509251,33.81310476,34.99593293,27.91788585
0.710268538,0.795712002,-0.710268538,1.193434218,Sesame,29-08-2023,Field_76,0.48942461786219227,0.5772462217474822,-0.48942461786219227,10.130734741687775,0.3744023435202905,18.710727855137463,16.89354516,6.668448221,27.38559242,58.40221412
0.710268538,0.795712002,-0.710268538,1.193434218,Sesame,13-09-2023,Field_76,0.6572204918076927,0.7307252611038928,-0.6572204918076927,5.792803794145584,0.46061344497766143,15.410070900690016,16.33472321,6.668448221,28.00970171,58.08923334
0.54076129,0.562817539,-0.54076129,0.844111043,Sesame,28-09-2023,Field_76,0.48942461786219227,0.5772462217474822,-0.48942461786219227,10.014983519911766,0.3744023435202905,18.714994503202888,7.991906564,17.70275103,26.74410164,39.34168443
0.476810978,0.420587916,-0.476810978,0.630780291,Sesame,13-10-2023,Field_76,0.6572204918076927,0.7307252611038928,-0.6572204918076927,5.792803794145584,0.46061344497766143,15.410070900690016,6.871440323,22.42090666,20.07529779,34.85562654
0.380042297,0.3029266595840454,-0.380042297,0.454312412,Sesame,28-10-2023,Field_76,0.48942461786219227,0.5772462217474822,-0.48942461786219227,10.014983519911766,0.3744023435202905,18.714994503202888,6.047319058,28.56399805,20.21502358,31.83014564
0.350419384,0.301848316,-0.350419384,0.452688883,Sesame,11-12-2023,Field_76,0.6572204918076927,0.7307252611038928,-0.6572204918076927,5.179622769355774,0.46061344497766143,15.157085491362068,13.01565948,30.08768645,6.778696802,44.68322313
0.418728921,0.402746967,-0.418728921,0.604015623,Sesame,27-11-2023,Field_76,0.48942461786219227,0.5772462217474822,-0.48942461786219227,10.370594471693039,0.3744023435202905,18.84705319177533,13.67608543,25.56903773,26.09794831,47.87562712
0.580176406,0.664338963,-0.580176406,0.99634526,Sesame,12-12-2023,Field_76,0.6572204918076927,0.7307252611038928,-0.6572204918076927,5.486213281750679,0.46061344497766143,15.236975697108676,8.806620053,14.65321737,13.23834048,42.64884804
0.55172756,0.639455512,-0.55172756,0.959055586,Sesame,27-12-2023,Field_76,0.48942461786219227,0.5772462217474822,-0.48942461786219227,10.370594471693039,0.3744023435202905,18.84705319177533,8.651391732,16.36007136,5.173416502,42.1272134
0.431175018,0.350835591,-0.431175018,0.526163305,Sesame,01-01-2023,Field_77,0.3627718911975529,0.2900964844444591,-0.3627718911975529,1.2138435244560242,0.1662969275128589,20.436797169276645,6.354953366,25.46364996,10.80773173,32.87341492
0.293155091,0.274051631,-0.293155091,0.411015735,Sesame,16-01-2023,Field_77,0.38670407039408855,0.32936493504493286,-0.38670407039408855,2.3046835064888,0.18806982864603633,20.816257640293713,12.90370694,33.29573557,9.634637425,44.4432712
0.444596819,0.387668351,-0.444596819,0.581411047,Sesame,31-01-2023,Field_77,0.4504050387543712,0.38929656234423743,-0.4504050387543712,2.3073803037405014,0.21916289528584687,22.360686147780655,6.652239119,24.40210579,14.02309395,34.08360728
0.404727387,0.344330689,-0.404727387,0.516416538,Sesame,15-02-2023,Field_77,0.38670407039408855,0.32936493504493286,-0.38670407039408855,2.2715027034282684,0.18806982864603633,20.385161790393624,6.358716476,26.88061536,13.40705203,33.040338
0.403624124,0.324940835,-0.403624124,0.487335395,Sesame,03-02-2023,Field_77,0.3627718911975529,0.2900964844444591,-0.3627718911975529,1.4708608388900757,0.1662969275128589,19.82928896404445,12.80586606,27.13497889,11.41815908,44.62062697
0.314363555,0.256040372,-0.314363555,0.384005433,Sesame,17-03-2023,Field_77,0.38670407039408855,0.32936493504493286,-0.38670407039408855,2.3378643095493317,0.18806982864603633,21.115212876456155,5.782019746,32.39668547,19.35244118,31.04769368
0.355887422,0.27098191,-0.355887422,0.406415419,Sesame,04-01-2023,Field_77,0.3627718911975529,0.2900964844444591,-0.3627718911975529,1.5812104940414429,0.1662969275128589,19.594324139186313,13.1332567,30.12369924,5.846112594,43.47303077
0.297900944,0.279908332,-0.297900944,0.419811955,Sesame,05-01-2023,Field_77,0.3627718911975529,0.2900964844444591,-0.3627718911975529,1.729837492108345,0.1662969275128589,19.44260127657941,13.44841723,32.99357787,8.570139833,44.90230968
0.418046896,0.366158086,-0.418046896,0.549168349,Sesame,16-05-2023,Field_77,0.38670407039408855,0.32936493504493286,-0.38670407039408855,2.3046835064888,0.18806982864603633,20.816257640293713,13.76734087,25.97754256,11.24058923,46.51937706
0.37083187,0.280147836,-0.37083187,0.420169805,Sesame,31-05-2023,Field_77,0.4504050387543712,0.38929656234423743,-0.4504050387543712,2.3073803037405014,0.21916289528584687,22.360686147780655,5.219434681,29.26695997,21.03765836,31.08942445
0.326392658,0.227453562,-0.326392658,0.341137005,Sesame,15-06-2023,Field_77,0.38670407039408855,0.32936493504493286,-0.38670407039408855,2.2715027034282684,0.18806982864603633,20.385161790393624,12.22916933,32.07438035,29.43566132,41.75163646
0.585175394,0.647222039,-0.585175394,0.970690843,Sesame,28-09-2023,Field_77,0.4504050387543712,0.38929656234423743,-0.4504050387543712,2.388612151145935,0.21916289528584687,22.68861568995885,15.87374214,14.57276019,16.49376938,55.92966594
0.610305847,0.665008313,-0.610305847,0.997371361,Sesame,13-10-2023,Field_77,0.38670407039408855,0.32936493504493286,-0.38670407039408855,2.2396043092012405,0.18806982864603633,19.723251006716794,8.741706391,13.10784044,19.9385903,42.20024225
0.501869669,0.516517531,-0.501869669,0.774668643,Sesame,28-10-2023,Field_77,0.4504050387543712,0.38929656234423743,-0.4504050387543712,2.388612151145935,0.21916289528584687,22.68861568995885,14.71564479,20.1615833,27.77096038,51.53750228
0.506160261,0.459332057,-0.506160261,0.688901947,Sesame,11-12-2023,Field_77,0.38670407039408855,0.32936493504493286,-0.38670407039408855,2.651433989405632,0.18806982864603633,19.54122913905553,7.148028967,20.52651498,6.678210135,35.88846313
0.453357601,0.386380478,-0.453357601,0.579482334,Sesame,27-11-2023,Field_77,0.4504050387543712,0.38929656234423743,-0.4504050387543712,2.3809850215911865,0.21916289528584687,22.812274778456924,13.97431196,23.96789487,19.06529345,46.86365592
0.405897731,0.351239475,-0.405897731,0.526776234,Sesame,12-12-2023,Field_77,0.38670407039408855,0.32936493504493286,-0.38670407039408855,2.09421905875206,0.18806982864603633,19.66590171087364,6.417985471,26.75029392,12.34228433,33.29072263
0.429262912,0.3622455894947052,-0.429262912,0.543280641,Sesame,27-12-2023,Field_77,0.4504050387543712,0.38929656234423743,-0.4504050387543712,2.3809850215911865,0.21916289528584687,22.812274778456924,6.461261246,25.44476146,14.28586182,33.34288609
0.524099827,0.483129313,-0.524099827,0.724568173,Sesame,01-01-2023,Field_78,0.49986389645227547,0.49142853417138743,-0.49986389645227547,1.5450729355216026,0.27162194814364243,22.37595383780348,7.318309731,19.36740393,19.5016076,36.52485739
0.504163535,0.456841385,-0.504163535,0.685146059,Sesame,16-01-2023,Field_78,0.5041597031847266,0.45683575395141024,-0.5041597031847266,0.6831245347857475,0.256737636614117,21.205981645130066,7.131094968,20.65391343,19.97587343,35.82586697
0.479632938,0.437331418,-0.479632938,0.655889876,Sesame,31-01-2023,Field_78,0.4741560390977043,0.4400683402313394,-0.4741560390977043,1.4144206903874874,0.2462376968456612,22.577727163405655,7.014438533,22.1058058,18.60967263,35.46072272
0.491057919,0.42075058,-0.491057919,0.631026937,Sesame,15-02-2023,Field_78,0.5041597031847266,0.45683575395141024,-0.5041597031847266,0.7424573190510273,0.256737636614117,21.053810646420516,6.838513103,21.69173433,15.85105083,34.63653999
0.573378022,0.475269251,-0.573378022,0.712794771,Sesame,03-02-2023,Field_78,0.5240966732822806,0.48312520559393923,-0.5240966732822806,1.3095458298921585,0.26724296543178094,21.946767107645655,7.132976524,16.93131775,21.56568831,35.45029003
0.43753023,0.377300035,-0.43753023,0.565863594,Sesame,17-03-2023,Field_78,0.5041597031847266,0.45683575395141024,-0.5041597031847266,0.6237917505204678,0.256737636614117,21.414860616411488,13.96678574,24.86884703,28.42633353,46.75932899
0.393440851,0.309855573,-0.393440851,0.464714774,Sesame,04-01-2023,Field_78,0.5240966732822806,0.48312520559393923,-0.5240966732822806,1.2146273665130138,0.26724296543178094,21.66063738323396,6.077423944,27.80904521,24.53373559,31.8823091
0.338192518,0.253420019,-0.338192518,0.380073137,Sesame,16-04-2023,Field_78,0.5041597031847266,0.45683575395141024,-0.5041597031847266,0.6831245347857475,0.256737636614117,21.205981645130066,5.702994419,31.20663579,31.36472393,30.56778981
0.362012764,0.271870493888855,-0.362012764,0.407593254,Sesame,05-01-2023,Field_78,0.5240966732822806,0.48312520559393923,-0.5240966732822806,1.1055521480739117,0.26724296543178094,21.442310632978206,12.90464772,29.80183749,19.0806694,43.2852423
0.316378998,0.205614034,-0.316378998,0.308375286,Sesame,16-05-2023,Field_78,0.5041597031847266,0.45683575395141024,-0.5041597031847266,0.6831245347857475,0.256737636614117,21.205981645130066,5.326683339,32.80876597,23.20295477,29.06548206
0.273410208,0.166332908,-0.273410208,0.249461907,Sesame,31-05-2023,Field_78,0.4741560390977043,0.4400683402313394,-0.4741560390977043,1.4144206903874874,0.2462376968456612,22.577727163405655,5.077377249,35.40411335,26.18125761,28.22043394
0.2558406591415405,0.143464957,-0.2558406591415405,0.215165188,Sesame,15-06-2023,Field_78,0.5041597031847266,0.45683575395141024,-0.5041597031847266,0.7424573190510273,0.256737636614117,21.053810646420516,11.73526103,36.53483876,42.65291668,39.34168443
0.620295912,0.68312944,-0.620295912,1.024554818,Sesame,28-09-2023,Field_78,0.4741560390977043,0.4400683402313394,-0.4741560390977043,1.3669703770428896,0.2462376968456612,22.54549696786063,19.07238632,12.41263528,32.20607019,58.53783913
0.639393539,0.688485854,-0.639393539,1.032586297,Sesame,13-10-2023,Field_78,0.5041597031847266,0.45683575395141024,-0.5041597031847266,0.7934071235358715,0.256737636614117,20.893364706493514,8.882823046,11.38272262,28.70526527,42.64884804
0.580078672,0.597537449,-0.580078672,0.896175094,Sesame,28-10-2023,Field_78,0.4741560390977043,0.4400683402313394,-0.4741560390977043,1.3669703770428896,0.2462376968456612,22.54549696786063,8.209226213,15.34044356,36.09356932,40.07197293
0.522699236869812,0.512648158,-0.522699236869812,0.768862638,Sesame,11-12-2023,Field_78,0.5240966732822806,0.48312520559393923,-0.5240966732822806,0.8686465136706829,0.26724296543178094,20.790142131987125,14.3186366,19.13745182,24.35951628,50.84894456
0.573940309,0.541967605,-0.573940309,0.812837489,Sesame,27-11-2023,Field_78,0.4741560390977043,0.4400683402313394,-0.4741560390977043,1.4260385744273663,0.2462376968456612,22.62826250167126,14.95366155,16.22142302,26.14175783,51.52706959
0.569887264,0.590541272,-0.569887264,0.885667397,Sesame,12-12-2023,Field_78,0.5240966732822806,0.48312520559393923,-0.5240966732822806,0.7557872049510479,0.26724296543178094,20.784926078433045,8.170654327,15.93231246,20.7721109,39.95721331
0.566788782,0.57095669,-0.566788782,0.856291277,Sesame,27-12-2023,Field_78,0.4741560390977043,0.4400683402313394,-0.4741560390977043,1.4260385744273663,0.2462376968456612,22.62826250167126,8.003195896,16.29054942,23.42827863,39.2477902
0.209638122,0.180654707,-0.209638122,0.270953075,Pulses,16-01-2023,Field_79,0.2095518294536337,0.18054686068549636,-0.2095518294536337,3.9671961963176727,0.1321986279878588,15.151520847138897,5.35490667,38.51432805,10.39775573,29.77490516
0.238578469,0.20993463,-0.238578469,0.314867769,Pulses,31-01-2023,Field_79,0.238478923967115,0.20981353972630798,-0.238478923967115,1.798977553844452,0.15299775579952407,18.1994138263521,5.548706876,36.7374753,6.581249121,30.45303019
0.215925555,0.173374548,-0.215925555,0.260033733,Pulses,15-02-2023,Field_79,0.2095518294536337,0.18054686068549636,-0.2095518294536337,3.9157682359218597,0.1321986279878588,14.740072504679404,5.274940566,38.26761562,6.295595559,29.39932822
0.225831268,0.183608907,-0.225831268,0.275379005,Pulses,03-02-2023,Field_79,0.21921794447078208,0.1778398550357798,-0.21921794447078208,3.762017384171486,0.13640310922095353,14.300486183166527,12.36370054,37.6572644,7.990538402,41.70990569
0.194726986,0.137965482,-0.194726986,0.206923653,Pulses,17-03-2023,Field_79,0.2095518294536337,0.18054686068549636,-0.2095518294536337,4.211556434631348,0.1321986279878588,15.627042071024562,11.92341657,39.71173553,23.22465849,40.18673255
0.193775547,0.140235734,-0.193775547,0.210330004,Pulses,04-01-2023,Field_79,0.21410680262670106,0.17924195807303067,-0.21410680262670106,3.8541849851608276,0.1419997955494276,14.178779356820257,5.031279141,39.73713436,14.16384568,28.46038588
0.187665864,0.123423469,-0.187665864,0.1851169317960739,Pulses,16-04-2023,Field_79,0.2095518294536337,0.18054686068549636,-0.2095518294536337,3.9671961963176727,0.1321986279878588,15.151520847138897,4.894866375,40.22082304,23.60456342,27.97004931
0.185429673,0.144744429,-0.185429673,0.217094776,Pulses,05-01-2023,Field_79,0.21410680262670106,0.17924195807303067,-0.21410680262670106,3.9257771521806717,0.1419997955494276,14.11399962107339,12.158611297607422,40.11726444,10.52402793,40.72923257
0.169450055,0.115722088,-0.169450055,0.173566823,Pulses,16-05-2023,Field_79,0.2095518294536337,0.18054686068549636,-0.2095518294536337,3.9671961963176727,0.1321986279878588,15.151520847138897,4.869465377,41.22965507,20.87590226,28.2830301
0.168462527,0.111053878,-0.168462527,0.166565064,Pulses,31-05-2023,Field_79,0.238478923967115,0.20981353972630798,-0.238478923967115,1.798977553844452,0.15299775579952407,18.1994138263521,4.829952713,41.3277584,26.48282274,28.31432818
0.125516098,0.070365894,-0.125516098,0.105538395,Pulses,15-06-2023,Field_79,0.2095518294536337,0.18054686068549636,-0.2095518294536337,3.9157682359218597,0.1321986279878588,14.740072504679404,11.60543371,43.93633204,34.29703681,40.76053065
0.038725659251213074,0.04135756939649582,-0.038725659251213074,0.062036309,Pulses,29-08-2023,Field_79,0.238478923967115,0.20981353972630798,-0.238478923967115,2.715422421693802,0.15299775579952407,18.312604250226684,11.18866919,48.66448948,33.31892155,41.9811557
0.224600934,0.203133009,-0.224600934,0.304663017,Pulses,13-10-2023,Field_79,0.20988800836606167,0.1839560645010108,-0.20988800836606167,3.000406175851822,0.13871987550967063,13.995043463934053,5.520483545,37.52069341,13.29397585,30.41129942
0.229771388,0.182803255,-0.229771388,0.274171522,Pulses,28-10-2023,Field_79,0.18105515006651374,0.1700837557881745,-0.18105515006651374,2.715422421693802,0.12841894477774332,18.333239945911203,12.25268877,37.46429266,21.31551001,41.5534153
0.157643741,0.121965762,-0.157643741,0.182931247,Pulses,11-12-2023,Field_79,0.20988800836606167,0.1839560645010108,-0.20988800836606167,3.572366327047348,0.13871987550967063,13.820566704159774,4.953194592,41.76877123,13.76112624,28.44995318
0.194305302,0.13285262,-0.194305302,0.199257672,Pulses,27-11-2023,Field_79,0.18105515006651374,0.1700837557881745,-0.18105515006651374,4.251441150903702,0.12841894477774332,18.266765803382498,12.40791709,39.78548558,13.39727902,40.27019409
0.184864881,0.131074032,-0.184864881,0.196587832,Pulses,12-12-2023,Field_79,0.20988800836606167,0.1839560645010108,-0.20988800836606167,3.286386251449585,0.13871987550967063,13.838677706037345,4.970128591,40.28571922,14.58794567,28.25173202
0.128467162,0.102406362,-0.128467162,0.153593671,Pulses,27-12-2023,Field_79,0.18105515006651374,0.1700837557881745,-0.18105515006651374,4.251441150903702,0.12841894477774332,18.266765803382498,11.8970748,43.45841258,11.6393317,40.78139604
0.664826082,0.749457692,-0.664826082,1.124051309,Pulses,01-01-2023,Field_80,0.557387457784031,0.6421872507311999,-0.557387457784031,4.2514432072639465,0.43382874474913063,15.630034473964145,9.36826434,9.461328123,8.231628394,44.61019428
0.706049314,0.778483731,-0.706049314,1.167589048,Pulses,16-01-2023,Field_80,0.6963154214714662,0.7760962194437814,-0.6963154214714662,5.188494473695755,0.524339821722433,16.2589252835229,9.530078104,7.059850434,9.874995733,43.96336733
0.59576376,0.687775236,-0.59576376,1.031549189,Pulses,31-01-2023,Field_80,0.7267550303755426,0.7942099658721362,-0.7267550303755426,8.877426862716675,0.5369581320030765,18.575744974045563,8.978782372,13.61790726,6.824039816,43.30610769
0.720074895,0.761737774,-0.720074895,1.142463556,Pulses,15-02-2023,Field_80,0.6963154214714662,0.7760962194437814,-0.6963154214714662,5.598924905061722,0.524339821722433,15.939326131911514,9.34756723,6.514667279,12.44146017,43.81730963
0.620247274,0.585639005,-0.620247274,0.878346816,Pulses,03-02-2023,Field_80,0.557387457784031,0.6421872507311999,-0.557387457784031,4.664500579237938,0.43382874474913063,15.349936285473063,8.008840563,13.41077649,11.55232112,38.97654019
0.495468696,0.39229344,-0.495468696,0.588352681,Pulses,17-03-2023,Field_80,0.6963154214714662,0.7760962194437814,-0.6963154214714662,4.778064042329788,0.524339821722433,16.637790071396637,13.92256919,21.75712997,27.48922547,46.40461744
0.316857122,0.193201274,-0.316857122,0.289764826,Pulses,04-01-2023,Field_80,0.6648245487402542,0.7494553383597721,-0.6648245487402542,4.833828330039978,0.514461713977635,15.287497502281553,5.214730793,32.91112079,11.32775002,28.58557819
0.271468923,0.161171898,-0.271468923,0.241724026,Pulses,16-04-2023,Field_80,0.6963154214714662,0.7760962194437814,-0.6963154214714662,5.188494473695755,0.524339821722433,16.2589252835229,5.035042252,35.55595261,16.1195463,28.05351086
0.274513403,0.173151883,-0.274513403,0.259687389,Pulses,05-01-2023,Field_80,0.6963154214714662,0.7760962194437814,-0.6963154214714662,4.998872265219688,0.524339821722433,15.317589650835316,5.135705466,35.2781381,9.283681707,28.47081857
0.244855872,0.147505257,-0.244855872,0.221225438,Pulses,16-05-2023,Field_80,0.6963154214714662,0.7760962194437814,-0.6963154214714662,5.188494473695755,0.524339821722433,16.2589252835229,12.10028278,37.05450702,16.48186341,39.87375176
0.268637699,0.161347452,-0.268637699,0.241986206,Pulses,31-05-2023,Field_80,0.7267550303755426,0.7942099658721362,-0.7267550303755426,8.877426862716675,0.5369581320030765,18.575744974045563,5.043509251,35.69873435,20.4045557,28.10567432
0.246778122,0.133355971,-0.246778122,0.200006313,Pulses,15-06-2023,Field_80,0.6963154214714662,0.7760962194437814,-0.6963154214714662,5.598924905061722,0.524339821722433,15.939326131911514,4.845005157,37.10085337,30.34082194,27.36495313
0.614488787,0.662925212,-0.614488787,0.994275742,Pulses,29-08-2023,Field_80,0.5957632321683931,0.68777413232004,-0.5957632321683931,8.71847665309906,0.49251777889385606,18.637357784452888,16.21524444,12.91551571,28.03930068,56.26351211
0.614488787,0.662925212,-0.614488787,0.994275742,Pulses,13-09-2023,Field_80,0.6963154214714662,0.7760962194437814,-0.6963154214714662,5.952405661344528,0.524339821722433,15.163500495184053,15.64607393,12.91551571,10.63277834,55.95053132
0.406041754,0.327947969,-0.406041754,0.491848825,Pulses,13-10-2023,Field_80,0.6963154214714662,0.7760962194437814,-0.6963154214714662,5.952405661344528,0.524339821722433,15.163500495184053,6.209132822,26.98081269,19.73494114,32.38307836
0.366373585,0.272020208,-0.366373585,0.407964537,Pulses,28-10-2023,Field_80,0.5957632321683931,0.68777413232004,-0.5957632321683931,8.640458539128304,0.49251777889385606,18.651971344720778,5.802716855,29.57762593,29.78828099,30.84947252
0.381408978,0.285246842,-0.381408978,0.427796128,Pulses,11-12-2023,Field_80,0.6963154214714662,0.7760962194437814,-0.6963154214714662,5.744551628828049,0.524339821722433,14.915299079531735,12.6393484,28.67477109,12.8156794,43.34783846
0.353043648,0.314604746,-0.353043648,0.471832125,Pulses,27-11-2023,Field_80,0.5957632321683931,0.68777413232004,-0.5957632321683931,9.029820531606674,0.49251777889385606,18.760830861046202,8.854599715,29.82340024,22.02307502,43.12875191
0.521889905,0.589230551,-0.521889905,0.883719742,Pulses,12-12-2023,Field_80,0.6963154214714662,0.7760962194437814,-0.6963154214714662,5.8484786450862885,0.524339821722433,14.99034135001051,8.272258319,18.39665363,9.315554855,40.65620372
0.521889905,0.589230551,-0.521889905,0.883719742,Pulses,27-12-2023,Field_80,0.5957632321683931,0.68777413232004,-0.5957632321683931,9.029820531606674,0.49251777889385606,18.760830861046202,8.272258319,18.39665363,7.077692517,40.65620372
0.290529096,0.24116019904613495,-0.290529096,0.361677897,Pulses,01-01-2023,Field_81,0.2771053564644854,0.23363304958077644,-0.2771053564644854,0.16064037755131721,0.13408141825251602,21.205811073666553,5.705816752,33.76574639,7.028183008,30.83903983
0.297644384,0.240910109,-0.297644384,0.361303692,Pulses,16-01-2023,Field_81,0.2794788051729874,0.22350909551562884,-0.2794788051729874,0.05179708078503609,0.1259630946838604,20.000403613135973,5.687001198,33.40496285,7.29342851,30.72428021
0.305948378,0.245825042,-0.305948378,0.368673035,Pulses,31-01-2023,Field_81,0.2763617099148666,0.22145948599335044,-0.2763617099148666,0.0,0.12649146811252004,21.663937868390803,13.0024886,32.93072905,5.198502396,43.21221345
0.30156442,0.229592305,-0.30156442,0.344329807,Pulses,15-02-2023,Field_81,0.2976402501435918,0.24090510957842914,-0.2976402501435918,0.07769562117755413,0.1369084517065552,20.270956293741847,5.57598943,33.32037598,9.647279136,30.22351095
0.268866917,0.207978607,-0.268866917,0.31192012,Pulses,03-02-2023,Field_81,0.2771053564644854,0.23363304958077644,-0.2771053564644854,0.2124374583363533,0.13408141825251602,21.32714401426773,5.460273773,35.21079137,11.57187714,29.90009748
0.299030182,0.247669237,-0.299030182,0.371446259,Pulses,17-03-2023,Field_81,0.2794788051729874,0.22350909551562884,-0.2794788051729874,0.025898540392518044,0.1259630946838604,19.79480737050386,12.91405549,33.26516781,26.97400732,43.33740576
0.29293115,0.232497516,-0.29293115,0.348696004,Pulses,04-01-2023,Field_81,0.2771053564644854,0.23363304958077644,-0.2771053564644854,0.23833599872887135,0.13408141825251602,21.32626354580833,5.622087537,33.73155792,7.140760979,30.47389558
0.28739795088768005,0.217933601,-0.28739795088768005,0.326855306,Pulses,16-04-2023,Field_81,0.2794788051729874,0.22350909551562884,-0.2794788051729874,0.05179708078503609,0.1259630946838604,20.000403613135973,5.505431102,34.16284677,20.13875421,29.99399171
0.28322112560272217,0.209583076,-0.28322112560272217,0.314332109,Pulses,05-01-2023,Field_81,0.290525305126176,0.24115567030659743,-0.290525305126176,0.23833599872887135,0.13536644066791875,21.300645128885947,12.2470441,34.46141631,7.958101803,41.75163646
0.271949227,0.210006279,-0.271949227,0.314968979,Pulses,16-05-2023,Field_81,0.2794788051729874,0.22350909551562884,-0.2794788051729874,0.05179708078503609,0.1259630946838604,20.000403613135973,12.95544971,35.03268682,28.78369561,42.33586726
0.295974123,0.229068744,-0.295974123,0.343557907,Pulses,31-05-2023,Field_81,0.2763617099148666,0.22145948599335044,-0.2763617099148666,0.0,0.12649146811252004,21.663937868390803,5.584456429,33.61118808,21.14969025,30.2965398
0.176030066,0.147767077,-0.176030066,0.221596235,Pulses,15-06-2023,Field_81,0.2976402501435918,0.24090510957842914,-0.2976402501435918,0.07769562117755413,0.1369084517065552,20.270956293741847,12.52081041,40.56637952,26.78620106,41.18827105
0.355221359,0.354123558,-0.355221359,0.531113049,Pulses,28-09-2023,Field_81,0.2794788051729874,0.22350909551562884,-0.2794788051729874,0.0,0.1259630946838604,20.848272032964815,13.92445074,29.30859615,27.34497894,47.12447324
0.329602316,0.329324017,-0.329602316,0.493919293,Pulses,13-10-2023,Field_81,0.2976402501435918,0.24090510957842914,-0.2976402501435918,0.12949270196259022,0.1369084517065552,20.692187018621553,6.401992251,30.87009107,29.55687667,33.63500149
0.340463057,0.313651312,-0.340463057,0.470405963,Pulses,28-10-2023,Field_81,0.2794788051729874,0.22350909551562884,-0.2794788051729874,0.0,0.1259630946838604,20.848272032964815,6.236415375,30.47555753,15.54369097,32.86298222
0.319107182,0.275674818,-0.319107182,0.413451436,Pulses,11-12-2023,Field_81,0.2976402501435918,0.24090510957842914,-0.2976402501435918,0.17303002066910267,0.1369084517065552,20.55003564017153,5.946655844,31.95393097,13.38520094,31.72581871
0.356345441,0.301243381,-0.356345441,0.451792087,Pulses,27-11-2023,Field_81,0.2794788051729874,0.22350909551562884,-0.2794788051729874,0.0,0.1259630946838604,20.737870016552108,12.67886107,29.7912542,23.92495704,44.38067504
0.296391052,0.290254307,-0.296391052,0.435316537,Pulses,12-12-2023,Field_81,0.2976402501435918,0.24090510957842914,-0.2976402501435918,0.15126136131584644,0.1369084517065552,20.641592280069915,6.130107495,32.96501738,10.14163213,32.64389568
0.313604195,0.296363448,-0.313604195,0.444471821,Pulses,27-12-2023,Field_81,0.2794788051729874,0.22350909551562884,-0.2794788051729874,0.0,0.1259630946838604,20.737870016552108,6.144219161,32.02364717,5.562849422,32.6125976
0.719598192,0.717100143,-0.719598192,1.075509707,Millets,01-01-2023,Field_82,0.6769591005132175,0.6839240784991996,-0.6769591005132175,2.1059607937932014,0.44933405670275706,12.440738296508812,8.949618263,6.994888352,13.59468449,42.50279034
0.693340481,0.688770775,-0.693340481,1.03302161,Millets,16-01-2023,Field_82,0.6469506656606322,0.651407687561161,-0.6469506656606322,0.27275338768959045,0.4310056698981392,13.638191931588324,8.75864039,8.625046124,11.22721263,41.81423262
0.672548189,0.668755298,-0.672548189,1.002994957,Millets,31-01-2023,Field_82,0.6360498184770569,0.6388016872722412,-0.6360498184770569,0.0,0.4099487121373025,15.151521573747914,15.34596585,9.891206937,14.80866564,55.09505052
0.640112271,0.622915019,-0.640112271,0.934248959,Millets,15-02-2023,Field_82,0.6469506656606322,0.651407687561161,-0.6469506656606322,0.4091300815343857,0.4310056698981392,13.493141701107959,8.294836984,12.0156877,10.08422643,40.1137037
0.55584983,0.48623496294021606,-0.55584983,0.729250269,Millets,03-02-2023,Field_82,0.6743554515617602,0.6812097134650065,-0.6743554515617602,2.317462544888258,0.45217988195134956,12.886278361365953,7.272211623,17.71439244,12.35079777,36.14928045
0.34892956,0.290752969,-0.34892956,0.436070718,Millets,17-03-2023,Field_82,0.6469506656606322,0.651407687561161,-0.6469506656606322,0.13637669384479523,0.4310056698981392,13.615939485459137,3.102684856,30.27707878,17.27782769,42.2732711
0.437784631,0.345064449,-0.437784631,0.5175315141677856,Millets,04-01-2023,Field_82,0.6743554515617602,0.6812097134650065,-0.6743554515617602,2.3925876021385193,0.45217988195134956,13.100386964707184,6.288158149,25.18507419,9.16200694,32.55000144
0.381025161,0.280791592,-0.381025161,0.421122755,Millets,16-04-2023,Field_82,0.6469506656606322,0.651407687561161,-0.6469506656606322,0.27275338768959045,0.4310056698981392,13.638191931588324,5.846933407,28.7398714,25.99311892,30.95379945
0.097588063,0.122777109,-0.097588063,0.184145209,Millets,05-01-2023,Field_82,0.6743554515617602,0.6812097134650065,-0.6743554515617602,2.3313359655439854,0.45217988195134956,13.263169542948447,5.100896691,44.82719046,14.61087459,29.38889553
0.403522908,0.305515358,-0.403522908,0.458225364,Millets,16-05-2023,Field_82,0.6469506656606322,0.651407687561161,-0.6469506656606322,0.27275338768959045,0.4310056698981392,13.638191931588324,13.27625491,27.33853739,12.63734092,44.14072311
0.48083426,0.457608036,-0.48083426,0.686346131,Millets,31-05-2023,Field_82,0.6360498184770569,0.6388016872722412,-0.6360498184770569,0.0,0.4099487121373025,15.151521573747914,7.192245519,21.83737848,10.25173417,36.2223093
0.460066277,0.413541131,-0.460066277,0.62024923,Millets,15-06-2023,Field_82,0.6469506656606322,0.651407687561161,-0.6469506656606322,0.4091300815343857,0.4310056698981392,13.493141701107959,6.846980103,23.34793224,27.83295585,34.84519385
0.564514321,0.583990113,-0.564514321,0.875889017,Millets,14-08-2023,Field_82,0.6469506656606322,0.651407687561161,-0.6469506656606322,0.5455067753791809,0.4310056698981392,13.202301915486657,15.57269327,16.27358459,26.62569167,53.64490622
0.524879026,0.513209492,-0.524879026,0.76972557,Millets,29-08-2023,Field_82,0.6360498184770569,0.6388016872722412,-0.6360498184770569,0.0,0.4099487121373025,14.769461114065962,7.585490598,19.02040956,29.22385974,37.68288628
0.584153533,0.563700899,-0.584153533,0.845355815,Millets,13-09-2023,Field_82,0.6469506656606322,0.651407687561161,-0.6469506656606322,0.6818834692239761,0.4310056698981392,12.948854382832849,14.65543502,15.47793177,17.1609929,52.03827153
0.511261158,0.473889461,-0.511261158,0.710745547,Millets,28-09-2023,Field_82,0.6360498184770569,0.6388016872722412,-0.6360498184770569,0.0,0.4099487121373025,14.6772922152565,7.266566957,20.11736792,12.84731138,36.36836699
0.470434022,0.385050247,-0.470434022,0.577500096,Millets,13-10-2023,Field_82,0.6469506656606322,0.651407687561161,-0.6469506656606322,0.6818834692239761,0.4310056698981392,12.948854382832849,6.568509904,23.10948368,10.19658341,33.58283802
0.429462033,0.317938886,-0.429462033,0.476844133,Millets,28-10-2023,Field_82,0.6360498184770569,0.6388016872722412,-0.6360498184770569,0.0,0.4099487121373025,14.6772922152565,13.28942579,25.88709238,27.77490385,44.21375196
0.425268649,0.328904275,-0.425268649,0.493291415,Millets,11-12-2023,Field_82,0.6743554515617602,0.6812097134650065,-0.6743554515617602,1.2681625038385391,0.45217988195134956,12.66723476591568,6.172442492,25.98923674,5.956764449,32.12226104
0.275782719,0.253383181,-0.275782719,0.380029663,Millets,27-11-2023,Field_82,-0.07727045945989056,-0.04547490157652619,0.07727045945989056,0.0,-0.05429902018584972,14.557990691775387,12.73530773,34.39392912,18.56042387,43.82774232
0.540223161,0.495283352,-0.540223161,0.74281432,Millets,12-12-2023,Field_82,0.6469506656606322,0.651407687561161,-0.6469506656606322,0.9750229865312576,0.4310056698981392,12.745915894281325,7.389808836,18.41994837,9.620786646,36.74394393
0.649122045,0.617939402,-0.649122045,0.926778383,Millets,27-12-2023,Field_82,-0.07727045945989056,-0.04547490157652619,0.07727045945989056,0.0,-0.05429902018584972,14.557990691775387,8.229923322,11.60642462,5.950935888,39.77985753
0.506798962,0.502442624,-0.506798962,0.753546258,Millets,01-01-2023,Field_83,0.500744333538055,0.49867713319774115,-0.500744333538055,0.050105659025056024,0.29896200402949047,20.925310934157665,7.531866269,20.05361733,13.9073947,37.54726128
0.537942327,0.516390678,-0.537942327,0.774468472,Millets,16-01-2023,Field_83,0.5422862349920597,0.5151086721639112,-0.5422862349920597,0.04099809458213193,0.3032839887441687,19.709294982183565,7.583609042,18.32085128,6.530646043,37.59942474
0.556442999,0.528239872,-0.556442999,0.792226655,Millets,31-01-2023,Field_83,0.520815987746383,0.4892748564703611,-0.520815987746383,0.0,0.2787039896341059,21.290646852765803,15.00540432,17.25511179,14.44590141,51.29755035
0.505656386,0.454227394,-0.505656386,0.681225062,Millets,15-02-2023,Field_83,0.537911166014691,0.5163467261987801,-0.537911166014691,0.0614971418731979,0.3097102519774952,19.971360869634736,7.103812415,20.6043783,6.044313592,35.70067466
0.408877011,0.34763051,-0.408877011,0.521363822,Millets,03-02-2023,Field_83,0.500744333538055,0.49867713319774115,-0.500744333538055,0.09110375360718795,0.29896200402949047,21.025979114714175,6.378472808,26.63501672,6.504497594,33.10293416
0.445204111,0.359103241,-0.445204111,0.538573681,Millets,17-03-2023,Field_83,0.5422862349920597,0.5151086721639112,-0.5422862349920597,0.020499047291065966,0.3032839887441687,19.51571394602456,13.10032948,24.66282671,16.73180338,45.4552424
0.422075511,0.344354397,-0.422075511,0.516452115,Millets,04-01-2023,Field_83,0.500744333538055,0.49867713319774115,-0.500744333538055,0.11160280089825393,0.29896200402949047,21.022436350867963,6.318263035,25.9945022,10.02870216,32.76908799
0.412975178,0.338531228,-0.412975178,0.507727581,Millets,16-04-2023,Field_83,0.5422862349920597,0.5151086721639112,-0.5422862349920597,0.04099809458213193,0.3032839887441687,19.709294982183565,6.288158149,26.51867628,9.16384497,32.68562645
0.386661992,0.307179709,-0.386661992,0.460711391,Millets,05-01-2023,Field_83,0.5067717414938386,0.502405437604457,-0.5067717414938386,0.11160280089825393,0.29617641997713334,20.990499342055614,6.069897722,28.18253163,5.272941858,31.8927418
0.355363158,0.259893672,-0.355363158,0.389792229,Millets,16-05-2023,Field_83,0.5422862349920597,0.5151086721639112,-0.5422862349920597,0.04099809458213193,0.3032839887441687,19.709294982183565,12.45307442,30.26371324,24.89017791,42.66971343
0.364610581,0.253910145,-0.364610581,0.380815702,Millets,31-05-2023,Field_83,0.520815987746383,0.4892748564703611,-0.520815987746383,0.0,0.2787039896341059,21.290646852765803,5.64560698,29.85260845,20.79664499,30.18178018
0.253938959,0.195439555,-0.253938959,0.293097928,Millets,15-06-2023,Field_83,0.537911166014691,0.5163467261987801,-0.537911166014691,0.0614971418731979,0.3097102519774952,19.971360869634736,12.21129455,36.10113792,26.52637106,41.63687684
0.541475463,0.606073231,-0.541475463,0.908981897,Millets,28-09-2023,Field_83,0.5422862349920597,0.5151086721639112,-0.5422862349920597,0.0,0.3032839887441687,20.490576952979666,6.104706497,17.22451725,29.12110485,51.43317535
0.016366101801395416,0.073525315,-0.016366101801395416,0.11027694493532181,Millets,13-10-2023,Field_83,0.537911166014691,0.5163467261987801,-0.537911166014691,0.10249523645532983,0.3097102519774952,20.368776257832906,4.852531378,49.47774113,13.23539907,30.80774175
0.535619967,0.541035592,-0.535619967,0.811433885,Millets,28-10-2023,Field_83,0.5422862349920597,0.5151086721639112,-0.5422862349920597,0.0,0.3032839887441687,20.490576952979666,7.80939569,18.18774568,11.99445032,38.58009786
0.519371735,0.492227621,-0.519371735,0.738242703,Millets,11-12-2023,Field_83,0.537911166014691,0.5163467261987801,-0.537911166014691,0.10613826223249946,0.3097102519774952,20.208785175141884,7.411446723,19.51592113,13.34917543,36.95259779
0.552532702,0.519957324,-0.552532702,0.779825054,Millets,27-11-2023,Field_83,0.5422862349920597,0.5151086721639112,-0.5422862349920597,0.0,0.3032839887441687,20.393201582772406,14.41647748,17.53937722,16.15767729,50.71331955
0.495265486,0.498848466,-0.495265486,0.748157996,Millets,12-12-2023,Field_83,0.537911166014691,0.5163467261987801,-0.537911166014691,0.10431674934391463,0.3097102519774952,20.306561588105694,7.52716238,20.6792737,9.919882082,37.58899205
0.484134786,0.474431631,-0.484134786,0.711534321308136,Millets,27-12-2023,Field_83,0.5422862349920597,0.5151086721639112,-0.5422862349920597,0.0,0.3032839887441687,20.393201582772406,7.335243729,21.49702197,13.38390283,36.81697278
0.518912802,0.54791799,-0.518912802,0.821758233,Millets,16-01-2023,Field_84,0.5138656642728407,0.544300555038344,-0.5138656642728407,5.8126728013157845,0.3184313114703604,13.41866300673712,15.39112318,18.97059749,5.909900817,52.86245426
0.554799746,0.604943594,-0.554799746,0.907269184,Millets,31-01-2023,Field_84,0.6487530843972764,0.6697925721177654,-0.6487530843972764,5.987399615347385,0.37115335453250664,16.010914012364026,8.335290425,16.55565796,7.332423009,40.75009796
0.629235192,0.641884683,-0.629235192,0.962679466,Millets,15-02-2023,Field_84,0.5138656642728407,0.544300555038344,-0.5138656642728407,6.249243766069412,0.3184313114703604,13.042539487566216,8.490518745,12.37738409,7.374559164,41.01091528
0.56127057,0.581039467,-0.56127057,0.871433968,Millets,03-02-2023,Field_84,0.04529032735833884,0.045727521422172596,-0.04529032735833884,5.53661935031414,0.04519623033294318,12.56029831114273,8.106681444,16.46935928,10.66461205,39.72769407
0.582971743,0.582980455,-0.582971743,0.87433148,Millets,17-03-2023,Field_84,0.5138656642728407,0.544300555038344,-0.5138656642728407,5.472837068140507,0.3184313114703604,13.8551856722151,15.02704221,15.34137947,22.50512553,53.00851196
0.394136183,0.357447519,-0.394136183,0.536098467,Millets,04-01-2023,Field_84,0.0375922194080348,0.02211519226279846,-0.0375922194080348,5.882045865058899,0.025111732451334787,12.51333920615059,4.721763278,27.28748795,12.42381039,33.70803034
0.349776583,0.273872805,-0.349776583,0.4107612073421478,Millets,16-04-2023,Field_84,0.5138656642728407,0.544300555038344,-0.5138656642728407,5.8126728013157845,0.3184313114703604,13.41866300673712,5.85822274,30.40622107,12.67939087,31.18331869
0.393588316,0.347862449,-0.393588316,0.521724897,Millets,05-01-2023,Field_84,0.043103824194700664,0.03223918563809555,-0.043103824194700664,6.022636875510216,0.03515373302746155,12.448832675388871,13.57071833,27.41335556,13.69605437,46.09163666
0.400644798,0.338600349,-0.400644798,0.507846514,Millets,16-05-2023,Field_84,0.5138656642728407,0.544300555038344,-0.5138656642728407,5.8126728013157845,0.3184313114703604,13.41866300673712,6.317322258,27.14761341,13.19117922,32.88384761
0.404344546,0.387827565,-0.404344546,0.581679634,Millets,31-05-2023,Field_84,0.6487530843972764,0.6697925721177654,-0.6487530843972764,5.987399615347385,0.37115335453250664,16.010914012364026,6.749139222,26.45593677,12.91164043,34.72000154
0.383567277,0.363745728,-0.383567277,0.545560599,Millets,15-06-2023,Field_84,0.5138656642728407,0.544300555038344,-0.5138656642728407,6.249243766069412,0.3184313114703604,13.042539487566216,6.582621569,27.76285971,32.25721788,34.12533805
0.685835762,0.750451874,-0.685835762,1.125544472,Millets,29-08-2023,Field_84,0.6487530843972764,0.6697925721177654,-0.6487530843972764,6.323427185416222,0.37115335453250664,16.09228477478024,16.37893976,8.37832854,34.91344014,58.60043529
0.676711847,0.756246664,-0.676711847,1.134227895,Millets,13-09-2023,Field_84,0.5189258153512919,0.5479459622453993,-0.5189258153512919,4.5379938185215,0.3386563299225539,12.2549776622227,16.54263508,8.785054091,20.03124453,58.80908914
0.643179296,0.722635874,-0.643179296,1.083818249,Millets,28-09-2023,Field_84,0.6487530843972764,0.6697925721177654,-0.6487530843972764,6.323427185416222,0.37115335453250664,16.026407496134425,9.179168022,10.84063543,26.19860722,43.91120387
0.624714037,0.660012413,-0.624714037,0.989892564,Millets,13-10-2023,Field_84,0.5189258153512919,0.5479459622453993,-0.5189258153512919,4.5379938185215,0.3386563299225539,12.2549776622227,8.662681064,12.42311783,29.54891876,41.78293454
0.527055758,0.544587688,-0.527055758,0.816774566,Millets,28-10-2023,Field_84,0.6487530843972764,0.6697925721177654,-0.6487530843972764,6.323427185416222,0.37115335453250664,16.026407496134425,7.861138464,18.58879453,18.91051837,38.85134787
0.543857013,0.553863745,-0.543857013,0.830666951,Millets,11-12-2023,Field_84,0.5399075888322046,0.5694003743974587,-0.5399075888322046,5.441112905740738,0.3258117657448833,12.225904083251976,15.39488629,17.63611384,14.82543739,52.70596387
0.391571676,0.396473387,-0.391571676,0.594634001,Millets,27-11-2023,Field_84,0.6487530843972764,0.6697925721177654,-0.6487530843972764,9.147111400961876,0.37115335453250664,15.984213720049183,14.33462982,27.01987665,27.23244477,48.41812714
0.483918118,0.497277849,-0.483918118,0.745807301,Millets,12-12-2023,Field_84,0.5189258153512919,0.5479459622453993,-0.5189258153512919,4.989553362131119,0.3386563299225539,12.172336560203917,7.53939249,21.2747604,13.00557387,37.70375167
0.437383769,0.448249148,-0.437383769,0.672271882,Millets,27-12-2023,Field_84,0.6487530843972764,0.6697925721177654,-0.6487530843972764,9.147111400961876,0.37115335453250664,15.984213720049183,14.23302583,24.15173161,5.067288419,49.64918489
0.303457212,0.301425369,-0.303457212,0.452070137,Oil Palm,01-01-2023,Field_88,0.2992345255898614,0.29940066607072097,-0.2992345255898614,0.9774030968546867,0.18066616212142228,22.917760013398663,6.21383671,32.49009973,20.60931593,32.96730915
0.4463687837123871,0.389361585,-0.4463687837123871,0.583937322,Oil Palm,16-01-2023,Field_88,0.438433676882754,0.3865274420709936,-0.438433676882754,0.29285508394241333,0.2128729286448018,21.551068605695548,6.663528451,24.29432893,15.00731817,34.12533805
0.430030533,0.360467893,-0.430030533,0.5406100749969482,Oil Palm,31-01-2023,Field_88,0.4664420937089159,0.3919868884333716,-0.4664420937089159,0.5727385357022285,0.21616603509078608,22.64088401794436,6.443386469,25.42371886,17.00112555,33.26985724
0.394312866,0.319515354,-0.394312866,0.479197333,Oil Palm,15-02-2023,Field_88,0.438433676882754,0.3865274420709936,-0.438433676882754,0.3253415413200855,0.2128729286448018,21.323574411301422,6.162093937,27.66586218,22.54911929,32.24745335
0.383447892,0.306599326,-0.383447892,0.459832073,Oil Palm,03-02-2023,Field_88,0.5065228443131315,0.4525163712924725,-0.5065228443131315,0.8874120265245438,0.24744000615374526,22.43871627989273,6.071779278,28.35258501,21.58616563,31.91360718
0.444054977,0.345393218,-0.444054977,0.518013798,Oil Palm,17-03-2023,Field_88,0.438433676882754,0.3865274420709936,-0.438433676882754,0.26036862656474113,0.2128729286448018,21.720274725414527,10.33256148,24.86152526,26.74159049,43.41043461
0.49748785,0.454999097,-0.49748785,0.682195919,Oil Palm,04-01-2023,Field_88,0.5065228443131315,0.4525163712924725,-0.5065228443131315,0.8505652956664562,0.24744000615374526,22.17787836165661,7.130154191,21.01361816,19.48385123,35.85716505
0.516770333,0.459367743,-0.516770333,0.688958019,Oil Palm,16-04-2023,Field_88,0.438433676882754,0.3865274420709936,-0.438433676882754,0.29285508394241333,0.2128729286448018,21.551068605695548,7.123568747,19.98435385,23.82283493,35.73197274
0.504799138,0.447777166,-0.504799138,0.671572964,Oil Palm,05-01-2023,Field_88,0.5065228443131315,0.4525163712924725,-0.5065228443131315,0.8151564486324787,0.24744000615374526,21.92234341757643,14.44658237,20.71402852,24.12691472,48.68937715
0.432598033,0.405871977,-0.432598033,0.608722953,Oil Palm,16-05-2023,Field_88,0.438433676882754,0.3865274420709936,-0.438433676882754,0.29285508394241333,0.2128729286448018,21.551068605695548,6.843216992,24.82890491,22.05124265,34.98081886
0.434981197,0.390377206,-0.434981197,0.58549236,Oil Palm,31-05-2023,Field_88,0.4664420937089159,0.3919868884333716,-0.4664420937089159,0.5727385357022285,0.21616603509078608,22.64088401794436,6.699278004,24.86545628,33.99616752,34.3444246
0.427640892,0.37883603,-0.427640892,0.56818343,Oil Palm,15-06-2023,Field_88,0.438433676882754,0.3865274420709936,-0.438433676882754,0.3253415413200855,0.2128729286448018,21.323574411301422,6.613667233,25.35815293,44.53928683,34.01057843
0.550523729,0.561316821,-0.550523729,0.841864967,Oil Palm,28-09-2023,Field_88,0.4664420937089159,0.3919868884333716,-0.4664420937089159,0.36457956582307816,0.21616603509078608,22.4343722933815,22.92581178,17.21956483,29.0539513,57.06682945
0.454711205,0.480760412,-0.454711205,0.721011986,Oil Palm,13-10-2023,Field_88,0.438433676882754,0.3865274420709936,-0.438433676882754,0.396787840873003,0.2128729286448018,21.19899389176146,7.460367163,22.93488354,35.45953777,37.52639589
0.541272237,0.520923875,-0.541272237,0.781279414,Oil Palm,28-10-2023,Field_88,0.4664420937089159,0.3919868884333716,-0.4664420937089159,0.36457956582307816,0.21616603509078608,22.4343722933815,7.616536262,18.10451454,38.63431696,37.72461705
0.456123895,0.441833365,-0.456123895,0.662646928,Oil Palm,12-12-2023,Field_88,0.438433676882754,0.3865274420709936,-0.438433676882754,0.4672957994043827,0.2128729286448018,21.141580654325992,7.109457081,23.26030247,24.44541085,36.00322275
0.727101182,0.821338366,-0.727101182,1.231815361,Oil Palm,01-01-2023,Field_89,0.7271059778375707,0.8213430336018328,-0.7271059778375707,27.632282614707947,0.4872800612921577,17.554252061389718,9.864054188,5.547181026,16.23195301,44.06769426
0.739793325,0.83211895,-0.739793325,1.247979099,Oil Palm,16-01-2023,Field_89,0.7397946969078139,0.832119341652795,-0.7397946969078139,15.09657222032547,0.487661307806957,17.68517156328477,16.79570428,4.788964009,22.56616483,58.35005066
0.735067671,0.826227377,-0.735067671,1.239134117,Oil Palm,31-01-2023,Field_89,0.7350685295295216,0.8262269633240878,-0.7350685295295216,14.64196820743382,0.4710330046786144,18.084504972185414,17.1240357,5.090446412,22.90450628,58.52740644
0.65735494,0.712363408,-0.65735494,1.068364027,Oil Palm,15-02-2023,Field_89,0.7397946969078139,0.832119341652795,-0.7397946969078139,16.900847613811493,0.487661307806957,17.67172475542344,9.054044588,10.2216765,24.9137438,43.29567499
0.646127146,0.680401179,-0.646127146,1.02043141,Oil Palm,03-02-2023,Field_89,0.7271059778375707,0.8213430336018328,-0.7271059778375707,17.207130074501038,0.4872800612921577,17.45908458346412,8.794389942,11.12144299,23.21626636,42.23154033
0.608653638,0.611201945,-0.608653638,0.916644382,Oil Palm,17-03-2023,Field_89,0.7397946969078139,0.832119341652795,-0.7397946969078139,15.121625807136297,0.487661307806957,17.732656142825192,15.34126196,13.74172715,32.34816864,53.87442546
0.631199207,0.713009898,-0.631199207,1.069366954,Oil Palm,04-01-2023,Field_89,0.7271059778375707,0.8213430336018328,-0.7271059778375707,16.138373017311096,0.4872800612921577,17.408695883977998,2.043369165,11.55070006,17.25567439,43.7234154
0.614713466,0.658235789,-0.614713466,0.987198745,Oil Palm,16-04-2023,Field_89,0.7397946969078139,0.832119341652795,-0.7397946969078139,15.09657222032547,0.487661307806957,17.68517156328477,8.670207286,12.95193512,24.28456869,41.86639608
0.623307577,0.707148451,-0.623307577,1.060566565,Oil Palm,14-08-2023,Field_89,0.7397946969078139,0.832119341652795,-0.7397946969078139,17.987886033952236,0.487661307806957,17.63829056876051,16.34224943,12.01354339,44.11388436,57.90144487
0.573172476,0.615161626,-0.573172476,0.922583495,Oil Palm,28-09-2023,Field_89,0.7350685295295216,0.8262269633240878,-0.7350685295295216,12.30661897920072,0.4710330046786144,17.8938449496315,15.04868009,15.51311059,27.47612224,54.41692549
0.573172476,0.615161626,-0.573172476,0.922583495,Oil Palm,13-10-2023,Field_89,0.7397946969078139,0.832119341652795,-0.7397946969078139,17.874196223914623,0.487661307806957,17.661239287966794,15.23683563,15.51311059,30.05700624,54.52125241
0.677960268,0.786473892,-0.677960268,1.179542149,Oil Palm,27-12-2023,Field_89,0.7350685295295216,0.8262269633240878,-0.7350685295295216,11.913700541481376,0.4710330046786144,17.836444700331924,9.668372426,8.412597373,18.83226776123047,44.45370389
0.534677599,0.414156416,-0.534677599,0.621146144,Oil Palm,01-01-2023,Field_90,0.5213700580627157,0.4086243947177066,-0.5213700580627157,0.20328146126121283,0.2515217035192264,24.354579907371885,6.677640117,19.53166821,19.74768621,33.69759765
0.487652383,0.352531615,-0.487652383,0.528727376,Oil Palm,16-01-2023,Field_90,0.48764055238315607,0.3525155836448417,-0.48764055238315607,0.010905942879617214,0.22925570703602777,23.247648311796695,13.70524954,22.5623476,17.27280577,44.8710116
0.523486009,0.368454734,-0.523486009,0.552610392,Oil Palm,31-01-2023,Field_90,0.523475083612381,0.3684387078335125,-0.523475083612381,0.06640290468931198,0.24271941267285402,25.079174568539656,13.27719568,20.56990521,20.3416472,44.69365582
0.495367156,0.343234039,-0.495367156,0.514789991,Oil Palm,15-02-2023,Field_90,0.24298332929563715,0.21912375432671047,-0.24298332929563715,0.01635891431942582,0.15220106421540752,23.16755111331031,6.135752161,22.26335254,19.66441251,31.57976101
0.502908641,0.331831966,-0.502908641,0.497692454,Oil Palm,03-02-2023,Field_90,0.5213700580627157,0.4086243947177066,-0.5213700580627157,0.21418740414083004,0.2515217035192264,24.129227347601045,6.016273393,21.99469931,22.54286014,31.0163956
0.394937491,0.275853446,-0.394937491,0.413732235,Oil Palm,17-03-2023,Field_90,0.5083170902239529,0.35408997987496527,-0.5083170902239529,0.005452971439808607,0.22788366049287237,23.478738267081155,13.00625171,28.07987967,32.02607074,42.98269421
0.477610881,0.294314734,-0.477610881,0.441424669,Oil Palm,04-01-2023,Field_90,0.5213700580627157,0.4086243947177066,-0.5213700580627157,0.21964037558063865,0.2515217035192264,23.945427422296405,5.740625527,23.66967227,22.69645257,29.97312633
0.467010124,0.262876035,-0.467010124,0.394271934,Oil Palm,16-04-2023,Field_90,0.48764055238315607,0.3525155836448417,-0.48764055238315607,0.010905942879617214,0.22925570703602777,23.247648311796695,5.484733993,24.53207269,38.2964112,28.91942436
0.467543545,0.236571071,-0.467543545,0.354818967,Oil Palm,05-01-2023,Field_90,0.5213700580627157,0.4086243947177066,-0.5213700580627157,0.21964037558063865,0.2515217035192264,23.72028217315676,12.141676902770996,24.77348318,18.63666135,39.84245369
0.46022429,0.267962817,-0.46022429,0.401901876,Oil Palm,16-05-2023,Field_90,0.48764055238315607,0.3525155836448417,-0.48764055238315607,0.010905942879617214,0.22925570703602777,23.247648311796695,5.545884543,24.82663639,25.63467713,29.22197245
0.449513737,0.255494761,-0.449513737,0.383201755,Oil Palm,31-05-2023,Field_90,0.523475083612381,0.3684387078335125,-0.523475083612381,0.06640290468931198,0.24271941267285402,25.079174568539656,5.459332995,25.50089872,30.87468287,28.90899166
0.460120531,0.273513869,-0.460120531,0.410229058,Oil Palm,15-06-2023,Field_90,0.24298332929563715,0.21912375432671047,-0.24298332929563715,0.01635891431942582,0.15220106421540752,23.16755111331031,5.595745761,24.77524257,42.40038476,29.441059
0.338603656,0.246900618,-0.338603656,0.370316761,Oil Palm,14-08-2023,Field_90,0.24298332929563715,0.21912375432671047,-0.24298332929563715,0.02181188575923443,0.15220106421540752,23.15126489911762,12.92816716,31.25222311,44.66552102,42.70101151
0.562631525,0.403294264,-0.562631525,0.60487571,Oil Palm,13-10-2023,Field_90,0.24298332929563715,0.21912375432671047,-0.24298332929563715,0.027264857199043036,0.15220106421540752,23.14550965627035,6.514885575,18.21515235,38.3844643,32.84211684
0.496379601,0.338009404,-0.496379601,0.506959294,Oil Palm,28-10-2023,Field_90,0.523475083612381,0.3684387078335125,-0.523475083612381,0.0,0.24271941267285402,24.64256030491424,13.09750714,22.26501121,34.29333557,43.83817502
0.474224266,0.286447197,-0.474224266,0.429616693,Oil Palm,27-12-2023,Field_90,0.523475083612381,0.3684387078335125,-0.523475083612381,0.0,0.24271941267285402,24.546847416105777,5.678534199,23.92295776,12.63254021,29.7227417
-0.348642757,-0.094405244,0.348642757,-0.141383187,Turmeric,16-01-2023,Field_50,-0.34862942389346674,-0.09440629895752865,0.34862942389346674,,-0.008493632200179738,,6.701159559,69.83174242,22.31543856,46.94711746
-0.218958805,-0.057410897,0.218958805,-0.085967449,Turmeric,15-02-2023,Field_50,-0.34862942389346674,-0.09440629895752865,0.34862942389346674,,-0.008493632200179738,,6.701159559,62.83169446,19.00867283,45.34048278
-0.215547839,-0.075168538,0.215547839,-0.11263521015644073,Turmeric,03-02-2023,Field_50,-0.1018696985756814,-0.06039245124027147,0.1018696985756814,,-0.033401973399202034,,6.701159559,62.83887218,20.32691292,45.34048278
-0.13215629,-0.044862471,0.13215629,-0.067247958,Turmeric,04-01-2023,Field_50,-0.49140860317528784,-0.05400144320636924,0.49140860317528784,,-0.002829797897802312,,6.701159559,58.27102314,17.13160511,43.94250194
-0.009942951612174511,0.002380575053393841,0.009942951612174511,0.0035685570910573006,Turmeric,16-04-2023,Field_50,-0.34862942389346674,-0.09440629895752865,0.34862942389346674,,-0.008493632200179738,,6.701159559,51.5477887,35.10036638,41.87682878
-0.211681473,-0.076875929,0.211681473,-0.115255759,Turmeric,16-05-2023,Field_50,-0.34862942389346674,-0.09440629895752865,0.34862942389346674,,-0.008493632200179738,,6.701159559,62.65887601,37.32978784,45.28831931
-0.211681473,-0.076875929,0.211681473,-0.115255759,Turmeric,31-05-2023,Field_50,-0.45222884942846997,-0.1741103985772843,0.45222884942846997,,-0.022622653739268708,,6.701159559,62.65887601,31.99662756,45.28831931
-0.174111971,-0.047919997,0.174111971,-0.071827497,Turmeric,15-06-2023,Field_50,-0.34862942389346674,-0.09440629895752865,0.34862942389346674,,-0.008493632200179738,,6.701159559,60.44468972,43.13990665,44.61019428
-0.223823473,-0.048594008,0.223823473,-0.072813226,Turmeric,30-06-2023,Field_50,-0.45222884942846997,-0.1741103985772843,0.45222884942846997,,-0.022622653739268708,,6.701159559,62.9900599,36.1980803,45.38221355
-0.050416119,-0.003089362056925893,0.050416119,-0.004632521886378527,Turmeric,30-07-2023,Field_50,-0.45222884942846997,-0.1741103985772843,0.45222884942846997,,-0.022622653739268708,,6.701159559,53.67038924,37.98303444,42.53408842
-0.304737097,-0.159399379,0.304737097,-0.238786212,Turmeric,14-08-2023,Field_50,-0.34862942389346674,-0.09440629895752865,0.34862942389346674,,-0.008493632200179738,,6.701159559,68.25350445,36.00908894,46.94711746
-0.304737097,-0.159399379,0.304737097,-0.238786212,Turmeric,29-08-2023,Field_50,-0.45222884942846997,-0.1741103985772843,0.45222884942846997,,-0.022622653739268708,,6.701159559,68.25350445,36.55552508,46.94711746
-0.1131376326084137,-0.0694163367152214,0.1131376326084137,-0.104034844,Turmeric,28-09-2023,Field_50,-0.45222884942846997,-0.1741103985772843,0.45222884942846997,,-0.022622653739268708,,6.701159559,57.5506128,24.9644859,43.7234154
-0.652393131,-0.355377668,0.652393131,-0.532372705,Cashew Nut,01-01-2023,Field_62,-0.604734222869151,-0.2866425847679964,0.604734222869151,4.385188698768616,-0.015505181554132148,,6.701159559,88.00784263,18.51870243,46.94711746
-0.457545011,-0.162922899,0.457545011,-0.244033598,Cashew Nut,16-01-2023,Field_62,-0.4575405476825278,-0.16292051487645134,0.4575405476825278,2.7264317441731687,-0.01594851879833837,,6.701159559,76.09252969,15.49754019,46.94711746
-0.40986601,-0.185423644,0.40986601,-0.277867395,Cashew Nut,31-01-2023,Field_62,-0.40986475156789126,-0.18542456849335853,0.40986475156789126,40.809982078149915,-0.026262564361213006,,6.701159559,73.88762878,20.22209675,46.94711746
-0.236973823,-0.082664601,0.236973823,-0.123929989,Cashew Nut,15-02-2023,Field_62,-0.4575405476825278,-0.16292051487645134,0.4575405476825278,2.6756702661514282,-0.01594851879833837,,6.701159559,64.00953292,20.12736402,45.69519433
-0.185052826,-0.097918613,0.185052826,-0.146817936,Cashew Nut,03-02-2023,Field_62,-0.604734222869151,-0.2866425847679964,0.604734222869151,0.0,-0.015505181554132148,,6.701159559,61.51400715,20.16440997,44.93360776
0.056475336,0.03150096908211708,-0.056475336,0.047240657,Cashew Nut,17-03-2023,Field_62,-0.4575405476825278,-0.16292051487645134,0.4575405476825278,2.8476129528135066,-0.01594851879833837,,6.701159559,47.85877767,33.20838775,40.75009796
-1.0,-1.0,1.0,-1.495781357,Cashew Nut,04-01-2023,Field_62,-0.604734222869151,-0.2866425847679964,0.604734222869151,0.0,-0.015505181554132148,,6.701159559,102.1287412,15.87519134,46.94711746
-0.055575202,0.012025322765111923,0.055575202,0.018067024648189545,Cashew Nut,16-04-2023,Field_62,-0.4575405476825278,-0.16292051487645134,0.4575405476825278,2.7264317441731687,-0.01594851879833837,,6.701159559,53.77947021,32.24557784,42.5653865
-0.513126714,-0.28433936834335327,0.513126714,-0.425956287,Cashew Nut,13-10-2023,Field_62,-0.604734222869151,-0.2866425847679964,0.604734222869151,2.6756702661514282,-0.015505181554132148,,6.701159559,80.17078549,33.43313733,46.94711746
-0.471050897,-0.251184244,0.471050897,-0.376473781,Cashew Nut,11-12-2023,Field_62,-0.604734222869151,-0.2866425847679964,0.604734222869151,2.6756702661514282,-0.015505181554132148,,6.701159559,77.68360126,17.4053298,46.94711746
-0.761003527,-0.332734804,0.761003527,-0.496891999,Cashew Nut,27-11-2023,Field_62,-0.40986475156789126,-0.18542456849335853,0.40986475156789126,39.549020394682884,-0.026262564361213006,,6.701159559,93.32271542,34.88458444,46.94711746
-0.454348812,-0.185619025,0.454348812,-0.278018142,Cashew Nut,27-12-2023,Field_62,-0.40986475156789126,-0.18542456849335853,0.40986475156789126,39.549020394682884,-0.026262564361213006,,6.701159559,76.16111049,22.26802669,46.94711746
-0.643862644,-0.313477202,0.643862644,-0.469330519,Rubber,01-01-2023,Field_67,-0.6003962702779907,-0.2860119158547474,0.6003962702779907,3.4004480838775635,-0.013372405686469706,,6.701159559,87.14431446,17.39407921,46.94711746
-0.4264379143714905,-0.165444874,0.4264379143714905,-0.247859573,Rubber,16-01-2023,Field_67,-0.4264454884893684,-0.16544453487295882,0.4264454884893684,2.9416706189513206,-0.018549546554900386,,6.701159559,74.52982123,23.22550551,46.94711746
-0.351896971,-0.140344757,0.351896971,-0.210312442,Rubber,31-01-2023,Field_67,-0.3519045657730243,-0.14034831284892096,0.3519045657730243,43.422612980008125,-0.019682955465219684,,6.701159559,70.46709131,20.690673,46.94711746
-0.184058961,-0.040341798,0.184058961,-0.060478052,Rubber,15-02-2023,Field_67,-0.4264454884893684,-0.16544453487295882,0.4264454884893684,2.8946309089660645,-0.018549546554900386,,6.701159559,60.8752313,21.33142399,44.7353866
-0.199027294,-0.115571339,0.199027294,-0.17327545583248138,Rubber,03-02-2023,Field_67,-0.6003962702779907,-0.2860119158547474,0.6003962702779907,0.0,-0.013372405686469706,,6.701159559,62.40788964,17.62184237,45.20485777
-0.021522900089621544,0.019934091,0.021522900089621544,0.029895193,Rubber,17-03-2023,Field_67,-0.4264454884893684,-0.16544453487295882,0.4264454884893684,3.0827897414565086,-0.018549546554900386,,6.701159559,51.95983961,27.00106366,42.00202109
-0.06334031373262405,-0.007321659941226244,0.06334031373262405,-0.010961206629872322,Rubber,04-01-2023,Field_67,-0.6003962702779907,-0.2860119158547474,0.6003962702779907,0.0,-0.013372405686469706,,6.701159559,54.37357905,15.41499623,42.74274228
0.038039203,0.052594827,-0.038039203,0.078882823,Rubber,16-04-2023,Field_67,-0.4264454884893684,-0.16544453487295882,0.4264454884893684,2.9416706189513206,-0.018549546554900386,,6.701159559,48.58477831,38.30422719,40.96918451
-0.693769452,-0.524735836,0.693769452,-0.785914668,Rubber,13-10-2023,Field_67,-0.6003962702779907,-0.2860119158547474,0.6003962702779907,2.8946309089660645,-0.013372405686469706,,6.701159559,91.85033209,35.31503213,46.94711746
-0.457596238,-0.23492494225502014,0.457596238,-0.352076575,Rubber,11-12-2023,Field_67,-0.6003962702779907,-0.2860119158547474,0.6003962702779907,2.8946309089660645,-0.013372405686469706,,6.701159559,76.83049334,15.00075916,46.94711746
-0.605033275,-0.210132641,0.605033275,-0.313884347,Rubber,27-11-2023,Field_67,-0.3519045657730243,-0.14034831284892096,0.3519045657730243,42.338878475129604,-0.019682955465219684,,6.701159559,84.1060722,28.24436788,46.94711746
-0.38900263,-0.150091606,0.38900263,-0.224793478,Rubber,27-12-2023,Field_67,-0.3519045657730243,-0.14034831284892096,0.3519045657730243,42.338878475129604,-0.019682955465219684,,6.701159559,72.46141175,15.78883775,46.94711746
-0.630167676,-0.302413581,0.630167676,-0.45289334654808044,Coconut,01-01-2023,Field_85,-0.5615153694108159,-0.2562902245853393,0.5615153694108159,3.4004480838775635,-0.013143394381714007,,6.701159559,86.33199821,24.08984983,46.94711746
-0.407134608,-0.14480064,0.407134608,-0.216896684,Coconut,16-01-2023,Field_85,-0.4071275902263747,-0.14480104344389638,0.4071275902263747,2.9416706189513206,-0.014493374447560927,,6.701159559,73.33327383,18.23413977,46.94711746
-0.339384635,-0.135597448,0.339384635,-0.203195103,Coconut,31-01-2023,Field_85,-0.33937948269988194,-0.13559667327201025,0.33937948269988194,43.422612980008125,-0.01874712193390352,,6.701159559,69.77967307,18.01607391,46.94711746
-0.176904125,-0.04023950546979904,0.176904125,-0.060324331,Coconut,15-02-2023,Field_85,-0.4071275902263747,-0.14480104344389638,0.4071275902263747,2.8946309089660645,-0.014493374447560927,,6.701159559,60.5088294,20.94377754,44.62062697
-0.197952686,-0.116682616,0.197952686,-0.174944535,Coconut,03-02-2023,Field_85,-0.5615153694108159,-0.2562902245853393,0.5615153694108159,0.0,-0.013143394381714007,,6.701159559,62.36436482,23.4715933,45.19442508
-0.0010837640147656202,0.026570766,0.0010837640147656202,0.03984320908784866,Coconut,17-03-2023,Field_85,-0.4071275902263747,-0.14480104344389638,0.4071275902263747,3.0827897414565086,-0.014493374447560927,,6.701159559,50.84834846,26.56335144,41.66817492
-0.035109661519527435,-0.0016923450166359544,0.035109661519527435,-0.0025379869621247053,Coconut,04-01-2023,Field_85,-0.5615153694108159,-0.2562902245853393,0.5615153694108159,0.0,-0.013143394381714007,,6.701159559,52.87450703,23.56083267,42.28370379
0.073611749,0.0019555899780243635,-0.073611749,0.002938383026048541,Coconut,16-04-2023,Field_85,-0.4071275902263747,-0.14480104344389638,0.4071275902263747,2.9416706189513206,-0.014493374447560927,,6.701159559,47.2854608,35.00517127,40.57274218
-0.578320008,-0.352513099,0.578320008,-0.528017762,Coconut,13-10-2023,Field_85,-0.5615153694108159,-0.2562902245853393,0.5615153694108159,2.8946309089660645,-0.013143394381714007,,6.701159559,84.19608973,25.79888269,46.94711746
-0.453306065,-0.234013263,0.453306065,-0.350720145,Coconut,11-12-2023,Field_85,-0.5615153694108159,-0.2562902245853393,0.5615153694108159,2.8946309089660645,-0.013143394381714007,,6.701159559,76.6021075,18.10002519,46.94711746
-0.578668325,-0.18844467401504517,0.578668325,-0.281553557,Coconut,27-11-2023,Field_85,-0.33937948269988194,-0.13559667327201025,0.33937948269988194,42.338878475129604,-0.01874712193390352,,6.701159559,82.53826612,39.28893725,46.94711746
-0.404804679,-0.146819312,0.404804679,-0.219849955,Coconut,27-12-2023,Field_85,-0.33937948269988194,-0.13559667327201025,0.33937948269988194,42.338878475129604,-0.01874712193390352,,6.701159559,73.23491393,19.75252006,46.94711746
-0.368302027,-0.132738559,0.368302027,-0.198851589,Coconut,16-01-2023,Field_86,-0.39488647843407926,-0.05785769442370951,0.39488647843407926,1.8949875831604004,-0.0030009049798593768,,6.701159559,71.227124,24.33056132,46.94711746
-0.368302027,-0.132738559,0.368302027,-0.198851589,Coconut,31-01-2023,Field_86,-0.3682944127454713,-0.13273677001590062,0.3682944127454713,114.0168774407357,-0.014408051939024407,,6.701159559,71.227124,21.85185077,46.94711746
-0.300246141,-0.130650203,0.300246141,-0.195765224,Coconut,15-02-2023,Field_86,-0.39488647843407926,-0.05785769442370951,0.39488647843407926,0.0,-0.0030009049798593768,,6.701159559,67.73056492,21.60943679,46.84279053
-0.271762631,-0.07545558363199234,0.271762631,-0.113060954,Coconut,03-02-2023,Field_86,-0.7245160631639916,-0.7007894330887467,0.7245160631639916,0.0,-0.07182416130761134,,6.701159559,65.71237665,24.09932031,46.21682897
-0.268442105,-0.070223682,0.268442105,-0.105097898,Coconut,04-01-2023,Field_86,-0.4767234322886581,-0.4024615191734761,0.4767234322886581,0.0,-0.08517583234788717,,6.701159559,65.48938337,17.37680771,46.15423281
-0.151997122,-0.072289832,0.151997122,-0.108362286,Coconut,16-04-2023,Field_86,-0.39488647843407926,-0.05785769442370951,0.39488647843407926,1.8949875831604004,-0.0030009049798593768,,6.701159559,59.56429492,32.19990791,44.33894427
-0.160241275,-0.077672068,0.160241275,-0.116419932,Coconut,16-05-2023,Field_86,-0.39488647843407926,-0.05785769442370951,0.39488647843407926,1.8949875831604004,-0.0030009049798593768,,6.701159559,60.04024554,25.98460789,44.48500197
-0.086956528,-0.042415011,0.086956528,-0.06358751654624939,Coconut,31-05-2023,Field_86,-0.3682944127454713,-0.13273677001590062,0.3682944127454713,114.0168774407357,-0.014408051939024407,,6.701159559,55.93793015,31.10780011,43.22264614
-0.27254529,-0.101258413,0.27254529,-0.151782855,Coconut,15-06-2023,Field_86,-0.39488647843407926,-0.05785769442370951,0.39488647843407926,0.0,-0.0030009049798593768,,6.701159559,66.01586372,38.73352141,46.3107232
-0.399600628,-0.14402648,0.399600628,-0.215849228,Coconut,30-06-2023,Field_86,-0.3682944127454713,-0.13273677001590062,0.3682944127454713,111.08253386430442,-0.014408051939024407,,6.701159559,72.9406495,43.27351799,46.94711746
-0.07219993323087692,-0.020855411,0.07219993323087692,-0.031265133,Coconut,30-07-2023,Field_86,-0.3682944127454713,-0.13273677001590062,0.3682944127454713,111.08253386430442,-0.014408051939024407,,6.701159559,54.96420829,38.29371969,42.93053075
-0.06562087684869766,-0.006283685099333525,0.06562087684869766,-0.009430020116269588,Coconut,13-09-2023,Field_86,-0.6516875591424874,-0.2767397356640075,0.6516875591424874,0.0,-0.010946410633244875,,6.701159559,54.47943403,27.38459041,42.77404035
-0.206118308,-0.09036524593830109,0.206118308,-0.135412218,Coconut,28-09-2023,Field_86,-0.3682944127454713,-0.13273677001590062,0.3682944127454713,112.82041871547699,-0.014408051939024407,,6.701159559,62.51256116,28.31472291,45.23615585
-0.526132247,-0.235094933,0.526132247,-0.352390634,Coconut,13-10-2023,Field_86,-0.6516875591424874,-0.2767397356640075,0.6516875591424874,0.0,-0.010946410633244875,,6.701159559,80.3319776,29.43894688,46.94711746
-0.405669895,-0.199627334,0.405669895,-0.298901093,Coconut,01-01-2023,Field_87,-0.42577620084391554,-0.15223579224560932,0.42577620084391554,,-0.008677197464372073,,6.701159559,73.8184173,23.75003549,46.94711746
-0.357239161,-0.138280306,0.357239161,-0.207072671,Coconut,16-01-2023,Field_87,-0.357239012017087,-0.13828055574172216,0.357239012017087,,-0.011669923588738435,,6.701159559,70.71880287,21.12056653,46.94711746
-0.313407952,-0.144624946,0.313407952,-0.216673277,Coconut,31-01-2023,Field_87,-0.14578350255738237,-0.08193602739628603,0.14578350255738237,,-0.031910375760854336,,6.701159559,68.5453868,19.28961547,46.94711746
-0.28669266,-0.141478891,0.28669266,-0.21198584139347076,Coconut,15-02-2023,Field_87,-0.357239012017087,-0.13828055574172216,0.357239012017087,,-0.011669923588738435,,6.701159559,67.14905698,19.48128366,46.65500206
-0.292623088,-0.125454071,0.292623088,-0.187888309,Coconut,03-02-2023,Field_87,-0.42577620084391554,-0.15223579224560932,0.42577620084391554,,-0.008677197464372073,,6.701159559,67.28823105,17.90669822692871,46.70716553
-0.238377424,-0.135338804,0.238377424,-0.202812514,Coconut,17-03-2023,Field_87,-0.357239012017087,-0.13828055574172216,0.357239012017087,,-0.011669923588738435,,6.701159559,64.61916191,21.82524585,45.8829828
-0.043236184,-0.008603867143392563,0.043236184,-0.012905564159154892,Coconut,04-01-2023,Field_87,-0.42577620084391554,-0.15223579224560932,0.42577620084391554,,-0.008677197464372073,,6.701159559,53.36006934,23.10398175,42.42976149
-0.189318259,-0.116326992,0.189318259,-0.174268086,Coconut,16-04-2023,Field_87,-0.357239012017087,-0.13828055574172216,0.357239012017087,,-0.011669923588738435,,6.701159559,61.91982128,25.26804617,45.05880007
-0.239316503,-0.11627209186553955,0.239316503,-0.174202771,Coconut,05-01-2023,Field_87,-0.42577620084391554,-0.15223579224560932,0.42577620084391554,,-0.008677197464372073,,6.701159559,64.47238942,22.74409367,45.84125203
-0.346740108,-0.193417394,0.346740108,-0.289777018,Coconut,13-10-2023,Field_87,-0.42577620084391554,-0.15223579224560932,0.42577620084391554,,-0.008677197464372073,,6.701159559,70.74578348,31.79267592,46.94711746
-0.497254088,-0.229424354,0.497254088,-0.343576583,Coconut,27-11-2023,Field_87,-0.31340827588398784,-0.14462513807347668,0.31340827588398784,,-0.016458142209128772,,6.701159559,78.79941972,42.430097,46.94711746
-0.480714446,-0.240275457,0.480714446,-0.359544611,Coconut,12-12-2023,Field_87,-0.42577620084391554,-0.15223579224560932,0.42577620084391554,,-0.008677197464372073,,6.701159559,78.06565422,18.63343834,46.94711746
-0.541242059,-0.151400726,0.541242059,-0.225677021,Coconut,27-12-2023,Field_87,-0.31340827588398784,-0.14462513807347668,0.31340827588398784,,-0.016458142209128772,,6.701159559,80.24879224,17.02412871,46.94711746
